solid OpenSCAD_Model
  facet normal -0.147015 0.707107 -0.691655
    outer loop
      vertex 21.6989 3.24 6.09382
      vertex 15.9155 2.24 6.30077
      vertex 16.1234 3.24 7.27892
    endloop
  endfacet
  facet normal -0.147016 0.707114 -0.691647
    outer loop
      vertex 15.9155 2.24 6.30077
      vertex 21.6989 3.24 6.09382
      vertex 21.4909 2.24 5.11567
    endloop
  endfacet
  facet normal -0.97815 0 0.2079
    outer loop
      vertex 15.9155 2.24 6.30077
      vertex 16.1234 2.24 7.27892
      vertex 16.1234 3.24 7.27892
    endloop
  endfacet
  facet normal 0.20791 0 0.978148
    outer loop
      vertex 16.1234 3.24 7.27892
      vertex 21.6989 2.24 6.09382
      vertex 21.6989 3.24 6.09382
    endloop
  endfacet
  facet normal 0.20791 0 0.978148
    outer loop
      vertex 21.6989 2.24 6.09382
      vertex 16.1234 3.24 7.27892
      vertex 16.1234 2.24 7.27892
    endloop
  endfacet
  facet normal 0.97813 0 -0.207996
    outer loop
      vertex 21.6989 2.24 6.09382
      vertex 21.4909 2.24 5.11567
      vertex 21.6989 3.24 6.09382
    endloop
  endfacet
  facet normal -0.147015 -0.707107 -0.691655
    outer loop
      vertex 15.9155 12.34 6.30077
      vertex 21.6989 11.34 6.09382
      vertex 16.1234 11.34 7.27892
    endloop
  endfacet
  facet normal -0.147016 -0.707114 -0.691647
    outer loop
      vertex 21.6989 11.34 6.09382
      vertex 15.9155 12.34 6.30077
      vertex 21.4909 12.34 5.11567
    endloop
  endfacet
  facet normal 0.20791 0 0.978148
    outer loop
      vertex 16.1234 12.34 7.27892
      vertex 21.6989 11.34 6.09382
      vertex 21.6989 12.34 6.09382
    endloop
  endfacet
  facet normal 0.20791 0 0.978148
    outer loop
      vertex 21.6989 11.34 6.09382
      vertex 16.1234 12.34 7.27892
      vertex 16.1234 11.34 7.27892
    endloop
  endfacet
  facet normal 0.97813 0 -0.207996
    outer loop
      vertex 21.6989 11.34 6.09382
      vertex 21.4909 12.34 5.11567
      vertex 21.6989 12.34 6.09382
    endloop
  endfacet
  facet normal -0.97815 0 0.2079
    outer loop
      vertex 16.1234 12.34 7.27892
      vertex 15.9155 12.34 6.30077
      vertex 16.1234 11.34 7.27892
    endloop
  endfacet
  facet normal -0.888218 0 0.459423
    outer loop
      vertex 29.3925 -3.28 28.05
      vertex 30.1425 -4.87271 29.5
      vertex 30.1425 -3.28 29.5
    endloop
  endfacet
  facet normal -0.888218 0 0.459423
    outer loop
      vertex 29.3925 -6.04 28.05
      vertex 30.1425 -4.87271 29.5
      vertex 29.3925 -3.28 28.05
    endloop
  endfacet
  facet normal -0.888205 -3.79115e-05 0.459447
    outer loop
      vertex 30.1425 -4.87271 29.5
      vertex 29.3925 -6.04 28.05
      vertex 29.963 -5.96001 29.1529
    endloop
  endfacet
  facet normal -0.888233 0.000897482 0.459393
    outer loop
      vertex 29.963 -5.96001 29.1529
      vertex 29.3925 -6.04 28.05
      vertex 29.9443 -6.04 29.1169
    endloop
  endfacet
  facet normal 0 1 -0
    outer loop
      vertex 30.3583 -3.28 28
      vertex 30.1425 -3.28 29.5
      vertex 30.3583 -3.28 29.5
    endloop
  endfacet
  facet normal 0 1 0
    outer loop
      vertex 30.1425 -3.28 29.5
      vertex 30.3583 -3.28 28
      vertex 29.3925 -3.28 28.05
    endloop
  endfacet
  facet normal 0 1 0
    outer loop
      vertex 29.3925 -3.28 28.05
      vertex 30.3583 -3.28 28
      vertex 29.3925 -3.28 28
    endloop
  endfacet
  facet normal 0 0 -1
    outer loop
      vertex 29.3925 -6.04 28
      vertex 30.2886 -3.98756 28
      vertex 29.963 -5.96001 28
    endloop
  endfacet
  facet normal 0 0 -1
    outer loop
      vertex 29.3925 -6.04 28
      vertex 29.963 -5.96001 28
      vertex 29.9443 -6.04 28
    endloop
  endfacet
  facet normal -0 0 -1
    outer loop
      vertex 30.2886 -3.98756 28
      vertex 29.3925 -6.04 28
      vertex 29.3925 -3.28 28
    endloop
  endfacet
  facet normal 0 0 -1
    outer loop
      vertex 30.2886 -3.98756 28
      vertex 29.3925 -3.28 28
      vertex 30.3583 -3.28 28
    endloop
  endfacet
  facet normal -1 0 0
    outer loop
      vertex 29.3925 -6.04 28
      vertex 29.3925 -3.28 28.05
      vertex 29.3925 -3.28 28
    endloop
  endfacet
  facet normal -1 -0 0
    outer loop
      vertex 29.3925 -3.28 28.05
      vertex 29.3925 -6.04 28
      vertex 29.3925 -6.04 28.05
    endloop
  endfacet
  facet normal 0 -1 0
    outer loop
      vertex 29.9443 -6.04 28
      vertex 29.3925 -6.04 28.05
      vertex 29.3925 -6.04 28
    endloop
  endfacet
  facet normal 0 -1 0
    outer loop
      vertex 29.3925 -6.04 28.05
      vertex 29.9443 -6.04 28
      vertex 29.9443 -6.04 29.1169
    endloop
  endfacet
  facet normal -0 0 1
    outer loop
      vertex 30.3583 -3.28 29.5
      vertex 31.4784 -4.1442 29.5
      vertex 31.5733 -3.18 29.5
    endloop
  endfacet
  facet normal 0 0 1
    outer loop
      vertex 30.3583 -3.28 29.5
      vertex 31.5733 -3.18 29.5
      vertex 30.3682 -3.18 29.5
    endloop
  endfacet
  facet normal 0 0 1
    outer loop
      vertex 31.4784 -4.1442 29.5
      vertex 30.3583 -3.28 29.5
      vertex 30.1425 -4.87271 29.5
    endloop
  endfacet
  facet normal 0 0 1
    outer loop
      vertex 30.1425 -4.87271 29.5
      vertex 30.3583 -3.28 29.5
      vertex 30.1425 -3.28 29.5
    endloop
  endfacet
  facet normal 0 0 1
    outer loop
      vertex 31.4784 -4.1442 29.5
      vertex 30.1425 -4.87271 29.5
      vertex 31.1489 -6.14 29.5
    endloop
  endfacet
  facet normal -0 0 1
    outer loop
      vertex 29.963 -5.96001 29.5
      vertex 31.1489 -6.14 29.5
      vertex 30.1425 -4.87271 29.5
    endloop
  endfacet
  facet normal 0 0 1
    outer loop
      vertex 31.1489 -6.14 29.5
      vertex 29.963 -5.96001 29.5
      vertex 29.921 -6.14 29.5
    endloop
  endfacet
  facet normal 0 0 1
    outer loop
      vertex 31.682 2.07654 29.5
      vertex 30.4846 1.99806 29.5
      vertex 30.55 0 29.5
    endloop
  endfacet
  facet normal 0 0 1
    outer loop
      vertex 31.1399 6.19411 29.5
      vertex 30.2886 3.98756 29.5
      vertex 30.4846 1.99806 29.5
    endloop
  endfacet
  facet normal 0 0 1
    outer loop
      vertex 29.509 7.90692 29.5
      vertex 30.6681 8.2175 29.5
      vertex 30.065 10.2057 29.5
    endloop
  endfacet
  facet normal 0 0 1
    outer loop
      vertex 31.1399 6.19411 29.5
      vertex 29.963 5.96001 29.5
      vertex 30.2886 3.98756 29.5
    endloop
  endfacet
  facet normal 0 0 1
    outer loop
      vertex 30.6681 8.2175 29.5
      vertex 29.509 7.90692 29.5
      vertex 29.963 5.96001 29.5
    endloop
  endfacet
  facet normal 0 0 1
    outer loop
      vertex 28.9287 9.81996 29.5
      vertex 30.065 10.2057 29.5
      vertex 29.3332 12.1502 29.5
    endloop
  endfacet
  facet normal 0 0 1
    outer loop
      vertex 30.065 10.2057 29.5
      vertex 28.9287 9.81996 29.5
      vertex 29.509 7.90692 29.5
    endloop
  endfacet
  facet normal 0 0 1
    outer loop
      vertex 28.2245 11.691 29.5
      vertex 29.3332 12.1502 29.5
      vertex 28.4757 14.0427 29.5
    endloop
  endfacet
  facet normal 0 0 1
    outer loop
      vertex 29.3332 12.1502 29.5
      vertex 28.2245 11.691 29.5
      vertex 28.9287 9.81996 29.5
    endloop
  endfacet
  facet normal 0 0 1
    outer loop
      vertex 27.3995 13.5119 29.5
      vertex 28.4757 14.0427 29.5
      vertex 27.4963 15.875 29.5
    endloop
  endfacet
  facet normal 0 0 1
    outer loop
      vertex 28.4757 14.0427 29.5
      vertex 27.3995 13.5119 29.5
      vertex 28.2245 11.691 29.5
    endloop
  endfacet
  facet normal 0 0 1
    outer loop
      vertex 27.4963 15.875 29.5
      vertex 26.4571 15.275 29.5
      vertex 27.3995 13.5119 29.5
    endloop
  endfacet
  facet normal 0 0 1
    outer loop
      vertex 26.3992 17.6393 29.5
      vertex 26.4571 15.275 29.5
      vertex 27.4963 15.875 29.5
    endloop
  endfacet
  facet normal 0 0 1
    outer loop
      vertex 26.3992 17.6393 29.5
      vertex 25.4014 16.9727 29.5
      vertex 26.4571 15.275 29.5
    endloop
  endfacet
  facet normal 0 0 1
    outer loop
      vertex 25.189 19.3282 29.5
      vertex 25.4014 16.9727 29.5
      vertex 26.3992 17.6393 29.5
    endloop
  endfacet
  facet normal 0 0 1
    outer loop
      vertex 25.189 19.3282 29.5
      vertex 24.2369 18.5977 29.5
      vertex 25.4014 16.9727 29.5
    endloop
  endfacet
  facet normal 0 0 1
    outer loop
      vertex 23.8709 20.9342 29.5
      vertex 24.2369 18.5977 29.5
      vertex 25.189 19.3282 29.5
    endloop
  endfacet
  facet normal 0 0 1
    outer loop
      vertex 23.8709 20.9342 29.5
      vertex 22.9687 20.143 29.5
      vertex 24.2369 18.5977 29.5
    endloop
  endfacet
  facet normal 0 0 1
    outer loop
      vertex 22.4506 22.4506 29.5
      vertex 22.9687 20.143 29.5
      vertex 23.8709 20.9342 29.5
    endloop
  endfacet
  facet normal 0 0 1
    outer loop
      vertex 22.4506 22.4506 29.5
      vertex 21.6021 21.6021 29.5
      vertex 22.9687 20.143 29.5
    endloop
  endfacet
  facet normal 0 0 1
    outer loop
      vertex 20.9342 23.8709 29.5
      vertex 21.6021 21.6021 29.5
      vertex 22.4506 22.4506 29.5
    endloop
  endfacet
  facet normal 0 0 1
    outer loop
      vertex 20.9342 23.8709 29.5
      vertex 20.143 22.9687 29.5
      vertex 21.6021 21.6021 29.5
    endloop
  endfacet
  facet normal 0 0 1
    outer loop
      vertex 19.3282 25.189 29.5
      vertex 20.143 22.9687 29.5
      vertex 20.9342 23.8709 29.5
    endloop
  endfacet
  facet normal 0 0 1
    outer loop
      vertex 19.3282 25.189 29.5
      vertex 18.5977 24.2369 29.5
      vertex 20.143 22.9687 29.5
    endloop
  endfacet
  facet normal 0 0 1
    outer loop
      vertex 17.6393 26.3992 29.5
      vertex 18.5977 24.2369 29.5
      vertex 19.3282 25.189 29.5
    endloop
  endfacet
  facet normal 0 0 1
    outer loop
      vertex 17.6393 26.3992 29.5
      vertex 16.9727 25.4014 29.5
      vertex 18.5977 24.2369 29.5
    endloop
  endfacet
  facet normal 0 0 1
    outer loop
      vertex 15.875 27.4963 29.5
      vertex 16.9727 25.4014 29.5
      vertex 17.6393 26.3992 29.5
    endloop
  endfacet
  facet normal 0 0 1
    outer loop
      vertex 15.875 27.4963 29.5
      vertex 15.275 26.4571 29.5
      vertex 16.9727 25.4014 29.5
    endloop
  endfacet
  facet normal 0 0 1
    outer loop
      vertex 14.0427 28.4757 29.5
      vertex 15.275 26.4571 29.5
      vertex 15.875 27.4963 29.5
    endloop
  endfacet
  facet normal 0 0 1
    outer loop
      vertex 14.0427 28.4757 29.5
      vertex 13.5119 27.3995 29.5
      vertex 15.275 26.4571 29.5
    endloop
  endfacet
  facet normal 0 0 1
    outer loop
      vertex 12.1502 29.3332 29.5
      vertex 13.5119 27.3995 29.5
      vertex 14.0427 28.4757 29.5
    endloop
  endfacet
  facet normal 0 0 1
    outer loop
      vertex 12.1502 29.3332 29.5
      vertex 11.691 28.2245 29.5
      vertex 13.5119 27.3995 29.5
    endloop
  endfacet
  facet normal 0 0 1
    outer loop
      vertex 10.2057 30.065 29.5
      vertex 11.691 28.2245 29.5
      vertex 12.1502 29.3332 29.5
    endloop
  endfacet
  facet normal 0 0 1
    outer loop
      vertex 10.2057 30.065 29.5
      vertex 9.81996 28.9287 29.5
      vertex 11.691 28.2245 29.5
    endloop
  endfacet
  facet normal 0 0 1
    outer loop
      vertex 8.2175 30.6681 29.5
      vertex 9.81996 28.9287 29.5
      vertex 10.2057 30.065 29.5
    endloop
  endfacet
  facet normal 0 0 1
    outer loop
      vertex 8.2175 30.6681 29.5
      vertex 7.90692 29.509 29.5
      vertex 9.81996 28.9287 29.5
    endloop
  endfacet
  facet normal 0 0 1
    outer loop
      vertex 6.19411 31.1399 29.5
      vertex 7.90692 29.509 29.5
      vertex 8.2175 30.6681 29.5
    endloop
  endfacet
  facet normal 0 0 1
    outer loop
      vertex 6.19411 31.1399 29.5
      vertex 5.96001 29.963 29.5
      vertex 7.90692 29.509 29.5
    endloop
  endfacet
  facet normal 0 0 1
    outer loop
      vertex 4.1442 31.4784 29.5
      vertex 5.96001 29.963 29.5
      vertex 6.19411 31.1399 29.5
    endloop
  endfacet
  facet normal 0 0 1
    outer loop
      vertex 4.1442 31.4784 29.5
      vertex 3.98756 30.2886 29.5
      vertex 5.96001 29.963 29.5
    endloop
  endfacet
  facet normal 0 0 1
    outer loop
      vertex 2.07654 31.682 29.5
      vertex 3.98756 30.2886 29.5
      vertex 4.1442 31.4784 29.5
    endloop
  endfacet
  facet normal 0 0 1
    outer loop
      vertex 2.07654 31.682 29.5
      vertex 1.99806 30.4846 29.5
      vertex 3.98756 30.2886 29.5
    endloop
  endfacet
  facet normal 0 0 1
    outer loop
      vertex 0 31.75 29.5
      vertex 1.99806 30.4846 29.5
      vertex 2.07654 31.682 29.5
    endloop
  endfacet
  facet normal 0 0 1
    outer loop
      vertex 0 31.75 29.5
      vertex 0 30.55 29.5
      vertex 1.99806 30.4846 29.5
    endloop
  endfacet
  facet normal 0 0 1
    outer loop
      vertex 0 31.75 29.5
      vertex -1.99806 30.4846 29.5
      vertex 0 30.55 29.5
    endloop
  endfacet
  facet normal -0 0 1
    outer loop
      vertex -2.07654 31.682 29.5
      vertex -1.99806 30.4846 29.5
      vertex 0 31.75 29.5
    endloop
  endfacet
  facet normal 0 0 1
    outer loop
      vertex -2.07654 31.682 29.5
      vertex -3.98756 30.2886 29.5
      vertex -1.99806 30.4846 29.5
    endloop
  endfacet
  facet normal -0 0 1
    outer loop
      vertex -4.1442 31.4784 29.5
      vertex -3.98756 30.2886 29.5
      vertex -2.07654 31.682 29.5
    endloop
  endfacet
  facet normal 0 0 1
    outer loop
      vertex -4.1442 31.4784 29.5
      vertex -5.96001 29.963 29.5
      vertex -3.98756 30.2886 29.5
    endloop
  endfacet
  facet normal -0 0 1
    outer loop
      vertex -6.19411 31.1399 29.5
      vertex -5.96001 29.963 29.5
      vertex -4.1442 31.4784 29.5
    endloop
  endfacet
  facet normal 0 0 1
    outer loop
      vertex -6.19411 31.1399 29.5
      vertex -7.90692 29.509 29.5
      vertex -5.96001 29.963 29.5
    endloop
  endfacet
  facet normal -0 0 1
    outer loop
      vertex -8.2175 30.6681 29.5
      vertex -7.90692 29.509 29.5
      vertex -6.19411 31.1399 29.5
    endloop
  endfacet
  facet normal 0 0 1
    outer loop
      vertex -8.2175 30.6681 29.5
      vertex -9.81996 28.9287 29.5
      vertex -7.90692 29.509 29.5
    endloop
  endfacet
  facet normal -0 0 1
    outer loop
      vertex -10.2057 30.065 29.5
      vertex -9.81996 28.9287 29.5
      vertex -8.2175 30.6681 29.5
    endloop
  endfacet
  facet normal 0 0 1
    outer loop
      vertex -10.2057 30.065 29.5
      vertex -11.691 28.2245 29.5
      vertex -9.81996 28.9287 29.5
    endloop
  endfacet
  facet normal -0 0 1
    outer loop
      vertex -12.1502 29.3332 29.5
      vertex -11.691 28.2245 29.5
      vertex -10.2057 30.065 29.5
    endloop
  endfacet
  facet normal 0 0 1
    outer loop
      vertex -12.1502 29.3332 29.5
      vertex -13.5119 27.3995 29.5
      vertex -11.691 28.2245 29.5
    endloop
  endfacet
  facet normal -0 0 1
    outer loop
      vertex -14.0427 28.4757 29.5
      vertex -13.5119 27.3995 29.5
      vertex -12.1502 29.3332 29.5
    endloop
  endfacet
  facet normal 0 0 1
    outer loop
      vertex -14.0427 28.4757 29.5
      vertex -15.275 26.4571 29.5
      vertex -13.5119 27.3995 29.5
    endloop
  endfacet
  facet normal -0 0 1
    outer loop
      vertex -15.875 27.4963 29.5
      vertex -15.275 26.4571 29.5
      vertex -14.0427 28.4757 29.5
    endloop
  endfacet
  facet normal 0 0 1
    outer loop
      vertex -15.875 27.4963 29.5
      vertex -16.9727 25.4014 29.5
      vertex -15.275 26.4571 29.5
    endloop
  endfacet
  facet normal -0 0 1
    outer loop
      vertex -17.6393 26.3992 29.5
      vertex -16.9727 25.4014 29.5
      vertex -15.875 27.4963 29.5
    endloop
  endfacet
  facet normal 0 0 1
    outer loop
      vertex -17.6393 26.3992 29.5
      vertex -18.5977 24.2369 29.5
      vertex -16.9727 25.4014 29.5
    endloop
  endfacet
  facet normal -0 0 1
    outer loop
      vertex -19.3282 25.189 29.5
      vertex -18.5977 24.2369 29.5
      vertex -17.6393 26.3992 29.5
    endloop
  endfacet
  facet normal 0 0 1
    outer loop
      vertex -19.3282 25.189 29.5
      vertex -20.143 22.9687 29.5
      vertex -18.5977 24.2369 29.5
    endloop
  endfacet
  facet normal -0 0 1
    outer loop
      vertex -20.9342 23.8709 29.5
      vertex -20.143 22.9687 29.5
      vertex -19.3282 25.189 29.5
    endloop
  endfacet
  facet normal 0 0 1
    outer loop
      vertex -20.9342 23.8709 29.5
      vertex -21.6021 21.6021 29.5
      vertex -20.143 22.9687 29.5
    endloop
  endfacet
  facet normal -0 0 1
    outer loop
      vertex -22.4506 22.4506 29.5
      vertex -21.6021 21.6021 29.5
      vertex -20.9342 23.8709 29.5
    endloop
  endfacet
  facet normal 0 0 1
    outer loop
      vertex -22.4506 22.4506 29.5
      vertex -22.9687 20.143 29.5
      vertex -21.6021 21.6021 29.5
    endloop
  endfacet
  facet normal -0 0 1
    outer loop
      vertex -23.8709 20.9342 29.5
      vertex -22.9687 20.143 29.5
      vertex -22.4506 22.4506 29.5
    endloop
  endfacet
  facet normal 0 0 1
    outer loop
      vertex -23.8709 20.9342 29.5
      vertex -24.2369 18.5977 29.5
      vertex -22.9687 20.143 29.5
    endloop
  endfacet
  facet normal -0 0 1
    outer loop
      vertex -25.189 19.3282 29.5
      vertex -24.2369 18.5977 29.5
      vertex -23.8709 20.9342 29.5
    endloop
  endfacet
  facet normal 0 0 1
    outer loop
      vertex -25.189 19.3282 29.5
      vertex -25.4014 16.9727 29.5
      vertex -24.2369 18.5977 29.5
    endloop
  endfacet
  facet normal -0 0 1
    outer loop
      vertex -26.3992 17.6393 29.5
      vertex -25.4014 16.9727 29.5
      vertex -25.189 19.3282 29.5
    endloop
  endfacet
  facet normal 0 0 1
    outer loop
      vertex -26.3992 17.6393 29.5
      vertex -26.4571 15.275 29.5
      vertex -25.4014 16.9727 29.5
    endloop
  endfacet
  facet normal -0 0 1
    outer loop
      vertex -27.4963 15.875 29.5
      vertex -26.4571 15.275 29.5
      vertex -26.3992 17.6393 29.5
    endloop
  endfacet
  facet normal 0 0 1
    outer loop
      vertex -26.4571 15.275 29.5
      vertex -27.4963 15.875 29.5
      vertex -27.3995 13.5119 29.5
    endloop
  endfacet
  facet normal -0 0 1
    outer loop
      vertex -28.4757 14.0427 29.5
      vertex -27.3995 13.5119 29.5
      vertex -27.4963 15.875 29.5
    endloop
  endfacet
  facet normal 0 0 1
    outer loop
      vertex -27.3995 13.5119 29.5
      vertex -28.4757 14.0427 29.5
      vertex -28.2245 11.691 29.5
    endloop
  endfacet
  facet normal -0 0 1
    outer loop
      vertex -29.3332 12.1502 29.5
      vertex -28.2245 11.691 29.5
      vertex -28.4757 14.0427 29.5
    endloop
  endfacet
  facet normal 0 0 1
    outer loop
      vertex -28.2245 11.691 29.5
      vertex -29.3332 12.1502 29.5
      vertex -28.9287 9.81996 29.5
    endloop
  endfacet
  facet normal -0 0 1
    outer loop
      vertex -30.065 10.2057 29.5
      vertex -28.9287 9.81996 29.5
      vertex -29.3332 12.1502 29.5
    endloop
  endfacet
  facet normal 0 -0 1
    outer loop
      vertex -29.75 8.01 29.5
      vertex -28.9287 9.81996 29.5
      vertex -30.065 10.2057 29.5
    endloop
  endfacet
  facet normal 0 0 1
    outer loop
      vertex -28.9287 9.81996 29.5
      vertex -29.75 8.01 29.5
      vertex -29.509 7.90692 29.5
    endloop
  endfacet
  facet normal -0 0 1
    outer loop
      vertex -30.6681 8.2175 29.5
      vertex -29.75 8.01 29.5
      vertex -30.065 10.2057 29.5
    endloop
  endfacet
  facet normal 0 0 1
    outer loop
      vertex -29.75 8.01 29.5
      vertex -30.6681 8.2175 29.5
      vertex -30.7165 8.01 29.5
    endloop
  endfacet
  facet normal 0 0 1
    outer loop
      vertex 30.55 0 29.5
      vertex 31.75 0 29.5
      vertex 31.682 2.07654 29.5
    endloop
  endfacet
  facet normal 0 0 1
    outer loop
      vertex 31.75 0 29.5
      vertex 30.55 0 29.5
      vertex 31.682 -2.07654 29.5
    endloop
  endfacet
  facet normal 0 0 1
    outer loop
      vertex 30.4846 1.99806 29.5
      vertex 31.682 2.07654 29.5
      vertex 31.4784 4.1442 29.5
    endloop
  endfacet
  facet normal 0 0 1
    outer loop
      vertex 30.4846 1.99806 29.5
      vertex 31.4784 4.1442 29.5
      vertex 31.1399 6.19411 29.5
    endloop
  endfacet
  facet normal 0 0 1
    outer loop
      vertex 29.963 5.96001 29.5
      vertex 31.1399 6.19411 29.5
      vertex 30.6681 8.2175 29.5
    endloop
  endfacet
  facet normal -0 0 1
    outer loop
      vertex 30.4846 -1.99806 29.5
      vertex 31.682 -2.07654 29.5
      vertex 30.55 0 29.5
    endloop
  endfacet
  facet normal 0 0 1
    outer loop
      vertex 31.682 -2.07654 29.5
      vertex 30.4846 -1.99806 29.5
      vertex 31.6482 -2.42 29.5
    endloop
  endfacet
  facet normal 0 0 1
    outer loop
      vertex 31.6482 -2.42 29.5
      vertex 30.4846 -1.99806 29.5
      vertex 30.443 -2.42 29.5
    endloop
  endfacet
  facet normal 0 0 1
    outer loop
      vertex -29.75 7.25 29.5
      vertex -29.509 7.90692 29.5
      vertex -29.75 8.01 29.5
    endloop
  endfacet
  facet normal -0 0 1
    outer loop
      vertex -29.75 7.25 29.5
      vertex -29.9424 6.04812 29.5
      vertex -29.509 7.90692 29.5
    endloop
  endfacet
  facet normal 0 0 1
    outer loop
      vertex -29.9424 6.04812 29.5
      vertex -30.209 4.47 29.5
      vertex -29.9424 4.47 29.5
    endloop
  endfacet
  facet normal -0 0 1
    outer loop
      vertex -30.8937 7.25 29.5
      vertex -29.9424 6.04812 29.5
      vertex -29.75 7.25 29.5
    endloop
  endfacet
  facet normal 0 0 1
    outer loop
      vertex -29.9424 6.04812 29.5
      vertex -30.8937 7.25 29.5
      vertex -31.1399 6.19411 29.5
    endloop
  endfacet
  facet normal 0 0 1
    outer loop
      vertex -29.9424 6.04812 29.5
      vertex -31.1399 6.19411 29.5
      vertex -30.209 4.47 29.5
    endloop
  endfacet
  facet normal 0 0 1
    outer loop
      vertex -31.4411 4.37 29.5
      vertex -30.209 4.47 29.5
      vertex -31.1399 6.19411 29.5
    endloop
  endfacet
  facet normal 0 0 1
    outer loop
      vertex -30.209 4.47 29.5
      vertex -31.4411 4.37 29.5
      vertex -30.2255 4.37 29.5
    endloop
  endfacet
  facet normal -0 0 1
    outer loop
      vertex 29.7625 -6.82 29.5
      vertex 30.6681 -8.2175 29.5
      vertex 30.994 -6.82 29.5
    endloop
  endfacet
  facet normal -0 0 1
    outer loop
      vertex 29.509 -7.90692 29.5
      vertex 30.6681 -8.2175 29.5
      vertex 29.7625 -6.82 29.5
    endloop
  endfacet
  facet normal 0 0 1
    outer loop
      vertex 30.6681 -8.2175 29.5
      vertex 29.509 -7.90692 29.5
      vertex 30.6431 -8.29999 29.5
    endloop
  endfacet
  facet normal 0 0 1
    outer loop
      vertex 30.6431 -8.29999 29.5
      vertex 29.509 -7.90692 29.5
      vertex 29.3898 -8.29999 29.5
    endloop
  endfacet
  facet normal -0 0 1
    outer loop
      vertex -31.682 2.07654 29.5
      vertex -30.4846 1.99806 29.5
      vertex -31.4975 3.95 29.5
    endloop
  endfacet
  facet normal -0 0 1
    outer loop
      vertex -31.4975 3.95 29.5
      vertex -30.4846 1.99806 29.5
      vertex -30.2923 3.95 29.5
    endloop
  endfacet
  facet normal 0 0 1
    outer loop
      vertex -30.4846 1.99806 29.5
      vertex -31.682 2.07654 29.5
      vertex -30.55 0 29.5
    endloop
  endfacet
  facet normal 0 0 1
    outer loop
      vertex -31.75 0 29.5
      vertex -30.55 0 29.5
      vertex -31.682 2.07654 29.5
    endloop
  endfacet
  facet normal 0 0 1
    outer loop
      vertex -30.55 0 29.5
      vertex -31.75 0 29.5
      vertex -30.4846 -1.99806 29.5
    endloop
  endfacet
  facet normal 0 -0 1
    outer loop
      vertex -31.682 -2.07654 29.5
      vertex -30.4846 -1.99806 29.5
      vertex -31.75 0 29.5
    endloop
  endfacet
  facet normal 0 -0 1
    outer loop
      vertex -31.6403 -2.5 29.5
      vertex -30.4846 -1.99806 29.5
      vertex -31.682 -2.07654 29.5
    endloop
  endfacet
  facet normal 0 0 1
    outer loop
      vertex -30.4846 -1.99806 29.5
      vertex -31.6403 -2.5 29.5
      vertex -30.4352 -2.5 29.5
    endloop
  endfacet
  facet normal 0 1 0
    outer loop
      vertex -29.6855 7.15 28
      vertex -29.1924 7.15 28.05
      vertex -29.1924 7.15 28
    endloop
  endfacet
  facet normal 0 1 0
    outer loop
      vertex -29.1924 7.15 28.05
      vertex -29.6855 7.15 28
      vertex -29.6855 7.15 29.0033
    endloop
  endfacet
  facet normal 1 -0 0
    outer loop
      vertex -29.1924 4.47 28.05
      vertex -29.1924 7.15 28
      vertex -29.1924 7.15 28.05
    endloop
  endfacet
  facet normal 1 0 0
    outer loop
      vertex -29.1924 7.15 28
      vertex -29.1924 4.47 28.05
      vertex -29.1924 4.47 28
    endloop
  endfacet
  facet normal 0.888212 1.69115e-05 0.459433
    outer loop
      vertex -29.9424 6.04812 29.5
      vertex -29.1924 7.15 28.05
      vertex -29.6855 7.15 29.0033
    endloop
  endfacet
  facet normal 0.888218 0 0.459423
    outer loop
      vertex -29.1924 4.47 28.05
      vertex -29.9424 6.04812 29.5
      vertex -29.9424 4.47 29.5
    endloop
  endfacet
  facet normal 0.888218 0 0.459423
    outer loop
      vertex -29.9424 6.04812 29.5
      vertex -29.1924 4.47 28.05
      vertex -29.1924 7.15 28.05
    endloop
  endfacet
  facet normal 0 0 -1
    outer loop
      vertex -29.963 5.96001 28
      vertex -29.1924 7.15 28
      vertex -29.1924 4.47 28
    endloop
  endfacet
  facet normal -0 0 -1
    outer loop
      vertex -29.1924 7.15 28
      vertex -29.963 5.96001 28
      vertex -29.6855 7.15 28
    endloop
  endfacet
  facet normal 0 -0 -1
    outer loop
      vertex -29.963 5.96001 28
      vertex -29.1924 4.47 28
      vertex -30.209 4.47 28
    endloop
  endfacet
  facet normal 0 -1 0
    outer loop
      vertex -30.209 4.47 28
      vertex -29.9424 4.47 29.5
      vertex -30.209 4.47 29.5
    endloop
  endfacet
  facet normal 0 -1 -0
    outer loop
      vertex -29.9424 4.47 29.5
      vertex -30.209 4.47 28
      vertex -29.1924 4.47 28.05
    endloop
  endfacet
  facet normal 0 -1 -0
    outer loop
      vertex -29.1924 4.47 28.05
      vertex -30.209 4.47 28
      vertex -29.1924 4.47 28
    endloop
  endfacet
  facet normal 0 -1 0
    outer loop
      vertex 22.0216 0.99 1.6
      vertex 14.9137 0.99 7.6
      vertex 13.6384 0.99 1.6
    endloop
  endfacet
  facet normal 0 -1 0
    outer loop
      vertex 14.9137 0.99 7.6
      vertex 22.0216 0.99 1.6
      vertex 23.2969 0.99 7.6
    endloop
  endfacet
  facet normal 0 1 -0
    outer loop
      vertex 22.0216 13.59 1.6
      vertex 14.9137 13.59 7.6
      vertex 23.2969 13.59 7.6
    endloop
  endfacet
  facet normal 0 1 0
    outer loop
      vertex 14.9137 13.59 7.6
      vertex 22.0216 13.59 1.6
      vertex 13.6384 13.59 1.6
    endloop
  endfacet
  facet normal -0.978149 0 0.207906
    outer loop
      vertex 13.6384 0.99 1.6
      vertex 14.9137 13.59 7.6
      vertex 13.6384 13.59 1.6
    endloop
  endfacet
  facet normal -0.978149 0 0.207906
    outer loop
      vertex 14.9137 13.59 7.6
      vertex 13.6384 0.99 1.6
      vertex 14.9137 0.99 7.6
    endloop
  endfacet
  facet normal 0.978149 0 -0.207906
    outer loop
      vertex 23.2969 0.99 7.6
      vertex 22.0216 13.59 1.6
      vertex 23.2969 13.59 7.6
    endloop
  endfacet
  facet normal 0.978149 0 -0.207906
    outer loop
      vertex 22.0216 13.59 1.6
      vertex 23.2969 0.99 7.6
      vertex 22.0216 0.99 1.6
    endloop
  endfacet
  facet normal 0 0 -1
    outer loop
      vertex 26.8485 1.15147 0
      vertex 31.75 0 0
      vertex 31.682 -2.07654 0
    endloop
  endfacet
  facet normal 0 0 -1
    outer loop
      vertex 26.4592 0.891344 0
      vertex 31.682 -2.07654 0
      vertex 31.4784 -4.1442 0
    endloop
  endfacet
  facet normal 0 0 -1
    outer loop
      vertex 31.75 0 0
      vertex 26.952 1.26949 0
      vertex 26.9978 1.33331 0
    endloop
  endfacet
  facet normal 0 0 -1
    outer loop
      vertex 26.0785 0.802568 0
      vertex 31.4784 -4.1442 0
      vertex 31.1399 -6.19411 0
    endloop
  endfacet
  facet normal 0 -0 -1
    outer loop
      vertex 27.1363 1.61427 0
      vertex 31.75 0 0
      vertex 27.1087 1.54078 0
    endloop
  endfacet
  facet normal 0 0 -1
    outer loop
      vertex 25.7659 0.823057 0
      vertex 31.1399 -6.19411 0
      vertex 30.6681 -8.2175 0
    endloop
  endfacet
  facet normal 0 -0 -1
    outer loop
      vertex 27.1769 1.76589 0
      vertex 31.682 2.07654 0
      vertex 27.1591 1.68942 0
    endloop
  endfacet
  facet normal 0 0 -1
    outer loop
      vertex 25.6894 0.840889 0
      vertex 30.6681 -8.2175 0
      vertex 30.6431 -8.29999 0
    endloop
  endfacet
  facet normal 0 0 -1
    outer loop
      vertex 27.1974 2.07848 0
      vertex 31.682 2.07654 0
      vertex 27.2 2 0
    endloop
  endfacet
  facet normal 0 0 -1
    outer loop
      vertex 27.1591 2.31058 0
      vertex 31.682 2.07654 0
      vertex 27.1769 2.23411 0
    endloop
  endfacet
  facet normal 0 0 -1
    outer loop
      vertex 27.1363 2.38573 0
      vertex 31.4784 4.1442 0
      vertex 27.1591 2.31058 0
    endloop
  endfacet
  facet normal 0 0 -1
    outer loop
      vertex 27.0762 2.53075 0
      vertex 31.4784 4.1442 0
      vertex 27.1087 2.45922 0
    endloop
  endfacet
  facet normal 0 0 -1
    outer loop
      vertex 31.682 2.07654 0
      vertex 27.1591 2.31058 0
      vertex 31.4784 4.1442 0
    endloop
  endfacet
  facet normal 0 0 -1
    outer loop
      vertex 27.1769 2.23411 0
      vertex 31.682 2.07654 0
      vertex 27.1897 2.15663 0
    endloop
  endfacet
  facet normal 0 0 -1
    outer loop
      vertex 27.1897 2.15663 0
      vertex 31.682 2.07654 0
      vertex 27.1974 2.07848 0
    endloop
  endfacet
  facet normal 0 -0 -1
    outer loop
      vertex 27.2 2 0
      vertex 31.682 2.07654 0
      vertex 27.1974 1.92152 0
    endloop
  endfacet
  facet normal 0 -0 -1
    outer loop
      vertex 27.1974 1.92152 0
      vertex 31.682 2.07654 0
      vertex 27.1897 1.84337 0
    endloop
  endfacet
  facet normal 0 -0 -1
    outer loop
      vertex 27.1897 1.84337 0
      vertex 31.682 2.07654 0
      vertex 27.1769 1.76589 0
    endloop
  endfacet
  facet normal 0 0 -1
    outer loop
      vertex 31.75 0 0
      vertex 27.1591 1.68942 0
      vertex 31.682 2.07654 0
    endloop
  endfacet
  facet normal 0 -0 -1
    outer loop
      vertex 27.1591 1.68942 0
      vertex 31.75 0 0
      vertex 27.1363 1.61427 0
    endloop
  endfacet
  facet normal 0 -0 -1
    outer loop
      vertex 27.1087 1.54078 0
      vertex 31.75 0 0
      vertex 27.0762 1.46925 0
    endloop
  endfacet
  facet normal 0 -0 -1
    outer loop
      vertex 27.0762 1.46925 0
      vertex 31.75 0 0
      vertex 27.0392 1.4 0
    endloop
  endfacet
  facet normal 0 0 -1
    outer loop
      vertex 31.75 0 0
      vertex 26.9978 1.33331 0
      vertex 27.0392 1.4 0
    endloop
  endfacet
  facet normal 0 0 -1
    outer loop
      vertex 31.75 0 0
      vertex 26.9022 1.20878 0
      vertex 26.952 1.26949 0
    endloop
  endfacet
  facet normal 0 0 -1
    outer loop
      vertex 31.75 0 0
      vertex 26.8485 1.15147 0
      vertex 26.9022 1.20878 0
    endloop
  endfacet
  facet normal 0 0 -1
    outer loop
      vertex 31.682 -2.07654 0
      vertex 26.7912 1.09779 0
      vertex 26.8485 1.15147 0
    endloop
  endfacet
  facet normal 0 0 -1
    outer loop
      vertex 31.682 -2.07654 0
      vertex 26.7305 1.04798 0
      vertex 26.7912 1.09779 0
    endloop
  endfacet
  facet normal 0 0 -1
    outer loop
      vertex 31.682 -2.07654 0
      vertex 26.6667 1.00224 0
      vertex 26.7305 1.04798 0
    endloop
  endfacet
  facet normal 0 0 -1
    outer loop
      vertex 31.682 -2.07654 0
      vertex 26.6 0.960769 0
      vertex 26.6667 1.00224 0
    endloop
  endfacet
  facet normal 0 0 -1
    outer loop
      vertex 31.682 -2.07654 0
      vertex 26.5307 0.923752 0
      vertex 26.6 0.960769 0
    endloop
  endfacet
  facet normal 0 0 -1
    outer loop
      vertex 31.682 -2.07654 0
      vertex 26.4592 0.891344 0
      vertex 26.5307 0.923752 0
    endloop
  endfacet
  facet normal 0 0 -1
    outer loop
      vertex 31.4784 -4.1442 0
      vertex 26.3857 0.863684 0
      vertex 26.4592 0.891344 0
    endloop
  endfacet
  facet normal 0 0 -1
    outer loop
      vertex 31.4784 -4.1442 0
      vertex 26.3106 0.840889 0
      vertex 26.3857 0.863684 0
    endloop
  endfacet
  facet normal 0 0 -1
    outer loop
      vertex 31.4784 -4.1442 0
      vertex 26.2341 0.823057 0
      vertex 26.3106 0.840889 0
    endloop
  endfacet
  facet normal 0 0 -1
    outer loop
      vertex 31.4784 -4.1442 0
      vertex 26.1566 0.810266 0
      vertex 26.2341 0.823057 0
    endloop
  endfacet
  facet normal 0 0 -1
    outer loop
      vertex 31.4784 -4.1442 0
      vertex 26.0785 0.802568 0
      vertex 26.1566 0.810266 0
    endloop
  endfacet
  facet normal 0 0 -1
    outer loop
      vertex 31.1399 -6.19411 0
      vertex 26 0.799999 0
      vertex 26.0785 0.802568 0
    endloop
  endfacet
  facet normal 0 0 -1
    outer loop
      vertex 31.1399 -6.19411 0
      vertex 25.9215 0.802568 0
      vertex 26 0.799999 0
    endloop
  endfacet
  facet normal 0 0 -1
    outer loop
      vertex 31.1399 -6.19411 0
      vertex 25.8434 0.810266 0
      vertex 25.9215 0.802568 0
    endloop
  endfacet
  facet normal 0 0 -1
    outer loop
      vertex 31.1399 -6.19411 0
      vertex 25.7659 0.823057 0
      vertex 25.8434 0.810266 0
    endloop
  endfacet
  facet normal 0 0 -1
    outer loop
      vertex 30.6681 -8.2175 0
      vertex 25.6894 0.840889 0
      vertex 25.7659 0.823057 0
    endloop
  endfacet
  facet normal 0 0 -1
    outer loop
      vertex 30.6431 -8.29999 0
      vertex 25.6143 0.863684 0
      vertex 25.6894 0.840889 0
    endloop
  endfacet
  facet normal 0 0 -1
    outer loop
      vertex 30.6431 -8.29999 0
      vertex 25.5408 0.891344 0
      vertex 25.6143 0.863684 0
    endloop
  endfacet
  facet normal 0 0 -1
    outer loop
      vertex 30.6431 -8.29999 0
      vertex 25.4693 0.923752 0
      vertex 25.5408 0.891344 0
    endloop
  endfacet
  facet normal 0 0 -1
    outer loop
      vertex 30.6431 -8.29999 0
      vertex 25.4 0.960769 0
      vertex 25.4693 0.923752 0
    endloop
  endfacet
  facet normal 0 0 -1
    outer loop
      vertex 20.4036 2.24 0
      vertex 25.4 0.960769 0
      vertex 30.6431 -8.29999 0
    endloop
  endfacet
  facet normal 0 0 -1
    outer loop
      vertex 25.4 0.960769 0
      vertex 20.4036 2.24 0
      vertex 25.3333 1.00224 0
    endloop
  endfacet
  facet normal 0 0 -1
    outer loop
      vertex 25.3333 1.00224 0
      vertex 20.4036 2.24 0
      vertex 25.2695 1.04798 0
    endloop
  endfacet
  facet normal 0 0 -1
    outer loop
      vertex 25.2695 1.04798 0
      vertex 20.4036 2.24 0
      vertex 25.2088 1.09779 0
    endloop
  endfacet
  facet normal 0 0 -1
    outer loop
      vertex 25.2088 1.09779 0
      vertex 20.4036 2.24 0
      vertex 25.1515 1.15147 0
    endloop
  endfacet
  facet normal 0 0 -1
    outer loop
      vertex 25.1515 1.15147 0
      vertex 20.4036 2.24 0
      vertex 25.0978 1.20878 0
    endloop
  endfacet
  facet normal 0 0 -1
    outer loop
      vertex 25.0978 1.20878 0
      vertex 20.4036 2.24 0
      vertex 25.048 1.26949 0
    endloop
  endfacet
  facet normal 0 0 -1
    outer loop
      vertex 25.048 1.26949 0
      vertex 20.4036 2.24 0
      vertex 25.0022 1.33331 0
    endloop
  endfacet
  facet normal 0 0 -1
    outer loop
      vertex 20.4036 2.24 0
      vertex 24.8 2 0
      vertex 24.8026 1.92152 0
    endloop
  endfacet
  facet normal 0 0 -1
    outer loop
      vertex 24.8 2 0
      vertex 20.4036 12.34 0
      vertex 23.8709 20.9342 0
    endloop
  endfacet
  facet normal 0 0 -1
    outer loop
      vertex 20.4036 2.24 0
      vertex 24.8026 1.92152 0
      vertex 24.8103 1.84337 0
    endloop
  endfacet
  facet normal -0 0 -1
    outer loop
      vertex 23.8709 20.9342 0
      vertex 20.4036 12.34 0
      vertex 22.4506 22.4506 0
    endloop
  endfacet
  facet normal 0 0 -1
    outer loop
      vertex 20.4036 2.24 0
      vertex 24.8103 1.84337 0
      vertex 24.8231 1.76589 0
    endloop
  endfacet
  facet normal 0 0 -1
    outer loop
      vertex 24.8 2 0
      vertex 20.4036 2.24 0
      vertex 20.4036 12.34 0
    endloop
  endfacet
  facet normal 0 0 -1
    outer loop
      vertex 24.8409 1.68942 0
      vertex 20.4036 2.24 0
      vertex 24.8231 1.76589 0
    endloop
  endfacet
  facet normal 0 0 -1
    outer loop
      vertex 24.8637 1.61427 0
      vertex 20.4036 2.24 0
      vertex 24.8409 1.68942 0
    endloop
  endfacet
  facet normal 0 0 -1
    outer loop
      vertex 24.8913 1.54078 0
      vertex 20.4036 2.24 0
      vertex 24.8637 1.61427 0
    endloop
  endfacet
  facet normal 0 0 -1
    outer loop
      vertex 24.9238 1.46925 0
      vertex 20.4036 2.24 0
      vertex 24.8913 1.54078 0
    endloop
  endfacet
  facet normal 0 0 -1
    outer loop
      vertex 24.9608 1.4 0
      vertex 20.4036 2.24 0
      vertex 24.9238 1.46925 0
    endloop
  endfacet
  facet normal 0 0 -1
    outer loop
      vertex 25.0022 1.33331 0
      vertex 20.4036 2.24 0
      vertex 24.9608 1.4 0
    endloop
  endfacet
  facet normal 0 0 -1
    outer loop
      vertex 7.39999 -8.29999 0
      vertex 20.4036 2.24 0
      vertex 30.6431 -8.29999 0
    endloop
  endfacet
  facet normal 0 0 -1
    outer loop
      vertex 3.29999 -2.5 0
      vertex 14.5762 12.34 0
      vertex 14.5762 2.24 0
    endloop
  endfacet
  facet normal 0 0 -1
    outer loop
      vertex 14.5762 12.34 0
      vertex 12.1502 29.3332 0
      vertex 14.0427 28.4757 0
    endloop
  endfacet
  facet normal 0 -0 -1
    outer loop
      vertex -6.00224 24.8333 0
      vertex 14.5762 12.34 0
      vertex -6.04798 24.7695 0
    endloop
  endfacet
  facet normal 0 0 -1
    outer loop
      vertex 14.5762 12.34 0
      vertex 10.2057 30.065 0
      vertex 12.1502 29.3332 0
    endloop
  endfacet
  facet normal -0 0 -1
    outer loop
      vertex 20.4036 2.24 0
      vertex 7.39999 -8.29999 0
      vertex 14.5762 2.24 0
    endloop
  endfacet
  facet normal 0 0 -1
    outer loop
      vertex 3.29999 -2.5 0
      vertex 14.5762 2.24 0
      vertex 7.39999 -8.29999 0
    endloop
  endfacet
  facet normal 0 0 -1
    outer loop
      vertex -6.46925 24.4238 0
      vertex 14.5762 12.34 0
      vertex 3.29999 -2.5 0
    endloop
  endfacet
  facet normal 0 0 -1
    outer loop
      vertex 14.5762 12.34 0
      vertex -6.09779 24.7088 0
      vertex -6.04798 24.7695 0
    endloop
  endfacet
  facet normal 0 0 -1
    outer loop
      vertex 14.5762 12.34 0
      vertex 8.2175 30.6681 0
      vertex 10.2057 30.065 0
    endloop
  endfacet
  facet normal 0 0 -1
    outer loop
      vertex 14.5762 12.34 0
      vertex -5.96077 24.9 0
      vertex 8.2175 30.6681 0
    endloop
  endfacet
  facet normal 0 -0 -1
    outer loop
      vertex -5.92375 24.9693 0
      vertex 6.19411 31.1399 0
      vertex -5.96077 24.9 0
    endloop
  endfacet
  facet normal 0 -0 -1
    outer loop
      vertex -5.86368 25.1143 0
      vertex 4.1442 31.4784 0
      vertex -5.89134 25.0408 0
    endloop
  endfacet
  facet normal 0 -0 -1
    outer loop
      vertex -5.82306 25.2659 0
      vertex 2.07654 31.682 0
      vertex -5.84089 25.1894 0
    endloop
  endfacet
  facet normal 0 -0 -1
    outer loop
      vertex -5.8 25.5 0
      vertex 0 31.75 0
      vertex -5.80257 25.4215 0
    endloop
  endfacet
  facet normal 0 0 -1
    outer loop
      vertex -5.81027 25.6566 0
      vertex 0 31.75 0
      vertex -5.80257 25.5785 0
    endloop
  endfacet
  facet normal 0 0 -1
    outer loop
      vertex -5.80257 25.5785 0
      vertex 0 31.75 0
      vertex -5.8 25.5 0
    endloop
  endfacet
  facet normal -0 0 -1
    outer loop
      vertex 2.07654 31.682 0
      vertex -5.80257 25.4215 0
      vertex 0 31.75 0
    endloop
  endfacet
  facet normal 0 -0 -1
    outer loop
      vertex -5.80257 25.4215 0
      vertex 2.07654 31.682 0
      vertex -5.81027 25.3434 0
    endloop
  endfacet
  facet normal 0 -0 -1
    outer loop
      vertex -5.81027 25.3434 0
      vertex 2.07654 31.682 0
      vertex -5.82306 25.2659 0
    endloop
  endfacet
  facet normal -0 0 -1
    outer loop
      vertex 4.1442 31.4784 0
      vertex -5.84089 25.1894 0
      vertex 2.07654 31.682 0
    endloop
  endfacet
  facet normal 0 -0 -1
    outer loop
      vertex -5.84089 25.1894 0
      vertex 4.1442 31.4784 0
      vertex -5.86368 25.1143 0
    endloop
  endfacet
  facet normal -0 0 -1
    outer loop
      vertex 6.19411 31.1399 0
      vertex -5.89134 25.0408 0
      vertex 4.1442 31.4784 0
    endloop
  endfacet
  facet normal 0 -0 -1
    outer loop
      vertex -5.89134 25.0408 0
      vertex 6.19411 31.1399 0
      vertex -5.92375 24.9693 0
    endloop
  endfacet
  facet normal -0 0 -1
    outer loop
      vertex 8.2175 30.6681 0
      vertex -5.96077 24.9 0
      vertex 6.19411 31.1399 0
    endloop
  endfacet
  facet normal 0 -0 -1
    outer loop
      vertex -5.96077 24.9 0
      vertex 14.5762 12.34 0
      vertex -6.00224 24.8333 0
    endloop
  endfacet
  facet normal 0 0 -1
    outer loop
      vertex 14.5762 12.34 0
      vertex -6.15147 24.6515 0
      vertex -6.09779 24.7088 0
    endloop
  endfacet
  facet normal 0 0 -1
    outer loop
      vertex 14.5762 12.34 0
      vertex -6.20878 24.5978 0
      vertex -6.15147 24.6515 0
    endloop
  endfacet
  facet normal 0 0 -1
    outer loop
      vertex 14.5762 12.34 0
      vertex -6.26949 24.548 0
      vertex -6.20878 24.5978 0
    endloop
  endfacet
  facet normal 0 0 -1
    outer loop
      vertex 14.5762 12.34 0
      vertex -6.33331 24.5022 0
      vertex -6.26949 24.548 0
    endloop
  endfacet
  facet normal 0 0 -1
    outer loop
      vertex 14.5762 12.34 0
      vertex -6.4 24.4608 0
      vertex -6.33331 24.5022 0
    endloop
  endfacet
  facet normal 0 0 -1
    outer loop
      vertex 14.5762 12.34 0
      vertex -6.46925 24.4238 0
      vertex -6.4 24.4608 0
    endloop
  endfacet
  facet normal 0 0 -1
    outer loop
      vertex 3.29999 -2.5 0
      vertex -6.54078 24.3913 0
      vertex -6.46925 24.4238 0
    endloop
  endfacet
  facet normal 0 0 -1
    outer loop
      vertex 3.29999 -2.5 0
      vertex -6.61427 24.3637 0
      vertex -6.54078 24.3913 0
    endloop
  endfacet
  facet normal 0 0 -1
    outer loop
      vertex 3.29999 -2.5 0
      vertex -6.68942 24.3409 0
      vertex -6.61427 24.3637 0
    endloop
  endfacet
  facet normal 0 0 -1
    outer loop
      vertex 3.29999 -2.5 0
      vertex -6.76589 24.3231 0
      vertex -6.68942 24.3409 0
    endloop
  endfacet
  facet normal 0 0 -1
    outer loop
      vertex 3.29999 -2.5 0
      vertex -6.84337 24.3103 0
      vertex -6.76589 24.3231 0
    endloop
  endfacet
  facet normal 0 0 -1
    outer loop
      vertex 3.29999 -2.5 0
      vertex -6.92152 24.3026 0
      vertex -6.84337 24.3103 0
    endloop
  endfacet
  facet normal 0 0 -1
    outer loop
      vertex 3.29999 -2.5 0
      vertex -7 24.3 0
      vertex -6.92152 24.3026 0
    endloop
  endfacet
  facet normal 0 0 -1
    outer loop
      vertex 3.29999 -2.5 0
      vertex -7.07848 24.3026 0
      vertex -7 24.3 0
    endloop
  endfacet
  facet normal 0 0 -1
    outer loop
      vertex 3.29999 -2.5 0
      vertex -7.15663 24.3103 0
      vertex -7.07848 24.3026 0
    endloop
  endfacet
  facet normal 0 0 -1
    outer loop
      vertex 3.29999 -2.5 0
      vertex -7.23411 24.3231 0
      vertex -7.15663 24.3103 0
    endloop
  endfacet
  facet normal 0 0 -1
    outer loop
      vertex 3.29999 -2.5 0
      vertex -7.31058 24.3409 0
      vertex -7.23411 24.3231 0
    endloop
  endfacet
  facet normal 0 0 -1
    outer loop
      vertex -27.4963 15.875 0
      vertex -7.31058 24.3409 0
      vertex 3.29999 -2.5 0
    endloop
  endfacet
  facet normal 0 -0 -1
    outer loop
      vertex -26.3992 17.6393 0
      vertex -7.31058 24.3409 0
      vertex -27.4963 15.875 0
    endloop
  endfacet
  facet normal -0 0 -1
    outer loop
      vertex -7.31058 24.3409 0
      vertex -26.3992 17.6393 0
      vertex -7.38573 24.3637 0
    endloop
  endfacet
  facet normal 0 -0 -1
    outer loop
      vertex -25.189 19.3282 0
      vertex -7.38573 24.3637 0
      vertex -26.3992 17.6393 0
    endloop
  endfacet
  facet normal -0 0 -1
    outer loop
      vertex -7.38573 24.3637 0
      vertex -25.189 19.3282 0
      vertex -7.45922 24.3913 0
    endloop
  endfacet
  facet normal 0 -0 -1
    outer loop
      vertex -23.8709 20.9342 0
      vertex -7.45922 24.3913 0
      vertex -25.189 19.3282 0
    endloop
  endfacet
  facet normal -0 0 -1
    outer loop
      vertex -7.45922 24.3913 0
      vertex -23.8709 20.9342 0
      vertex -7.53075 24.4238 0
    endloop
  endfacet
  facet normal 0 -0 -1
    outer loop
      vertex -22.4506 22.4506 0
      vertex -7.53075 24.4238 0
      vertex -23.8709 20.9342 0
    endloop
  endfacet
  facet normal -0 0 -1
    outer loop
      vertex -7.6 24.4608 0
      vertex -22.4506 22.4506 0
      vertex -7.66668 24.5022 0
    endloop
  endfacet
  facet normal 0 -0 -1
    outer loop
      vertex -20.9342 23.8709 0
      vertex -7.66668 24.5022 0
      vertex -22.4506 22.4506 0
    endloop
  endfacet
  facet normal -0 0 -1
    outer loop
      vertex -7.66668 24.5022 0
      vertex -20.9342 23.8709 0
      vertex -7.73051 24.548 0
    endloop
  endfacet
  facet normal -0 0 -1
    outer loop
      vertex -7.73051 24.548 0
      vertex -20.9342 23.8709 0
      vertex -7.79121 24.5978 0
    endloop
  endfacet
  facet normal 0 -0 -1
    outer loop
      vertex -19.3282 25.189 0
      vertex -7.79121 24.5978 0
      vertex -20.9342 23.8709 0
    endloop
  endfacet
  facet normal 0 0 -1
    outer loop
      vertex -7.79121 24.5978 0
      vertex -19.3282 25.189 0
      vertex -7.84853 24.6515 0
    endloop
  endfacet
  facet normal 0 0 -1
    outer loop
      vertex -7.6 26.5392 0
      vertex -10.2057 30.065 0
      vertex -8.2175 30.6681 0
    endloop
  endfacet
  facet normal 0 0 -1
    outer loop
      vertex -14.0427 28.4757 0
      vertex -8.2 25.5 0
      vertex -8.19743 25.4215 0
    endloop
  endfacet
  facet normal 0 0 -1
    outer loop
      vertex -14.0427 28.4757 0
      vertex -8.19743 25.4215 0
      vertex -8.18973 25.3434 0
    endloop
  endfacet
  facet normal 0 0 -1
    outer loop
      vertex -14.0427 28.4757 0
      vertex -8.18973 25.3434 0
      vertex -8.17694 25.2659 0
    endloop
  endfacet
  facet normal 0 0 -1
    outer loop
      vertex -14.0427 28.4757 0
      vertex -8.17694 25.2659 0
      vertex -8.15911 25.1894 0
    endloop
  endfacet
  facet normal 0 0 -1
    outer loop
      vertex -15.875 27.4963 0
      vertex -8.15911 25.1894 0
      vertex -8.13632 25.1143 0
    endloop
  endfacet
  facet normal 0 0 -1
    outer loop
      vertex -15.875 27.4963 0
      vertex -8.13632 25.1143 0
      vertex -8.10865 25.0408 0
    endloop
  endfacet
  facet normal 0 0 -1
    outer loop
      vertex -7.84853 24.6515 0
      vertex -19.3282 25.189 0
      vertex -7.90221 24.7088 0
    endloop
  endfacet
  facet normal 0 0 -1
    outer loop
      vertex -8.19743 25.5785 0
      vertex -12.1502 29.3332 0
      vertex -10.2057 30.065 0
    endloop
  endfacet
  facet normal 0 0 -1
    outer loop
      vertex -8.19743 25.5785 0
      vertex -14.0427 28.4757 0
      vertex -12.1502 29.3332 0
    endloop
  endfacet
  facet normal 0 0 -1
    outer loop
      vertex -8.15911 25.1894 0
      vertex -15.875 27.4963 0
      vertex -14.0427 28.4757 0
    endloop
  endfacet
  facet normal 0 0 -1
    outer loop
      vertex -8.07625 24.9693 0
      vertex -15.875 27.4963 0
      vertex -8.10865 25.0408 0
    endloop
  endfacet
  facet normal 0 0 -1
    outer loop
      vertex -8.03923 24.9 0
      vertex -15.875 27.4963 0
      vertex -8.07625 24.9693 0
    endloop
  endfacet
  facet normal 0 -0 -1
    outer loop
      vertex -15.875 27.4963 0
      vertex -8.03923 24.9 0
      vertex -17.6393 26.3992 0
    endloop
  endfacet
  facet normal 0 0 -1
    outer loop
      vertex -7.99776 24.8333 0
      vertex -17.6393 26.3992 0
      vertex -8.03923 24.9 0
    endloop
  endfacet
  facet normal 0 0 -1
    outer loop
      vertex -7.95202 24.7695 0
      vertex -17.6393 26.3992 0
      vertex -7.99776 24.8333 0
    endloop
  endfacet
  facet normal 0 0 -1
    outer loop
      vertex -7.90221 24.7088 0
      vertex -17.6393 26.3992 0
      vertex -7.95202 24.7695 0
    endloop
  endfacet
  facet normal 0 -0 -1
    outer loop
      vertex -17.6393 26.3992 0
      vertex -7.90221 24.7088 0
      vertex -19.3282 25.189 0
    endloop
  endfacet
  facet normal -0 0 -1
    outer loop
      vertex -7.53075 24.4238 0
      vertex -22.4506 22.4506 0
      vertex -7.6 24.4608 0
    endloop
  endfacet
  facet normal 0 0 -1
    outer loop
      vertex 3.29999 -2.5 0
      vertex -28.4757 14.0427 0
      vertex -27.4963 15.875 0
    endloop
  endfacet
  facet normal 0 0 -1
    outer loop
      vertex 3.29999 -2.5 0
      vertex -29.3332 12.1502 0
      vertex -28.4757 14.0427 0
    endloop
  endfacet
  facet normal 0 0 -1
    outer loop
      vertex 3.29999 -2.5 0
      vertex -30.065 10.2057 0
      vertex -29.3332 12.1502 0
    endloop
  endfacet
  facet normal 0 0 -1
    outer loop
      vertex 3.29999 -2.5 0
      vertex -30.6681 8.2175 0
      vertex -30.065 10.2057 0
    endloop
  endfacet
  facet normal 0 0 -1
    outer loop
      vertex 3.29999 -2.5 0
      vertex -31.1399 6.19411 0
      vertex -30.6681 8.2175 0
    endloop
  endfacet
  facet normal 0 0 -1
    outer loop
      vertex 3.29999 -2.5 0
      vertex -31.4784 4.1442 0
      vertex -31.1399 6.19411 0
    endloop
  endfacet
  facet normal 0 0 -1
    outer loop
      vertex -31.75 0 0
      vertex 3.29999 -2.5 0
      vertex -31.6403 -2.5 0
    endloop
  endfacet
  facet normal 0 0 -1
    outer loop
      vertex -31.75 0 0
      vertex -31.6403 -2.5 0
      vertex -31.682 -2.07654 0
    endloop
  endfacet
  facet normal 0 0 -1
    outer loop
      vertex 3.29999 -2.5 0
      vertex -31.682 2.07654 0
      vertex -31.4784 4.1442 0
    endloop
  endfacet
  facet normal 0 0 -1
    outer loop
      vertex 3.29999 -2.5 0
      vertex -31.75 0 0
      vertex -31.682 2.07654 0
    endloop
  endfacet
  facet normal 0 0 -1
    outer loop
      vertex 27.1087 2.45922 0
      vertex 31.4784 4.1442 0
      vertex 27.1363 2.38573 0
    endloop
  endfacet
  facet normal 0 0 -1
    outer loop
      vertex 27.0392 2.6 0
      vertex 31.4784 4.1442 0
      vertex 27.0762 2.53075 0
    endloop
  endfacet
  facet normal 0 0 -1
    outer loop
      vertex 26.9978 2.66668 0
      vertex 31.4784 4.1442 0
      vertex 27.0392 2.6 0
    endloop
  endfacet
  facet normal 0 0 -1
    outer loop
      vertex 26.952 2.73051 0
      vertex 31.4784 4.1442 0
      vertex 26.9978 2.66668 0
    endloop
  endfacet
  facet normal 0 0 -1
    outer loop
      vertex 26.9022 2.79121 0
      vertex 31.4784 4.1442 0
      vertex 26.952 2.73051 0
    endloop
  endfacet
  facet normal 0 0 -1
    outer loop
      vertex 26.8485 2.84853 0
      vertex 31.4784 4.1442 0
      vertex 26.9022 2.79121 0
    endloop
  endfacet
  facet normal -0 0 -1
    outer loop
      vertex 31.4784 4.1442 0
      vertex 26.8485 2.84853 0
      vertex 31.1399 6.19411 0
    endloop
  endfacet
  facet normal 0 0 -1
    outer loop
      vertex 26.7912 2.90221 0
      vertex 31.1399 6.19411 0
      vertex 26.8485 2.84853 0
    endloop
  endfacet
  facet normal 0 0 -1
    outer loop
      vertex 26.7305 2.95202 0
      vertex 31.1399 6.19411 0
      vertex 26.7912 2.90221 0
    endloop
  endfacet
  facet normal 0 0 -1
    outer loop
      vertex 26.6667 2.99776 0
      vertex 31.1399 6.19411 0
      vertex 26.7305 2.95202 0
    endloop
  endfacet
  facet normal 0 0 -1
    outer loop
      vertex 26.6 3.03923 0
      vertex 31.1399 6.19411 0
      vertex 26.6667 2.99776 0
    endloop
  endfacet
  facet normal 0 0 -1
    outer loop
      vertex 26.5307 3.07625 0
      vertex 31.1399 6.19411 0
      vertex 26.6 3.03923 0
    endloop
  endfacet
  facet normal 0 0 -1
    outer loop
      vertex 26.4592 3.10865 0
      vertex 31.1399 6.19411 0
      vertex 26.5307 3.07625 0
    endloop
  endfacet
  facet normal 0 0 -1
    outer loop
      vertex 26.3857 3.13632 0
      vertex 31.1399 6.19411 0
      vertex 26.4592 3.10865 0
    endloop
  endfacet
  facet normal -0 0 -1
    outer loop
      vertex 31.1399 6.19411 0
      vertex 26.3857 3.13632 0
      vertex 30.6681 8.2175 0
    endloop
  endfacet
  facet normal 0 0 -1
    outer loop
      vertex 26.3106 3.15911 0
      vertex 30.6681 8.2175 0
      vertex 26.3857 3.13632 0
    endloop
  endfacet
  facet normal 0 0 -1
    outer loop
      vertex 26.2341 3.17694 0
      vertex 30.6681 8.2175 0
      vertex 26.3106 3.15911 0
    endloop
  endfacet
  facet normal 0 0 -1
    outer loop
      vertex 26.1566 3.18973 0
      vertex 30.6681 8.2175 0
      vertex 26.2341 3.17694 0
    endloop
  endfacet
  facet normal 0 0 -1
    outer loop
      vertex 26.0785 3.19743 0
      vertex 30.6681 8.2175 0
      vertex 26.1566 3.18973 0
    endloop
  endfacet
  facet normal 0 0 -1
    outer loop
      vertex 26 3.2 0
      vertex 30.6681 8.2175 0
      vertex 26.0785 3.19743 0
    endloop
  endfacet
  facet normal -0 0 -1
    outer loop
      vertex 30.6681 8.2175 0
      vertex 26 3.2 0
      vertex 30.065 10.2057 0
    endloop
  endfacet
  facet normal 0 0 -1
    outer loop
      vertex 25.9215 3.19743 0
      vertex 30.065 10.2057 0
      vertex 26 3.2 0
    endloop
  endfacet
  facet normal 0 0 -1
    outer loop
      vertex 25.8434 3.18973 0
      vertex 30.065 10.2057 0
      vertex 25.9215 3.19743 0
    endloop
  endfacet
  facet normal 0 0 -1
    outer loop
      vertex 25.7659 3.17694 0
      vertex 30.065 10.2057 0
      vertex 25.8434 3.18973 0
    endloop
  endfacet
  facet normal 0 0 -1
    outer loop
      vertex 25.6894 3.15911 0
      vertex 30.065 10.2057 0
      vertex 25.7659 3.17694 0
    endloop
  endfacet
  facet normal -0 0 -1
    outer loop
      vertex 30.065 10.2057 0
      vertex 25.6894 3.15911 0
      vertex 29.3332 12.1502 0
    endloop
  endfacet
  facet normal 0 0 -1
    outer loop
      vertex 25.6143 3.13632 0
      vertex 29.3332 12.1502 0
      vertex 25.6894 3.15911 0
    endloop
  endfacet
  facet normal 0 0 -1
    outer loop
      vertex 25.5408 3.10865 0
      vertex 29.3332 12.1502 0
      vertex 25.6143 3.13632 0
    endloop
  endfacet
  facet normal 0 0 -1
    outer loop
      vertex 25.4693 3.07625 0
      vertex 29.3332 12.1502 0
      vertex 25.5408 3.10865 0
    endloop
  endfacet
  facet normal -0 0 -1
    outer loop
      vertex 29.3332 12.1502 0
      vertex 25.4693 3.07625 0
      vertex 28.4757 14.0427 0
    endloop
  endfacet
  facet normal 0 0 -1
    outer loop
      vertex 25.4 3.03923 0
      vertex 28.4757 14.0427 0
      vertex 25.4693 3.07625 0
    endloop
  endfacet
  facet normal 0 0 -1
    outer loop
      vertex 25.3333 2.99776 0
      vertex 28.4757 14.0427 0
      vertex 25.4 3.03923 0
    endloop
  endfacet
  facet normal 0 0 -1
    outer loop
      vertex 25.2695 2.95202 0
      vertex 28.4757 14.0427 0
      vertex 25.3333 2.99776 0
    endloop
  endfacet
  facet normal -0 0 -1
    outer loop
      vertex 28.4757 14.0427 0
      vertex 25.2695 2.95202 0
      vertex 27.4963 15.875 0
    endloop
  endfacet
  facet normal 0 0 -1
    outer loop
      vertex 25.2088 2.90221 0
      vertex 27.4963 15.875 0
      vertex 25.2695 2.95202 0
    endloop
  endfacet
  facet normal -0 0 -1
    outer loop
      vertex 27.4963 15.875 0
      vertex 25.2088 2.90221 0
      vertex 26.3992 17.6393 0
    endloop
  endfacet
  facet normal 0 0 -1
    outer loop
      vertex 25.1515 2.84853 0
      vertex 26.3992 17.6393 0
      vertex 25.2088 2.90221 0
    endloop
  endfacet
  facet normal 0 0 -1
    outer loop
      vertex 25.0978 2.79121 0
      vertex 26.3992 17.6393 0
      vertex 25.1515 2.84853 0
    endloop
  endfacet
  facet normal -0 0 -1
    outer loop
      vertex 26.3992 17.6393 0
      vertex 25.0978 2.79121 0
      vertex 25.189 19.3282 0
    endloop
  endfacet
  facet normal 0 0 -1
    outer loop
      vertex 25.048 2.73051 0
      vertex 25.189 19.3282 0
      vertex 25.0978 2.79121 0
    endloop
  endfacet
  facet normal 0 0 -1
    outer loop
      vertex 23.8709 20.9342 0
      vertex 25.048 2.73051 0
      vertex 25.0022 2.66668 0
    endloop
  endfacet
  facet normal 0 0 -1
    outer loop
      vertex 23.8709 20.9342 0
      vertex 25.0022 2.66668 0
      vertex 24.9608 2.6 0
    endloop
  endfacet
  facet normal 0 0 -1
    outer loop
      vertex 23.8709 20.9342 0
      vertex 24.9608 2.6 0
      vertex 24.9238 2.53075 0
    endloop
  endfacet
  facet normal 0 0 -1
    outer loop
      vertex 23.8709 20.9342 0
      vertex 24.9238 2.53075 0
      vertex 24.8913 2.45922 0
    endloop
  endfacet
  facet normal 0 0 -1
    outer loop
      vertex 23.8709 20.9342 0
      vertex 24.8913 2.45922 0
      vertex 24.8637 2.38573 0
    endloop
  endfacet
  facet normal 0 0 -1
    outer loop
      vertex 23.8709 20.9342 0
      vertex 24.8637 2.38573 0
      vertex 24.8409 2.31058 0
    endloop
  endfacet
  facet normal 0 0 -1
    outer loop
      vertex 23.8709 20.9342 0
      vertex 24.8409 2.31058 0
      vertex 24.8231 2.23411 0
    endloop
  endfacet
  facet normal 0 0 -1
    outer loop
      vertex 23.8709 20.9342 0
      vertex 24.8231 2.23411 0
      vertex 24.8103 2.15663 0
    endloop
  endfacet
  facet normal 0 0 -1
    outer loop
      vertex 23.8709 20.9342 0
      vertex 24.8103 2.15663 0
      vertex 24.8026 2.07848 0
    endloop
  endfacet
  facet normal 0 0 -1
    outer loop
      vertex 23.8709 20.9342 0
      vertex 24.8026 2.07848 0
      vertex 24.8 2 0
    endloop
  endfacet
  facet normal 0 0 -1
    outer loop
      vertex 25.048 2.73051 0
      vertex 23.8709 20.9342 0
      vertex 25.189 19.3282 0
    endloop
  endfacet
  facet normal 0 0 -1
    outer loop
      vertex 14.5762 12.34 0
      vertex 22.4506 22.4506 0
      vertex 20.4036 12.34 0
    endloop
  endfacet
  facet normal -0 0 -1
    outer loop
      vertex 22.4506 22.4506 0
      vertex 14.5762 12.34 0
      vertex 20.9342 23.8709 0
    endloop
  endfacet
  facet normal -0 0 -1
    outer loop
      vertex 20.9342 23.8709 0
      vertex 14.5762 12.34 0
      vertex 19.3282 25.189 0
    endloop
  endfacet
  facet normal -0 0 -1
    outer loop
      vertex 19.3282 25.189 0
      vertex 14.5762 12.34 0
      vertex 17.6393 26.3992 0
    endloop
  endfacet
  facet normal -0 0 -1
    outer loop
      vertex 17.6393 26.3992 0
      vertex 14.5762 12.34 0
      vertex 15.875 27.4963 0
    endloop
  endfacet
  facet normal -0 0 -1
    outer loop
      vertex 15.875 27.4963 0
      vertex 14.5762 12.34 0
      vertex 14.0427 28.4757 0
    endloop
  endfacet
  facet normal 0 0 -1
    outer loop
      vertex -5.82306 25.7341 0
      vertex 0 31.75 0
      vertex -5.81027 25.6566 0
    endloop
  endfacet
  facet normal 0 0 -1
    outer loop
      vertex 0 31.75 0
      vertex -5.82306 25.7341 0
      vertex -2.07654 31.682 0
    endloop
  endfacet
  facet normal 0 0 -1
    outer loop
      vertex -5.84089 25.8106 0
      vertex -2.07654 31.682 0
      vertex -5.82306 25.7341 0
    endloop
  endfacet
  facet normal 0 0 -1
    outer loop
      vertex -5.86368 25.8857 0
      vertex -2.07654 31.682 0
      vertex -5.84089 25.8106 0
    endloop
  endfacet
  facet normal 0 0 -1
    outer loop
      vertex -5.89134 25.9592 0
      vertex -2.07654 31.682 0
      vertex -5.86368 25.8857 0
    endloop
  endfacet
  facet normal 0 0 -1
    outer loop
      vertex -5.92375 26.0307 0
      vertex -2.07654 31.682 0
      vertex -5.89134 25.9592 0
    endloop
  endfacet
  facet normal 0 0 -1
    outer loop
      vertex -5.96077 26.1 0
      vertex -2.07654 31.682 0
      vertex -5.92375 26.0307 0
    endloop
  endfacet
  facet normal 0 0 -1
    outer loop
      vertex -2.07654 31.682 0
      vertex -5.96077 26.1 0
      vertex -4.1442 31.4784 0
    endloop
  endfacet
  facet normal 0 0 -1
    outer loop
      vertex -6.00224 26.1667 0
      vertex -4.1442 31.4784 0
      vertex -5.96077 26.1 0
    endloop
  endfacet
  facet normal 0 0 -1
    outer loop
      vertex -6.04798 26.2305 0
      vertex -4.1442 31.4784 0
      vertex -6.00224 26.1667 0
    endloop
  endfacet
  facet normal 0 0 -1
    outer loop
      vertex -6.09779 26.2912 0
      vertex -4.1442 31.4784 0
      vertex -6.04798 26.2305 0
    endloop
  endfacet
  facet normal 0 0 -1
    outer loop
      vertex -6.15147 26.3485 0
      vertex -4.1442 31.4784 0
      vertex -6.09779 26.2912 0
    endloop
  endfacet
  facet normal 0 0 -1
    outer loop
      vertex -6.20878 26.4022 0
      vertex -4.1442 31.4784 0
      vertex -6.15147 26.3485 0
    endloop
  endfacet
  facet normal 0 0 -1
    outer loop
      vertex -6.26949 26.452 0
      vertex -4.1442 31.4784 0
      vertex -6.20878 26.4022 0
    endloop
  endfacet
  facet normal 0 0 -1
    outer loop
      vertex -6.33331 26.4978 0
      vertex -4.1442 31.4784 0
      vertex -6.26949 26.452 0
    endloop
  endfacet
  facet normal 0 0 -1
    outer loop
      vertex -4.1442 31.4784 0
      vertex -6.33331 26.4978 0
      vertex -6.19411 31.1399 0
    endloop
  endfacet
  facet normal 0 0 -1
    outer loop
      vertex -6.4 26.5392 0
      vertex -6.19411 31.1399 0
      vertex -6.33331 26.4978 0
    endloop
  endfacet
  facet normal 0 0 -1
    outer loop
      vertex -6.46925 26.5762 0
      vertex -6.19411 31.1399 0
      vertex -6.4 26.5392 0
    endloop
  endfacet
  facet normal 0 0 -1
    outer loop
      vertex -6.54078 26.6087 0
      vertex -6.19411 31.1399 0
      vertex -6.46925 26.5762 0
    endloop
  endfacet
  facet normal 0 0 -1
    outer loop
      vertex -6.61427 26.6363 0
      vertex -6.19411 31.1399 0
      vertex -6.54078 26.6087 0
    endloop
  endfacet
  facet normal 0 0 -1
    outer loop
      vertex -6.68942 26.6591 0
      vertex -6.19411 31.1399 0
      vertex -6.61427 26.6363 0
    endloop
  endfacet
  facet normal 0 0 -1
    outer loop
      vertex -6.76589 26.6769 0
      vertex -6.19411 31.1399 0
      vertex -6.68942 26.6591 0
    endloop
  endfacet
  facet normal 0 0 -1
    outer loop
      vertex -6.84337 26.6897 0
      vertex -6.19411 31.1399 0
      vertex -6.76589 26.6769 0
    endloop
  endfacet
  facet normal 0 0 -1
    outer loop
      vertex -6.92152 26.6974 0
      vertex -6.19411 31.1399 0
      vertex -6.84337 26.6897 0
    endloop
  endfacet
  facet normal 0 0 -1
    outer loop
      vertex -8.2175 30.6681 0
      vertex -6.92152 26.6974 0
      vertex -7 26.7 0
    endloop
  endfacet
  facet normal 0 0 -1
    outer loop
      vertex -8.2175 30.6681 0
      vertex -7 26.7 0
      vertex -7.07848 26.6974 0
    endloop
  endfacet
  facet normal 0 0 -1
    outer loop
      vertex -8.2175 30.6681 0
      vertex -7.07848 26.6974 0
      vertex -7.15663 26.6897 0
    endloop
  endfacet
  facet normal 0 0 -1
    outer loop
      vertex -8.2175 30.6681 0
      vertex -7.15663 26.6897 0
      vertex -7.23411 26.6769 0
    endloop
  endfacet
  facet normal 0 0 -1
    outer loop
      vertex -8.2175 30.6681 0
      vertex -7.23411 26.6769 0
      vertex -7.31058 26.6591 0
    endloop
  endfacet
  facet normal 0 0 -1
    outer loop
      vertex -8.2175 30.6681 0
      vertex -7.31058 26.6591 0
      vertex -7.38573 26.6363 0
    endloop
  endfacet
  facet normal 0 0 -1
    outer loop
      vertex -8.2175 30.6681 0
      vertex -7.38573 26.6363 0
      vertex -7.45922 26.6087 0
    endloop
  endfacet
  facet normal 0 0 -1
    outer loop
      vertex -8.2175 30.6681 0
      vertex -7.45922 26.6087 0
      vertex -7.53075 26.5762 0
    endloop
  endfacet
  facet normal 0 0 -1
    outer loop
      vertex -8.2175 30.6681 0
      vertex -7.53075 26.5762 0
      vertex -7.6 26.5392 0
    endloop
  endfacet
  facet normal 0 0 -1
    outer loop
      vertex -10.2057 30.065 0
      vertex -7.6 26.5392 0
      vertex -7.66668 26.4978 0
    endloop
  endfacet
  facet normal 0 0 -1
    outer loop
      vertex -10.2057 30.065 0
      vertex -7.66668 26.4978 0
      vertex -7.73051 26.452 0
    endloop
  endfacet
  facet normal 0 0 -1
    outer loop
      vertex -10.2057 30.065 0
      vertex -7.73051 26.452 0
      vertex -7.79121 26.4022 0
    endloop
  endfacet
  facet normal 0 0 -1
    outer loop
      vertex -10.2057 30.065 0
      vertex -7.79121 26.4022 0
      vertex -7.84853 26.3485 0
    endloop
  endfacet
  facet normal 0 0 -1
    outer loop
      vertex -10.2057 30.065 0
      vertex -7.84853 26.3485 0
      vertex -7.90221 26.2912 0
    endloop
  endfacet
  facet normal 0 0 -1
    outer loop
      vertex -10.2057 30.065 0
      vertex -7.90221 26.2912 0
      vertex -7.95202 26.2305 0
    endloop
  endfacet
  facet normal 0 0 -1
    outer loop
      vertex -10.2057 30.065 0
      vertex -7.95202 26.2305 0
      vertex -7.99776 26.1667 0
    endloop
  endfacet
  facet normal 0 0 -1
    outer loop
      vertex -10.2057 30.065 0
      vertex -7.99776 26.1667 0
      vertex -8.03923 26.1 0
    endloop
  endfacet
  facet normal 0 0 -1
    outer loop
      vertex -10.2057 30.065 0
      vertex -8.03923 26.1 0
      vertex -8.07625 26.0307 0
    endloop
  endfacet
  facet normal 0 0 -1
    outer loop
      vertex -10.2057 30.065 0
      vertex -8.07625 26.0307 0
      vertex -8.10865 25.9592 0
    endloop
  endfacet
  facet normal 0 0 -1
    outer loop
      vertex -10.2057 30.065 0
      vertex -8.10865 25.9592 0
      vertex -8.13632 25.8857 0
    endloop
  endfacet
  facet normal 0 0 -1
    outer loop
      vertex -6.92152 26.6974 0
      vertex -8.2175 30.6681 0
      vertex -6.19411 31.1399 0
    endloop
  endfacet
  facet normal 0 0 -1
    outer loop
      vertex -10.2057 30.065 0
      vertex -8.13632 25.8857 0
      vertex -8.15911 25.8106 0
    endloop
  endfacet
  facet normal 0 0 -1
    outer loop
      vertex -10.2057 30.065 0
      vertex -8.15911 25.8106 0
      vertex -8.17694 25.7341 0
    endloop
  endfacet
  facet normal 0 0 -1
    outer loop
      vertex -10.2057 30.065 0
      vertex -8.17694 25.7341 0
      vertex -8.18973 25.6566 0
    endloop
  endfacet
  facet normal 0 0 -1
    outer loop
      vertex -10.2057 30.065 0
      vertex -8.18973 25.6566 0
      vertex -8.19743 25.5785 0
    endloop
  endfacet
  facet normal 0 0 -1
    outer loop
      vertex -14.0427 28.4757 0
      vertex -8.19743 25.5785 0
      vertex -8.2 25.5 0
    endloop
  endfacet
  facet normal 0 0 1
    outer loop
      vertex 23.2969 13.59 7.6
      vertex 22.019 12.34 7.6
      vertex 23.2969 0.99 7.6
    endloop
  endfacet
  facet normal 0 0 1
    outer loop
      vertex 23.2969 13.59 7.6
      vertex 16.1917 12.34 7.6
      vertex 22.019 12.34 7.6
    endloop
  endfacet
  facet normal 0 0 1
    outer loop
      vertex 16.1917 12.34 7.6
      vertex 14.9137 13.59 7.6
      vertex 16.1917 2.24 7.6
    endloop
  endfacet
  facet normal -0 0 1
    outer loop
      vertex 14.9137 13.59 7.6
      vertex 16.1917 12.34 7.6
      vertex 23.2969 13.59 7.6
    endloop
  endfacet
  facet normal -0 0 1
    outer loop
      vertex 22.019 2.24 7.6
      vertex 23.2969 0.99 7.6
      vertex 22.019 12.34 7.6
    endloop
  endfacet
  facet normal -0 0 1
    outer loop
      vertex 16.1917 2.24 7.6
      vertex 23.2969 0.99 7.6
      vertex 22.019 2.24 7.6
    endloop
  endfacet
  facet normal 0 0 1
    outer loop
      vertex 16.1917 2.24 7.6
      vertex 14.9137 0.99 7.6
      vertex 23.2969 0.99 7.6
    endloop
  endfacet
  facet normal 0 0 1
    outer loop
      vertex 14.9137 0.99 7.6
      vertex 16.1917 2.24 7.6
      vertex 14.9137 13.59 7.6
    endloop
  endfacet
  facet normal 0 0 1
    outer loop
      vertex -1.99789 30.4839 1.6
      vertex -5.80257 25.5785 1.6
      vertex -5.8 25.5 1.6
    endloop
  endfacet
  facet normal 0 0 1
    outer loop
      vertex -1.99789 30.4839 1.6
      vertex -5.81027 25.6566 1.6
      vertex -5.80257 25.5785 1.6
    endloop
  endfacet
  facet normal 0 0 1
    outer loop
      vertex -1.99789 30.4839 1.6
      vertex -5.82306 25.7341 1.6
      vertex -5.81027 25.6566 1.6
    endloop
  endfacet
  facet normal 0 0 1
    outer loop
      vertex -1.99789 30.4839 1.6
      vertex -5.84089 25.8106 1.6
      vertex -5.82306 25.7341 1.6
    endloop
  endfacet
  facet normal 0 0 1
    outer loop
      vertex -1.99789 30.4839 1.6
      vertex -5.86368 25.8857 1.6
      vertex -5.84089 25.8106 1.6
    endloop
  endfacet
  facet normal 0 0 1
    outer loop
      vertex -3.98752 30.288 1.6
      vertex -5.89134 25.9592 1.6
      vertex -5.86368 25.8857 1.6
    endloop
  endfacet
  facet normal 0 0 1
    outer loop
      vertex -3.98752 30.288 1.6
      vertex -5.92375 26.0307 1.6
      vertex -5.89134 25.9592 1.6
    endloop
  endfacet
  facet normal 0 0 1
    outer loop
      vertex -6.20878 26.4022 1.6
      vertex -3.98752 30.288 1.6
      vertex -5.95988 29.9623 1.6
    endloop
  endfacet
  facet normal 0 0 1
    outer loop
      vertex -3.98752 30.288 1.6
      vertex -5.96077 26.1 1.6
      vertex -5.92375 26.0307 1.6
    endloop
  endfacet
  facet normal 0 0 1
    outer loop
      vertex -3.98752 30.288 1.6
      vertex -6.00224 26.1667 1.6
      vertex -5.96077 26.1 1.6
    endloop
  endfacet
  facet normal 0 0 1
    outer loop
      vertex -3.98752 30.288 1.6
      vertex -6.04798 26.2305 1.6
      vertex -6.00224 26.1667 1.6
    endloop
  endfacet
  facet normal 0 0 1
    outer loop
      vertex -3.98752 30.288 1.6
      vertex -6.09779 26.2912 1.6
      vertex -6.04798 26.2305 1.6
    endloop
  endfacet
  facet normal 0 0 1
    outer loop
      vertex -3.98752 30.288 1.6
      vertex -6.15147 26.3485 1.6
      vertex -6.09779 26.2912 1.6
    endloop
  endfacet
  facet normal 0 0 1
    outer loop
      vertex -3.98752 30.288 1.6
      vertex -6.20878 26.4022 1.6
      vertex -6.15147 26.3485 1.6
    endloop
  endfacet
  facet normal 0 0 1
    outer loop
      vertex -5.95988 29.9623 1.6
      vertex -6.26949 26.452 1.6
      vertex -6.20878 26.4022 1.6
    endloop
  endfacet
  facet normal 0 0 1
    outer loop
      vertex -5.95988 29.9623 1.6
      vertex -6.33331 26.4978 1.6
      vertex -6.26949 26.452 1.6
    endloop
  endfacet
  facet normal 0 0 1
    outer loop
      vertex -5.95988 29.9623 1.6
      vertex -6.4 26.5392 1.6
      vertex -6.33331 26.4978 1.6
    endloop
  endfacet
  facet normal 0 0 1
    outer loop
      vertex -5.95988 29.9623 1.6
      vertex -6.46925 26.5762 1.6
      vertex -6.4 26.5392 1.6
    endloop
  endfacet
  facet normal 0 0 1
    outer loop
      vertex -5.95988 29.9623 1.6
      vertex -6.54078 26.6087 1.6
      vertex -6.46925 26.5762 1.6
    endloop
  endfacet
  facet normal 0 0 1
    outer loop
      vertex -5.95988 29.9623 1.6
      vertex -6.61427 26.6363 1.6
      vertex -6.54078 26.6087 1.6
    endloop
  endfacet
  facet normal 0 0 1
    outer loop
      vertex -5.95988 29.9623 1.6
      vertex -6.68942 26.6591 1.6
      vertex -6.61427 26.6363 1.6
    endloop
  endfacet
  facet normal 0 0 1
    outer loop
      vertex -5.95988 29.9623 1.6
      vertex -6.76589 26.6769 1.6
      vertex -6.68942 26.6591 1.6
    endloop
  endfacet
  facet normal 0 0 1
    outer loop
      vertex -5.95988 29.9623 1.6
      vertex -6.84337 26.6897 1.6
      vertex -6.76589 26.6769 1.6
    endloop
  endfacet
  facet normal -0 0 1
    outer loop
      vertex -7.90675 29.5084 1.6
      vertex -6.84337 26.6897 1.6
      vertex -5.95988 29.9623 1.6
    endloop
  endfacet
  facet normal 0 0 1
    outer loop
      vertex -6.84337 26.6897 1.6
      vertex -7.90675 29.5084 1.6
      vertex -6.92152 26.6974 1.6
    endloop
  endfacet
  facet normal 0 0 1
    outer loop
      vertex -6.92152 26.6974 1.6
      vertex -7.90675 29.5084 1.6
      vertex -7 26.7 1.6
    endloop
  endfacet
  facet normal 0 0 1
    outer loop
      vertex -7 26.7 1.6
      vertex -7.90675 29.5084 1.6
      vertex -7.07848 26.6974 1.6
    endloop
  endfacet
  facet normal 0 0 1
    outer loop
      vertex -7.07848 26.6974 1.6
      vertex -7.90675 29.5084 1.6
      vertex -7.15663 26.6897 1.6
    endloop
  endfacet
  facet normal 0 0 1
    outer loop
      vertex -7.15663 26.6897 1.6
      vertex -7.90675 29.5084 1.6
      vertex -7.23411 26.6769 1.6
    endloop
  endfacet
  facet normal 0 0 1
    outer loop
      vertex -7.23411 26.6769 1.6
      vertex -7.90675 29.5084 1.6
      vertex -7.31058 26.6591 1.6
    endloop
  endfacet
  facet normal 0 0 1
    outer loop
      vertex -7.31058 26.6591 1.6
      vertex -7.90675 29.5084 1.6
      vertex -7.38573 26.6363 1.6
    endloop
  endfacet
  facet normal 0 0 1
    outer loop
      vertex -7.38573 26.6363 1.6
      vertex -7.90675 29.5084 1.6
      vertex -7.45922 26.6087 1.6
    endloop
  endfacet
  facet normal 0 0 1
    outer loop
      vertex -7.45922 26.6087 1.6
      vertex -7.90675 29.5084 1.6
      vertex -7.53075 26.5762 1.6
    endloop
  endfacet
  facet normal 0 0 1
    outer loop
      vertex -7.53075 26.5762 1.6
      vertex -7.90675 29.5084 1.6
      vertex -7.6 26.5392 1.6
    endloop
  endfacet
  facet normal -0 0 1
    outer loop
      vertex -9.81972 28.9281 1.6
      vertex -7.6 26.5392 1.6
      vertex -7.90675 29.5084 1.6
    endloop
  endfacet
  facet normal 0 0 1
    outer loop
      vertex -7.6 26.5392 1.6
      vertex -9.81972 28.9281 1.6
      vertex -7.66668 26.4978 1.6
    endloop
  endfacet
  facet normal 0 0 1
    outer loop
      vertex -7.66668 26.4978 1.6
      vertex -9.81972 28.9281 1.6
      vertex -7.73051 26.452 1.6
    endloop
  endfacet
  facet normal 0 0 1
    outer loop
      vertex -7.73051 26.452 1.6
      vertex -9.81972 28.9281 1.6
      vertex -7.79121 26.4022 1.6
    endloop
  endfacet
  facet normal 0 0 1
    outer loop
      vertex -7.79121 26.4022 1.6
      vertex -9.81972 28.9281 1.6
      vertex -7.84853 26.3485 1.6
    endloop
  endfacet
  facet normal 0 0 1
    outer loop
      vertex -7.84853 26.3485 1.6
      vertex -9.81972 28.9281 1.6
      vertex -7.90221 26.2912 1.6
    endloop
  endfacet
  facet normal 0 0 1
    outer loop
      vertex -7.90221 26.2912 1.6
      vertex -9.81972 28.9281 1.6
      vertex -7.95202 26.2305 1.6
    endloop
  endfacet
  facet normal 0 0 1
    outer loop
      vertex -7.95202 26.2305 1.6
      vertex -9.81972 28.9281 1.6
      vertex -7.99776 26.1667 1.6
    endloop
  endfacet
  facet normal 0 0 1
    outer loop
      vertex -7.99776 26.1667 1.6
      vertex -9.81972 28.9281 1.6
      vertex -8.03923 26.1 1.6
    endloop
  endfacet
  facet normal 0 0 1
    outer loop
      vertex -8.03923 26.1 1.6
      vertex -9.81972 28.9281 1.6
      vertex -8.07625 26.0307 1.6
    endloop
  endfacet
  facet normal 0 0 1
    outer loop
      vertex -8.07625 26.0307 1.6
      vertex -9.81972 28.9281 1.6
      vertex -8.10865 25.9592 1.6
    endloop
  endfacet
  facet normal -0 0 1
    outer loop
      vertex -11.6909 28.2238 1.6
      vertex -8.10865 25.9592 1.6
      vertex -9.81972 28.9281 1.6
    endloop
  endfacet
  facet normal 0 0 1
    outer loop
      vertex -8.10865 25.9592 1.6
      vertex -11.6909 28.2238 1.6
      vertex -8.13632 25.8857 1.6
    endloop
  endfacet
  facet normal 0 0 1
    outer loop
      vertex -8.13632 25.8857 1.6
      vertex -11.6909 28.2238 1.6
      vertex -8.15911 25.8106 1.6
    endloop
  endfacet
  facet normal 0 0 1
    outer loop
      vertex -8.15911 25.8106 1.6
      vertex -11.6909 28.2238 1.6
      vertex -8.17694 25.7341 1.6
    endloop
  endfacet
  facet normal 0 0 1
    outer loop
      vertex -8.18973 25.6566 1.6
      vertex -11.6909 28.2238 1.6
      vertex -8.19743 25.5785 1.6
    endloop
  endfacet
  facet normal 0 0 1
    outer loop
      vertex -8.17694 25.7341 1.6
      vertex -11.6909 28.2238 1.6
      vertex -8.18973 25.6566 1.6
    endloop
  endfacet
  facet normal 0 0 1
    outer loop
      vertex 21.6017 21.6017 1.6
      vertex 22.0216 13.59 1.6
      vertex 22.9682 20.1426 1.6
    endloop
  endfacet
  facet normal 0 0 1
    outer loop
      vertex 13.6384 13.59 1.6
      vertex 21.6017 21.6017 1.6
      vertex 20.1426 22.9682 1.6
    endloop
  endfacet
  facet normal 0 0 1
    outer loop
      vertex 13.6384 13.59 1.6
      vertex 20.1426 22.9682 1.6
      vertex 18.5973 24.2364 1.6
    endloop
  endfacet
  facet normal 0 0 1
    outer loop
      vertex 13.6384 13.59 1.6
      vertex 18.5973 24.2364 1.6
      vertex 16.9723 25.4009 1.6
    endloop
  endfacet
  facet normal 0 0 1
    outer loop
      vertex 13.6384 13.59 1.6
      vertex 16.9723 25.4009 1.6
      vertex 15.2746 26.4565 1.6
    endloop
  endfacet
  facet normal 0 0 1
    outer loop
      vertex 21.6017 21.6017 1.6
      vertex 13.6384 13.59 1.6
      vertex 22.0216 13.59 1.6
    endloop
  endfacet
  facet normal 0 0 1
    outer loop
      vertex 11.6909 28.2238 1.6
      vertex 13.6384 13.59 1.6
      vertex 13.5116 27.3989 1.6
    endloop
  endfacet
  facet normal 0 0 1
    outer loop
      vertex 13.5116 27.3989 1.6
      vertex 13.6384 13.59 1.6
      vertex 15.2746 26.4565 1.6
    endloop
  endfacet
  facet normal 0 0 1
    outer loop
      vertex 30.4839 1.99789 1.6
      vertex 27.1974 2.07848 1.6
      vertex 27.2 2 1.6
    endloop
  endfacet
  facet normal 0 0 1
    outer loop
      vertex 28.2238 11.6909 1.6
      vertex 27.1897 2.15663 1.6
      vertex 27.1974 2.07848 1.6
    endloop
  endfacet
  facet normal 0 0 1
    outer loop
      vertex 28.2238 11.6909 1.6
      vertex 27.1769 2.23411 1.6
      vertex 27.1897 2.15663 1.6
    endloop
  endfacet
  facet normal 0 0 1
    outer loop
      vertex 28.2238 11.6909 1.6
      vertex 27.1591 2.31058 1.6
      vertex 27.1769 2.23411 1.6
    endloop
  endfacet
  facet normal 0 0 1
    outer loop
      vertex 28.2238 11.6909 1.6
      vertex 27.1363 2.38573 1.6
      vertex 27.1591 2.31058 1.6
    endloop
  endfacet
  facet normal 0 0 1
    outer loop
      vertex 28.2238 11.6909 1.6
      vertex 27.1087 2.45922 1.6
      vertex 27.1363 2.38573 1.6
    endloop
  endfacet
  facet normal 0 0 1
    outer loop
      vertex 28.2238 11.6909 1.6
      vertex 27.0762 2.53075 1.6
      vertex 27.1087 2.45922 1.6
    endloop
  endfacet
  facet normal 0 0 1
    outer loop
      vertex 28.2238 11.6909 1.6
      vertex 27.0392 2.6 1.6
      vertex 27.0762 2.53075 1.6
    endloop
  endfacet
  facet normal 0 0 1
    outer loop
      vertex 28.2238 11.6909 1.6
      vertex 26.9978 2.66668 1.6
      vertex 27.0392 2.6 1.6
    endloop
  endfacet
  facet normal 0 0 1
    outer loop
      vertex 28.2238 11.6909 1.6
      vertex 26.952 2.73051 1.6
      vertex 26.9978 2.66668 1.6
    endloop
  endfacet
  facet normal 0 0 1
    outer loop
      vertex 28.2238 11.6909 1.6
      vertex 26.9022 2.79121 1.6
      vertex 26.952 2.73051 1.6
    endloop
  endfacet
  facet normal 0 0 1
    outer loop
      vertex 28.2238 11.6909 1.6
      vertex 26.8485 2.84853 1.6
      vertex 26.9022 2.79121 1.6
    endloop
  endfacet
  facet normal 0 0 1
    outer loop
      vertex 28.2238 11.6909 1.6
      vertex 26.7912 2.90221 1.6
      vertex 26.8485 2.84853 1.6
    endloop
  endfacet
  facet normal 0 0 1
    outer loop
      vertex 28.2238 11.6909 1.6
      vertex 26.7305 2.95202 1.6
      vertex 26.7912 2.90221 1.6
    endloop
  endfacet
  facet normal 0 0 1
    outer loop
      vertex 28.2238 11.6909 1.6
      vertex 26.6667 2.99776 1.6
      vertex 26.7305 2.95202 1.6
    endloop
  endfacet
  facet normal 0 0 1
    outer loop
      vertex 28.2238 11.6909 1.6
      vertex 26.6 3.03923 1.6
      vertex 26.6667 2.99776 1.6
    endloop
  endfacet
  facet normal 0 0 1
    outer loop
      vertex 28.2238 11.6909 1.6
      vertex 26.5307 3.07625 1.6
      vertex 26.6 3.03923 1.6
    endloop
  endfacet
  facet normal 0 0 1
    outer loop
      vertex 28.2238 11.6909 1.6
      vertex 26.4592 3.10865 1.6
      vertex 26.5307 3.07625 1.6
    endloop
  endfacet
  facet normal -0 0 1
    outer loop
      vertex 22.0216 13.59 1.6
      vertex 27.3989 13.5116 1.6
      vertex 26.4565 15.2746 1.6
    endloop
  endfacet
  facet normal 0 0 1
    outer loop
      vertex 28.2238 11.6909 1.6
      vertex 26.3857 3.13632 1.6
      vertex 26.4592 3.10865 1.6
    endloop
  endfacet
  facet normal 0 0 1
    outer loop
      vertex 28.2238 11.6909 1.6
      vertex 26.3106 3.15911 1.6
      vertex 26.3857 3.13632 1.6
    endloop
  endfacet
  facet normal 0 0 1
    outer loop
      vertex 28.2238 11.6909 1.6
      vertex 26.2341 3.17694 1.6
      vertex 26.3106 3.15911 1.6
    endloop
  endfacet
  facet normal 0 0 1
    outer loop
      vertex 28.2238 11.6909 1.6
      vertex 26.1566 3.18973 1.6
      vertex 26.2341 3.17694 1.6
    endloop
  endfacet
  facet normal 0 0 1
    outer loop
      vertex 28.2238 11.6909 1.6
      vertex 26.0785 3.19743 1.6
      vertex 26.1566 3.18973 1.6
    endloop
  endfacet
  facet normal 0 0 1
    outer loop
      vertex 28.2238 11.6909 1.6
      vertex 26 3.2 1.6
      vertex 26.0785 3.19743 1.6
    endloop
  endfacet
  facet normal 0 -0 1
    outer loop
      vertex 25.6143 3.13632 1.6
      vertex 28.2238 11.6909 1.6
      vertex 22.0216 13.59 1.6
    endloop
  endfacet
  facet normal 0 0 1
    outer loop
      vertex 28.2238 11.6909 1.6
      vertex 25.9215 3.19743 1.6
      vertex 26 3.2 1.6
    endloop
  endfacet
  facet normal 0 0 1
    outer loop
      vertex 28.2238 11.6909 1.6
      vertex 25.8434 3.18973 1.6
      vertex 25.9215 3.19743 1.6
    endloop
  endfacet
  facet normal 0 0 1
    outer loop
      vertex 28.2238 11.6909 1.6
      vertex 25.7659 3.17694 1.6
      vertex 25.8434 3.18973 1.6
    endloop
  endfacet
  facet normal 0 0 1
    outer loop
      vertex 28.2238 11.6909 1.6
      vertex 25.6894 3.15911 1.6
      vertex 25.7659 3.17694 1.6
    endloop
  endfacet
  facet normal 0 0 1
    outer loop
      vertex 28.2238 11.6909 1.6
      vertex 25.6143 3.13632 1.6
      vertex 25.6894 3.15911 1.6
    endloop
  endfacet
  facet normal 0 0 1
    outer loop
      vertex 25.6143 3.13632 1.6
      vertex 22.0216 13.59 1.6
      vertex 25.5408 3.10865 1.6
    endloop
  endfacet
  facet normal 0 0 1
    outer loop
      vertex 22.0216 13.59 1.6
      vertex 26.4565 15.2746 1.6
      vertex 25.4009 16.9723 1.6
    endloop
  endfacet
  facet normal 0 0 1
    outer loop
      vertex 25.5408 3.10865 1.6
      vertex 22.0216 13.59 1.6
      vertex 25.4693 3.07625 1.6
    endloop
  endfacet
  facet normal 0 0 1
    outer loop
      vertex 25.4693 3.07625 1.6
      vertex 22.0216 13.59 1.6
      vertex 25.4 3.03923 1.6
    endloop
  endfacet
  facet normal 0 0 1
    outer loop
      vertex 25.4 3.03923 1.6
      vertex 22.0216 13.59 1.6
      vertex 25.3333 2.99776 1.6
    endloop
  endfacet
  facet normal 0 0 1
    outer loop
      vertex 25.3333 2.99776 1.6
      vertex 22.0216 13.59 1.6
      vertex 25.2695 2.95202 1.6
    endloop
  endfacet
  facet normal 0 0 1
    outer loop
      vertex 25.2695 2.95202 1.6
      vertex 22.0216 13.59 1.6
      vertex 25.2088 2.90221 1.6
    endloop
  endfacet
  facet normal 0 0 1
    outer loop
      vertex 25.2088 2.90221 1.6
      vertex 22.0216 13.59 1.6
      vertex 25.1515 2.84853 1.6
    endloop
  endfacet
  facet normal 0 0 1
    outer loop
      vertex 25.1515 2.84853 1.6
      vertex 22.0216 13.59 1.6
      vertex 25.0978 2.79121 1.6
    endloop
  endfacet
  facet normal 0 0 1
    outer loop
      vertex 22.0216 0.99 1.6
      vertex 25.0978 2.79121 1.6
      vertex 22.0216 13.59 1.6
    endloop
  endfacet
  facet normal 0 0 1
    outer loop
      vertex 25.0978 2.79121 1.6
      vertex 22.0216 0.99 1.6
      vertex 25.048 2.73051 1.6
    endloop
  endfacet
  facet normal 0 0 1
    outer loop
      vertex 25.048 2.73051 1.6
      vertex 22.0216 0.99 1.6
      vertex 25.0022 2.66668 1.6
    endloop
  endfacet
  facet normal 0 0 1
    outer loop
      vertex 25.0022 2.66668 1.6
      vertex 22.0216 0.99 1.6
      vertex 24.9608 2.6 1.6
    endloop
  endfacet
  facet normal 0 0 1
    outer loop
      vertex 24.9608 2.6 1.6
      vertex 22.0216 0.99 1.6
      vertex 24.9238 2.53075 1.6
    endloop
  endfacet
  facet normal 0 0 1
    outer loop
      vertex 24.9238 2.53075 1.6
      vertex 22.0216 0.99 1.6
      vertex 24.8913 2.45922 1.6
    endloop
  endfacet
  facet normal 0 0 1
    outer loop
      vertex 24.8913 2.45922 1.6
      vertex 22.0216 0.99 1.6
      vertex 24.8637 2.38573 1.6
    endloop
  endfacet
  facet normal 0 0 1
    outer loop
      vertex 24.8637 2.38573 1.6
      vertex 22.0216 0.99 1.6
      vertex 24.8409 2.31058 1.6
    endloop
  endfacet
  facet normal 0 0 1
    outer loop
      vertex 24.8409 2.31058 1.6
      vertex 22.0216 0.99 1.6
      vertex 24.8231 2.23411 1.6
    endloop
  endfacet
  facet normal 0 0 1
    outer loop
      vertex 24.8231 2.23411 1.6
      vertex 22.0216 0.99 1.6
      vertex 24.8103 2.15663 1.6
    endloop
  endfacet
  facet normal 0 0 1
    outer loop
      vertex 22.0216 13.59 1.6
      vertex 25.4009 16.9723 1.6
      vertex 24.2364 18.5973 1.6
    endloop
  endfacet
  facet normal -0 0 1
    outer loop
      vertex 27.1363 1.61427 1.6
      vertex 30.5494 0 1.6
      vertex 30.4839 1.99789 1.6
    endloop
  endfacet
  facet normal -0 0 1
    outer loop
      vertex 27.1974 2.07848 1.6
      vertex 30.4839 1.99789 1.6
      vertex 30.288 3.98752 1.6
    endloop
  endfacet
  facet normal 0 0 1
    outer loop
      vertex 27.1363 1.61427 1.6
      vertex 30.4839 1.99789 1.6
      vertex 27.1591 1.68942 1.6
    endloop
  endfacet
  facet normal 0 0 1
    outer loop
      vertex 27.1974 2.07848 1.6
      vertex 30.288 3.98752 1.6
      vertex 29.9623 5.95988 1.6
    endloop
  endfacet
  facet normal 0 0 1
    outer loop
      vertex 30.4839 1.99789 1.6
      vertex 27.1897 1.84337 1.6
      vertex 27.1769 1.76589 1.6
    endloop
  endfacet
  facet normal 0 0 1
    outer loop
      vertex 30.5494 0 1.6
      vertex 27.1087 1.54078 1.6
      vertex 27.0762 1.46925 1.6
    endloop
  endfacet
  facet normal 0 0 1
    outer loop
      vertex 27.1974 2.07848 1.6
      vertex 29.9623 5.95988 1.6
      vertex 29.5084 7.90675 1.6
    endloop
  endfacet
  facet normal 0 0 1
    outer loop
      vertex 27.1974 2.07848 1.6
      vertex 29.5084 7.90675 1.6
      vertex 28.9281 9.81972 1.6
    endloop
  endfacet
  facet normal 0 0 1
    outer loop
      vertex 27.1974 2.07848 1.6
      vertex 28.9281 9.81972 1.6
      vertex 28.2238 11.6909 1.6
    endloop
  endfacet
  facet normal 0 0 1
    outer loop
      vertex 22.0216 13.59 1.6
      vertex 28.2238 11.6909 1.6
      vertex 27.3989 13.5116 1.6
    endloop
  endfacet
  facet normal 0 0 1
    outer loop
      vertex 30.4839 1.99789 1.6
      vertex 27.2 2 1.6
      vertex 27.1974 1.92152 1.6
    endloop
  endfacet
  facet normal 0 0 1
    outer loop
      vertex 30.4839 1.99789 1.6
      vertex 27.1974 1.92152 1.6
      vertex 27.1897 1.84337 1.6
    endloop
  endfacet
  facet normal 0 0 1
    outer loop
      vertex 30.4839 1.99789 1.6
      vertex 27.1769 1.76589 1.6
      vertex 27.1591 1.68942 1.6
    endloop
  endfacet
  facet normal 0 0 1
    outer loop
      vertex 30.5494 0 1.6
      vertex 27.1363 1.61427 1.6
      vertex 27.1087 1.54078 1.6
    endloop
  endfacet
  facet normal 0 0 1
    outer loop
      vertex 30.5494 0 1.6
      vertex 27.0762 1.46925 1.6
      vertex 27.0392 1.4 1.6
    endloop
  endfacet
  facet normal 0 0 1
    outer loop
      vertex 30.5494 0 1.6
      vertex 27.0392 1.4 1.6
      vertex 26.9978 1.33331 1.6
    endloop
  endfacet
  facet normal -0 0 1
    outer loop
      vertex 26.952 1.26949 1.6
      vertex 30.5494 0 1.6
      vertex 26.9978 1.33331 1.6
    endloop
  endfacet
  facet normal -0 0 1
    outer loop
      vertex 26.9022 1.20878 1.6
      vertex 30.5494 0 1.6
      vertex 26.952 1.26949 1.6
    endloop
  endfacet
  facet normal -0 0 1
    outer loop
      vertex 26.8485 1.15147 1.6
      vertex 30.5494 0 1.6
      vertex 26.9022 1.20878 1.6
    endloop
  endfacet
  facet normal -0 0 1
    outer loop
      vertex 26.7912 1.09779 1.6
      vertex 30.5494 0 1.6
      vertex 26.8485 1.15147 1.6
    endloop
  endfacet
  facet normal -0 0 1
    outer loop
      vertex 26.7305 1.04798 1.6
      vertex 30.5494 0 1.6
      vertex 26.7912 1.09779 1.6
    endloop
  endfacet
  facet normal 0 0 1
    outer loop
      vertex 30.5494 0 1.6
      vertex 26.7305 1.04798 1.6
      vertex 30.4839 -1.99789 1.6
    endloop
  endfacet
  facet normal -0 0 1
    outer loop
      vertex 26.6667 1.00224 1.6
      vertex 30.4839 -1.99789 1.6
      vertex 26.7305 1.04798 1.6
    endloop
  endfacet
  facet normal -0 0 1
    outer loop
      vertex 26.6 0.960769 1.6
      vertex 30.4839 -1.99789 1.6
      vertex 26.6667 1.00224 1.6
    endloop
  endfacet
  facet normal -0 0 1
    outer loop
      vertex 26.5307 0.923752 1.6
      vertex 30.4839 -1.99789 1.6
      vertex 26.6 0.960769 1.6
    endloop
  endfacet
  facet normal -0 0 1
    outer loop
      vertex 26.4592 0.891344 1.6
      vertex 30.4839 -1.99789 1.6
      vertex 26.5307 0.923752 1.6
    endloop
  endfacet
  facet normal -0 0 1
    outer loop
      vertex 26.3857 0.863684 1.6
      vertex 30.4839 -1.99789 1.6
      vertex 26.4592 0.891344 1.6
    endloop
  endfacet
  facet normal -0 0 1
    outer loop
      vertex 26.3106 0.840889 1.6
      vertex 30.4839 -1.99789 1.6
      vertex 26.3857 0.863684 1.6
    endloop
  endfacet
  facet normal -0 0 1
    outer loop
      vertex 26.2341 0.823057 1.6
      vertex 30.4839 -1.99789 1.6
      vertex 26.3106 0.840889 1.6
    endloop
  endfacet
  facet normal 0 0 1
    outer loop
      vertex 30.4839 -1.99789 1.6
      vertex 26.2341 0.823057 1.6
      vertex 30.288 -3.98752 1.6
    endloop
  endfacet
  facet normal -0 0 1
    outer loop
      vertex 26.1566 0.810266 1.6
      vertex 30.288 -3.98752 1.6
      vertex 26.2341 0.823057 1.6
    endloop
  endfacet
  facet normal -0 0 1
    outer loop
      vertex 26.0785 0.802568 1.6
      vertex 30.288 -3.98752 1.6
      vertex 26.1566 0.810266 1.6
    endloop
  endfacet
  facet normal -0 0 1
    outer loop
      vertex 26 0.799999 1.6
      vertex 30.288 -3.98752 1.6
      vertex 26.0785 0.802568 1.6
    endloop
  endfacet
  facet normal 0 0 1
    outer loop
      vertex 25.9215 0.802568 1.6
      vertex 30.288 -3.98752 1.6
      vertex 26 0.799999 1.6
    endloop
  endfacet
  facet normal 0 0 1
    outer loop
      vertex 25.8434 0.810266 1.6
      vertex 30.288 -3.98752 1.6
      vertex 25.9215 0.802568 1.6
    endloop
  endfacet
  facet normal 0 0 1
    outer loop
      vertex 30.288 -3.98752 1.6
      vertex 25.8434 0.810266 1.6
      vertex 29.9623 -5.95988 1.6
    endloop
  endfacet
  facet normal 0 0 1
    outer loop
      vertex 25.7659 0.823057 1.6
      vertex 29.9623 -5.95988 1.6
      vertex 25.8434 0.810266 1.6
    endloop
  endfacet
  facet normal 0 0 1
    outer loop
      vertex 25.6894 0.840889 1.6
      vertex 29.9623 -5.95988 1.6
      vertex 25.7659 0.823057 1.6
    endloop
  endfacet
  facet normal 0 0 1
    outer loop
      vertex 25.6143 0.863684 1.6
      vertex 29.9623 -5.95988 1.6
      vertex 25.6894 0.840889 1.6
    endloop
  endfacet
  facet normal 0 0 1
    outer loop
      vertex 29.9623 -5.95988 1.6
      vertex 25.6143 0.863684 1.6
      vertex 29.6965 -7.09999 1.6
    endloop
  endfacet
  facet normal 0 0 1
    outer loop
      vertex 22.0216 0.99 1.6
      vertex 25.6143 0.863684 1.6
      vertex 25.5408 0.891344 1.6
    endloop
  endfacet
  facet normal 0 0 1
    outer loop
      vertex 22.0216 0.99 1.6
      vertex 25.5408 0.891344 1.6
      vertex 25.4693 0.923752 1.6
    endloop
  endfacet
  facet normal 0 0 1
    outer loop
      vertex 22.0216 0.99 1.6
      vertex 25.4693 0.923752 1.6
      vertex 25.4 0.960769 1.6
    endloop
  endfacet
  facet normal -0 0 1
    outer loop
      vertex 22.0216 0.99 1.6
      vertex 25.4 0.960769 1.6
      vertex 25.3333 1.00224 1.6
    endloop
  endfacet
  facet normal 0 0 1
    outer loop
      vertex 22.0216 0.99 1.6
      vertex 25.3333 1.00224 1.6
      vertex 25.2695 1.04798 1.6
    endloop
  endfacet
  facet normal 0 0 1
    outer loop
      vertex 22.0216 0.99 1.6
      vertex 25.2695 1.04798 1.6
      vertex 25.2088 1.09779 1.6
    endloop
  endfacet
  facet normal 0 0 1
    outer loop
      vertex 22.0216 0.99 1.6
      vertex 25.2088 1.09779 1.6
      vertex 25.1515 1.15147 1.6
    endloop
  endfacet
  facet normal 0 0 1
    outer loop
      vertex 22.0216 0.99 1.6
      vertex 25.1515 1.15147 1.6
      vertex 25.0978 1.20878 1.6
    endloop
  endfacet
  facet normal 0 0 1
    outer loop
      vertex 22.0216 0.99 1.6
      vertex 25.0978 1.20878 1.6
      vertex 25.048 1.26949 1.6
    endloop
  endfacet
  facet normal 0 0 1
    outer loop
      vertex 22.0216 0.99 1.6
      vertex 25.048 1.26949 1.6
      vertex 25.0022 1.33331 1.6
    endloop
  endfacet
  facet normal 0 0 1
    outer loop
      vertex 22.0216 0.99 1.6
      vertex 25.0022 1.33331 1.6
      vertex 24.9608 1.4 1.6
    endloop
  endfacet
  facet normal 0 0 1
    outer loop
      vertex 24.8103 2.15663 1.6
      vertex 22.0216 0.99 1.6
      vertex 24.8026 2.07848 1.6
    endloop
  endfacet
  facet normal 0 0 1
    outer loop
      vertex 22.0216 13.59 1.6
      vertex 24.2364 18.5973 1.6
      vertex 22.9682 20.1426 1.6
    endloop
  endfacet
  facet normal 0 0 1
    outer loop
      vertex 24.8026 2.07848 1.6
      vertex 22.0216 0.99 1.6
      vertex 24.8 2 1.6
    endloop
  endfacet
  facet normal 0 0 1
    outer loop
      vertex 24.8 2 1.6
      vertex 22.0216 0.99 1.6
      vertex 24.8026 1.92152 1.6
    endloop
  endfacet
  facet normal 0 0 1
    outer loop
      vertex 24.8026 1.92152 1.6
      vertex 22.0216 0.99 1.6
      vertex 24.8103 1.84337 1.6
    endloop
  endfacet
  facet normal 0 0 1
    outer loop
      vertex 24.8103 1.84337 1.6
      vertex 22.0216 0.99 1.6
      vertex 24.8231 1.76589 1.6
    endloop
  endfacet
  facet normal 0 0 1
    outer loop
      vertex 24.8231 1.76589 1.6
      vertex 22.0216 0.99 1.6
      vertex 24.8409 1.68942 1.6
    endloop
  endfacet
  facet normal 0 0 1
    outer loop
      vertex 22.0216 0.99 1.6
      vertex 24.8637 1.61427 1.6
      vertex 24.8409 1.68942 1.6
    endloop
  endfacet
  facet normal 0 0 1
    outer loop
      vertex 22.0216 0.99 1.6
      vertex 24.8913 1.54078 1.6
      vertex 24.8637 1.61427 1.6
    endloop
  endfacet
  facet normal 0 0 1
    outer loop
      vertex 22.0216 0.99 1.6
      vertex 24.9238 1.46925 1.6
      vertex 24.8913 1.54078 1.6
    endloop
  endfacet
  facet normal 0 0 1
    outer loop
      vertex 22.0216 0.99 1.6
      vertex 24.9608 1.4 1.6
      vertex 24.9238 1.46925 1.6
    endloop
  endfacet
  facet normal 0 0 1
    outer loop
      vertex 25.6143 0.863684 1.6
      vertex 22.0216 0.99 1.6
      vertex 29.6965 -7.09999 1.6
    endloop
  endfacet
  facet normal 0 0 1
    outer loop
      vertex 8.02127 -7.09999 1.6
      vertex 22.0216 0.99 1.6
      vertex 13.6384 0.99 1.6
    endloop
  endfacet
  facet normal 0 0 1
    outer loop
      vertex 9.81972 28.9281 1.6
      vertex 13.6384 13.59 1.6
      vertex 11.6909 28.2238 1.6
    endloop
  endfacet
  facet normal 0 0 1
    outer loop
      vertex 7.90675 29.5084 1.6
      vertex 13.6384 13.59 1.6
      vertex 9.81972 28.9281 1.6
    endloop
  endfacet
  facet normal 0 0 1
    outer loop
      vertex 22.0216 0.99 1.6
      vertex 8.02127 -7.09999 1.6
      vertex 29.6965 -7.09999 1.6
    endloop
  endfacet
  facet normal 0 0 1
    outer loop
      vertex 13.6384 13.59 1.6
      vertex 3.92126 -1.3 1.6
      vertex 13.6384 0.99 1.6
    endloop
  endfacet
  facet normal 0 0 1
    outer loop
      vertex 5.95988 29.9623 1.6
      vertex 13.6384 13.59 1.6
      vertex 7.90675 29.5084 1.6
    endloop
  endfacet
  facet normal 0 0 1
    outer loop
      vertex 13.6384 13.59 1.6
      vertex 5.95988 29.9623 1.6
      vertex -6.00224 24.8333 1.6
    endloop
  endfacet
  facet normal 0 0 1
    outer loop
      vertex -5.96077 24.9 1.6
      vertex 5.95988 29.9623 1.6
      vertex 3.98752 30.288 1.6
    endloop
  endfacet
  facet normal 0 0 1
    outer loop
      vertex 13.6384 0.99 1.6
      vertex 3.92126 -1.3 1.6
      vertex 8.02127 -7.09999 1.6
    endloop
  endfacet
  facet normal 0 0 1
    outer loop
      vertex -5.89134 25.0408 1.6
      vertex 3.98752 30.288 1.6
      vertex 1.99789 30.4839 1.6
    endloop
  endfacet
  facet normal 0 0 1
    outer loop
      vertex -5.82306 25.2659 1.6
      vertex 1.99789 30.4839 1.6
      vertex 0 30.5494 1.6
    endloop
  endfacet
  facet normal 0 0 1
    outer loop
      vertex -5.8 25.5 1.6
      vertex 0 30.5494 1.6
      vertex -1.99789 30.4839 1.6
    endloop
  endfacet
  facet normal 0 0 1
    outer loop
      vertex -5.86368 25.8857 1.6
      vertex -1.99789 30.4839 1.6
      vertex -3.98752 30.288 1.6
    endloop
  endfacet
  facet normal 0 0 1
    outer loop
      vertex 0 30.5494 1.6
      vertex -5.8 25.5 1.6
      vertex -5.80257 25.4215 1.6
    endloop
  endfacet
  facet normal 0 0 1
    outer loop
      vertex 0 30.5494 1.6
      vertex -5.80257 25.4215 1.6
      vertex -5.81027 25.3434 1.6
    endloop
  endfacet
  facet normal 0 0 1
    outer loop
      vertex 0 30.5494 1.6
      vertex -5.81027 25.3434 1.6
      vertex -5.82306 25.2659 1.6
    endloop
  endfacet
  facet normal 0 0 1
    outer loop
      vertex 1.99789 30.4839 1.6
      vertex -5.82306 25.2659 1.6
      vertex -5.84089 25.1894 1.6
    endloop
  endfacet
  facet normal 0 0 1
    outer loop
      vertex 1.99789 30.4839 1.6
      vertex -5.84089 25.1894 1.6
      vertex -5.86368 25.1143 1.6
    endloop
  endfacet
  facet normal 0 0 1
    outer loop
      vertex 1.99789 30.4839 1.6
      vertex -5.86368 25.1143 1.6
      vertex -5.89134 25.0408 1.6
    endloop
  endfacet
  facet normal 0 0 1
    outer loop
      vertex 3.98752 30.288 1.6
      vertex -5.89134 25.0408 1.6
      vertex -5.92375 24.9693 1.6
    endloop
  endfacet
  facet normal 0 0 1
    outer loop
      vertex 3.98752 30.288 1.6
      vertex -5.92375 24.9693 1.6
      vertex -5.96077 24.9 1.6
    endloop
  endfacet
  facet normal 0 0 1
    outer loop
      vertex 5.95988 29.9623 1.6
      vertex -5.96077 24.9 1.6
      vertex -6.00224 24.8333 1.6
    endloop
  endfacet
  facet normal 0 0 1
    outer loop
      vertex 13.6384 13.59 1.6
      vertex -6.00224 24.8333 1.6
      vertex -6.04798 24.7695 1.6
    endloop
  endfacet
  facet normal 0 0 1
    outer loop
      vertex 13.6384 13.59 1.6
      vertex -6.04798 24.7695 1.6
      vertex -6.09779 24.7088 1.6
    endloop
  endfacet
  facet normal -0 0 1
    outer loop
      vertex -6.15147 24.6515 1.6
      vertex 13.6384 13.59 1.6
      vertex -6.09779 24.7088 1.6
    endloop
  endfacet
  facet normal -0 0 1
    outer loop
      vertex -6.20878 24.5978 1.6
      vertex 13.6384 13.59 1.6
      vertex -6.15147 24.6515 1.6
    endloop
  endfacet
  facet normal -0 0 1
    outer loop
      vertex -6.26949 24.548 1.6
      vertex 13.6384 13.59 1.6
      vertex -6.20878 24.5978 1.6
    endloop
  endfacet
  facet normal -0 0 1
    outer loop
      vertex -6.33331 24.5022 1.6
      vertex 13.6384 13.59 1.6
      vertex -6.26949 24.548 1.6
    endloop
  endfacet
  facet normal -0 0 1
    outer loop
      vertex -6.4 24.4608 1.6
      vertex 13.6384 13.59 1.6
      vertex -6.33331 24.5022 1.6
    endloop
  endfacet
  facet normal -0 0 1
    outer loop
      vertex -6.46925 24.4238 1.6
      vertex 13.6384 13.59 1.6
      vertex -6.4 24.4608 1.6
    endloop
  endfacet
  facet normal 0 0 1
    outer loop
      vertex 13.6384 13.59 1.6
      vertex -6.46925 24.4238 1.6
      vertex 3.92126 -1.3 1.6
    endloop
  endfacet
  facet normal -0 0 1
    outer loop
      vertex -6.54078 24.3913 1.6
      vertex 3.92126 -1.3 1.6
      vertex -6.46925 24.4238 1.6
    endloop
  endfacet
  facet normal -0 0 1
    outer loop
      vertex -6.61427 24.3637 1.6
      vertex 3.92126 -1.3 1.6
      vertex -6.54078 24.3913 1.6
    endloop
  endfacet
  facet normal -0 0 1
    outer loop
      vertex -6.68942 24.3409 1.6
      vertex 3.92126 -1.3 1.6
      vertex -6.61427 24.3637 1.6
    endloop
  endfacet
  facet normal -0 0 1
    outer loop
      vertex -6.76589 24.3231 1.6
      vertex 3.92126 -1.3 1.6
      vertex -6.68942 24.3409 1.6
    endloop
  endfacet
  facet normal -0 0 1
    outer loop
      vertex -6.84337 24.3103 1.6
      vertex 3.92126 -1.3 1.6
      vertex -6.76589 24.3231 1.6
    endloop
  endfacet
  facet normal -0 0 1
    outer loop
      vertex -6.92152 24.3026 1.6
      vertex 3.92126 -1.3 1.6
      vertex -6.84337 24.3103 1.6
    endloop
  endfacet
  facet normal -0 0 1
    outer loop
      vertex -7 24.3 1.6
      vertex 3.92126 -1.3 1.6
      vertex -6.92152 24.3026 1.6
    endloop
  endfacet
  facet normal 0 0 1
    outer loop
      vertex -7.07848 24.3026 1.6
      vertex 3.92126 -1.3 1.6
      vertex -7 24.3 1.6
    endloop
  endfacet
  facet normal 0 0 1
    outer loop
      vertex -7.15663 24.3103 1.6
      vertex 3.92126 -1.3 1.6
      vertex -7.07848 24.3026 1.6
    endloop
  endfacet
  facet normal 0 0 1
    outer loop
      vertex -7.23411 24.3231 1.6
      vertex 3.92126 -1.3 1.6
      vertex -7.15663 24.3103 1.6
    endloop
  endfacet
  facet normal 0 0 1
    outer loop
      vertex -25.4009 16.9723 1.6
      vertex -7.23411 24.3231 1.6
      vertex -7.31058 24.3409 1.6
    endloop
  endfacet
  facet normal 0 0 1
    outer loop
      vertex -24.2364 18.5973 1.6
      vertex -7.31058 24.3409 1.6
      vertex -7.38573 24.3637 1.6
    endloop
  endfacet
  facet normal 0 0 1
    outer loop
      vertex -22.9682 20.1426 1.6
      vertex -7.38573 24.3637 1.6
      vertex -7.45922 24.3913 1.6
    endloop
  endfacet
  facet normal 0 0 1
    outer loop
      vertex -21.6017 21.6017 1.6
      vertex -7.45922 24.3913 1.6
      vertex -7.53075 24.4238 1.6
    endloop
  endfacet
  facet normal 0 0 1
    outer loop
      vertex -20.1426 22.9682 1.6
      vertex -7.53075 24.4238 1.6
      vertex -7.6 24.4608 1.6
    endloop
  endfacet
  facet normal 0 0 1
    outer loop
      vertex -18.5973 24.2364 1.6
      vertex -7.6 24.4608 1.6
      vertex -7.66668 24.5022 1.6
    endloop
  endfacet
  facet normal 0 0 1
    outer loop
      vertex -18.5973 24.2364 1.6
      vertex -7.66668 24.5022 1.6
      vertex -7.73051 24.548 1.6
    endloop
  endfacet
  facet normal 0 0 1
    outer loop
      vertex -18.5973 24.2364 1.6
      vertex -7.73051 24.548 1.6
      vertex -7.79121 24.5978 1.6
    endloop
  endfacet
  facet normal 0 0 1
    outer loop
      vertex -16.9723 25.4009 1.6
      vertex -7.79121 24.5978 1.6
      vertex -7.84853 24.6515 1.6
    endloop
  endfacet
  facet normal 0 0 1
    outer loop
      vertex -16.9723 25.4009 1.6
      vertex -7.84853 24.6515 1.6
      vertex -7.90221 24.7088 1.6
    endloop
  endfacet
  facet normal 0 0 1
    outer loop
      vertex -15.2746 26.4565 1.6
      vertex -7.90221 24.7088 1.6
      vertex -7.95202 24.7695 1.6
    endloop
  endfacet
  facet normal 0 0 1
    outer loop
      vertex -15.2746 26.4565 1.6
      vertex -7.95202 24.7695 1.6
      vertex -7.99776 24.8333 1.6
    endloop
  endfacet
  facet normal 0 0 1
    outer loop
      vertex -15.2746 26.4565 1.6
      vertex -7.99776 24.8333 1.6
      vertex -8.03923 24.9 1.6
    endloop
  endfacet
  facet normal 0 0 1
    outer loop
      vertex -15.2746 26.4565 1.6
      vertex -8.03923 24.9 1.6
      vertex -8.07625 24.9693 1.6
    endloop
  endfacet
  facet normal 0 0 1
    outer loop
      vertex -8.19743 25.5785 1.6
      vertex -11.6909 28.2238 1.6
      vertex -8.2 25.5 1.6
    endloop
  endfacet
  facet normal 0 0 1
    outer loop
      vertex -8.2 25.5 1.6
      vertex -11.6909 28.2238 1.6
      vertex -8.19743 25.4215 1.6
    endloop
  endfacet
  facet normal 0 0 1
    outer loop
      vertex -8.19743 25.4215 1.6
      vertex -11.6909 28.2238 1.6
      vertex -8.18973 25.3434 1.6
    endloop
  endfacet
  facet normal -0 0 1
    outer loop
      vertex -13.5116 27.3989 1.6
      vertex -8.18973 25.3434 1.6
      vertex -11.6909 28.2238 1.6
    endloop
  endfacet
  facet normal 0 0 1
    outer loop
      vertex -8.18973 25.3434 1.6
      vertex -13.5116 27.3989 1.6
      vertex -8.17694 25.2659 1.6
    endloop
  endfacet
  facet normal 0 0 1
    outer loop
      vertex -8.17694 25.2659 1.6
      vertex -13.5116 27.3989 1.6
      vertex -8.15911 25.1894 1.6
    endloop
  endfacet
  facet normal 0 0 1
    outer loop
      vertex -8.15911 25.1894 1.6
      vertex -13.5116 27.3989 1.6
      vertex -8.13632 25.1143 1.6
    endloop
  endfacet
  facet normal 0 0 1
    outer loop
      vertex -8.13632 25.1143 1.6
      vertex -13.5116 27.3989 1.6
      vertex -8.10865 25.0408 1.6
    endloop
  endfacet
  facet normal 0 0 1
    outer loop
      vertex -8.10865 25.0408 1.6
      vertex -13.5116 27.3989 1.6
      vertex -8.07625 24.9693 1.6
    endloop
  endfacet
  facet normal -0 0 1
    outer loop
      vertex -15.2746 26.4565 1.6
      vertex -8.07625 24.9693 1.6
      vertex -13.5116 27.3989 1.6
    endloop
  endfacet
  facet normal 0 0 1
    outer loop
      vertex -7.90221 24.7088 1.6
      vertex -15.2746 26.4565 1.6
      vertex -16.9723 25.4009 1.6
    endloop
  endfacet
  facet normal 0 0 1
    outer loop
      vertex -7.79121 24.5978 1.6
      vertex -16.9723 25.4009 1.6
      vertex -18.5973 24.2364 1.6
    endloop
  endfacet
  facet normal 0 0 1
    outer loop
      vertex -7.6 24.4608 1.6
      vertex -18.5973 24.2364 1.6
      vertex -20.1426 22.9682 1.6
    endloop
  endfacet
  facet normal 0 0 1
    outer loop
      vertex -7.53075 24.4238 1.6
      vertex -20.1426 22.9682 1.6
      vertex -21.6017 21.6017 1.6
    endloop
  endfacet
  facet normal 0 0 1
    outer loop
      vertex -7.45922 24.3913 1.6
      vertex -21.6017 21.6017 1.6
      vertex -22.9682 20.1426 1.6
    endloop
  endfacet
  facet normal 0 0 1
    outer loop
      vertex -7.38573 24.3637 1.6
      vertex -22.9682 20.1426 1.6
      vertex -24.2364 18.5973 1.6
    endloop
  endfacet
  facet normal 0 0 1
    outer loop
      vertex -7.31058 24.3409 1.6
      vertex -24.2364 18.5973 1.6
      vertex -25.4009 16.9723 1.6
    endloop
  endfacet
  facet normal 0 0 1
    outer loop
      vertex -7.23411 24.3231 1.6
      vertex -25.4009 16.9723 1.6
      vertex 3.92126 -1.3 1.6
    endloop
  endfacet
  facet normal -0 0 1
    outer loop
      vertex -26.4565 15.2746 1.6
      vertex 3.92126 -1.3 1.6
      vertex -25.4009 16.9723 1.6
    endloop
  endfacet
  facet normal -0 0 1
    outer loop
      vertex -27.3989 13.5116 1.6
      vertex 3.92126 -1.3 1.6
      vertex -26.4565 15.2746 1.6
    endloop
  endfacet
  facet normal -0 0 1
    outer loop
      vertex -28.2238 11.6909 1.6
      vertex 3.92126 -1.3 1.6
      vertex -27.3989 13.5116 1.6
    endloop
  endfacet
  facet normal -0 0 1
    outer loop
      vertex -28.9281 9.81972 1.6
      vertex 3.92126 -1.3 1.6
      vertex -28.2238 11.6909 1.6
    endloop
  endfacet
  facet normal -0 0 1
    outer loop
      vertex -29.5084 7.90675 1.6
      vertex 3.92126 -1.3 1.6
      vertex -28.9281 9.81972 1.6
    endloop
  endfacet
  facet normal -0 0 1
    outer loop
      vertex -29.9623 5.95988 1.6
      vertex 3.92126 -1.3 1.6
      vertex -29.5084 7.90675 1.6
    endloop
  endfacet
  facet normal -0 0 1
    outer loop
      vertex -30.288 3.98752 1.6
      vertex 3.92126 -1.3 1.6
      vertex -29.9623 5.95988 1.6
    endloop
  endfacet
  facet normal -0 0 1
    outer loop
      vertex -30.4839 1.99789 1.6
      vertex 3.92126 -1.3 1.6
      vertex -30.288 3.98752 1.6
    endloop
  endfacet
  facet normal -0 0 1
    outer loop
      vertex -30.5494 0 1.6
      vertex 3.92126 -1.3 1.6
      vertex -30.4839 1.99789 1.6
    endloop
  endfacet
  facet normal 0 0 1
    outer loop
      vertex 3.92126 -1.3 1.6
      vertex -30.5494 0 1.6
      vertex -30.5068 -1.3 1.6
    endloop
  endfacet
  facet normal 0.0979949 0.995187 -0
    outer loop
      vertex 4.1442 31.4784 0
      vertex 2.07654 31.682 29.5
      vertex 4.1442 31.4784 29.5
    endloop
  endfacet
  facet normal 0.0979949 0.995187 0
    outer loop
      vertex 2.07654 31.682 29.5
      vertex 4.1442 31.4784 0
      vertex 2.07654 31.682 0
    endloop
  endfacet
  facet normal 0.162923 0.986639 -0
    outer loop
      vertex 6.19411 31.1399 0
      vertex 4.1442 31.4784 29.5
      vertex 6.19411 31.1399 29.5
    endloop
  endfacet
  facet normal 0.162923 0.986639 0
    outer loop
      vertex 4.1442 31.4784 29.5
      vertex 6.19411 31.1399 0
      vertex 4.1442 31.4784 0
    endloop
  endfacet
  facet normal 0.227082 0.973876 -0
    outer loop
      vertex 8.2175 30.6681 0
      vertex 6.19411 31.1399 29.5
      vertex 8.2175 30.6681 29.5
    endloop
  endfacet
  facet normal 0.227082 0.973876 0
    outer loop
      vertex 6.19411 31.1399 29.5
      vertex 8.2175 30.6681 0
      vertex 6.19411 31.1399 0
    endloop
  endfacet
  facet normal 0.290279 0.956942 -0
    outer loop
      vertex 10.2057 30.065 0
      vertex 8.2175 30.6681 29.5
      vertex 10.2057 30.065 29.5
    endloop
  endfacet
  facet normal 0.290279 0.956942 0
    outer loop
      vertex 8.2175 30.6681 29.5
      vertex 10.2057 30.065 0
      vertex 8.2175 30.6681 0
    endloop
  endfacet
  facet normal 0.352226 0.935915 -0
    outer loop
      vertex 12.1502 29.3332 0
      vertex 10.2057 30.065 29.5
      vertex 12.1502 29.3332 29.5
    endloop
  endfacet
  facet normal 0.352226 0.935915 0
    outer loop
      vertex 10.2057 30.065 29.5
      vertex 12.1502 29.3332 0
      vertex 10.2057 30.065 0
    endloop
  endfacet
  facet normal 0.412715 0.91086 -0
    outer loop
      vertex 14.0427 28.4757 0
      vertex 12.1502 29.3332 29.5
      vertex 14.0427 28.4757 29.5
    endloop
  endfacet
  facet normal 0.412715 0.91086 0
    outer loop
      vertex 12.1502 29.3332 29.5
      vertex 14.0427 28.4757 0
      vertex 12.1502 29.3332 0
    endloop
  endfacet
  facet normal 0.471402 0.881918 -0
    outer loop
      vertex 15.875 27.4963 0
      vertex 14.0427 28.4757 29.5
      vertex 15.875 27.4963 29.5
    endloop
  endfacet
  facet normal 0.471402 0.881918 0
    outer loop
      vertex 14.0427 28.4757 29.5
      vertex 15.875 27.4963 0
      vertex 14.0427 28.4757 0
    endloop
  endfacet
  facet normal 0.528064 0.849205 -0
    outer loop
      vertex 17.6393 26.3992 0
      vertex 15.875 27.4963 29.5
      vertex 17.6393 26.3992 29.5
    endloop
  endfacet
  facet normal 0.528064 0.849205 0
    outer loop
      vertex 15.875 27.4963 29.5
      vertex 17.6393 26.3992 0
      vertex 15.875 27.4963 0
    endloop
  endfacet
  facet normal 0.582462 0.812858 -0
    outer loop
      vertex 19.3282 25.189 0
      vertex 17.6393 26.3992 29.5
      vertex 19.3282 25.189 29.5
    endloop
  endfacet
  facet normal 0.582462 0.812858 0
    outer loop
      vertex 17.6393 26.3992 29.5
      vertex 19.3282 25.189 0
      vertex 17.6393 26.3992 0
    endloop
  endfacet
  facet normal 0.634419 0.772989 -0
    outer loop
      vertex 20.9342 23.8709 0
      vertex 19.3282 25.189 29.5
      vertex 20.9342 23.8709 29.5
    endloop
  endfacet
  facet normal 0.634419 0.772989 0
    outer loop
      vertex 19.3282 25.189 29.5
      vertex 20.9342 23.8709 0
      vertex 19.3282 25.189 0
    endloop
  endfacet
  facet normal 0.683602 0.729855 -0
    outer loop
      vertex 22.4506 22.4506 0
      vertex 20.9342 23.8709 29.5
      vertex 22.4506 22.4506 29.5
    endloop
  endfacet
  facet normal 0.683602 0.729855 0
    outer loop
      vertex 20.9342 23.8709 29.5
      vertex 22.4506 22.4506 0
      vertex 20.9342 23.8709 0
    endloop
  endfacet
  facet normal 0.729855 0.683602 0
    outer loop
      vertex 23.8709 20.9342 29.5
      vertex 22.4506 22.4506 0
      vertex 22.4506 22.4506 29.5
    endloop
  endfacet
  facet normal 0.729855 0.683602 0
    outer loop
      vertex 22.4506 22.4506 0
      vertex 23.8709 20.9342 29.5
      vertex 23.8709 20.9342 0
    endloop
  endfacet
  facet normal 0.772989 0.634419 0
    outer loop
      vertex 25.189 19.3282 29.5
      vertex 23.8709 20.9342 0
      vertex 23.8709 20.9342 29.5
    endloop
  endfacet
  facet normal 0.772989 0.634419 0
    outer loop
      vertex 23.8709 20.9342 0
      vertex 25.189 19.3282 29.5
      vertex 25.189 19.3282 0
    endloop
  endfacet
  facet normal 0.812858 0.582462 0
    outer loop
      vertex 26.3992 17.6393 29.5
      vertex 25.189 19.3282 0
      vertex 25.189 19.3282 29.5
    endloop
  endfacet
  facet normal 0.812858 0.582462 0
    outer loop
      vertex 25.189 19.3282 0
      vertex 26.3992 17.6393 29.5
      vertex 26.3992 17.6393 0
    endloop
  endfacet
  facet normal 0.849205 0.528064 0
    outer loop
      vertex 27.4963 15.875 29.5
      vertex 26.3992 17.6393 0
      vertex 26.3992 17.6393 29.5
    endloop
  endfacet
  facet normal 0.849205 0.528064 0
    outer loop
      vertex 26.3992 17.6393 0
      vertex 27.4963 15.875 29.5
      vertex 27.4963 15.875 0
    endloop
  endfacet
  facet normal 0.881918 0.471402 0
    outer loop
      vertex 28.4757 14.0427 29.5
      vertex 27.4963 15.875 0
      vertex 27.4963 15.875 29.5
    endloop
  endfacet
  facet normal 0.881918 0.471402 0
    outer loop
      vertex 27.4963 15.875 0
      vertex 28.4757 14.0427 29.5
      vertex 28.4757 14.0427 0
    endloop
  endfacet
  facet normal 0.91086 0.412715 0
    outer loop
      vertex 29.3332 12.1502 29.5
      vertex 28.4757 14.0427 0
      vertex 28.4757 14.0427 29.5
    endloop
  endfacet
  facet normal 0.91086 0.412715 0
    outer loop
      vertex 28.4757 14.0427 0
      vertex 29.3332 12.1502 29.5
      vertex 29.3332 12.1502 0
    endloop
  endfacet
  facet normal 0.935915 0.352226 0
    outer loop
      vertex 30.065 10.2057 29.5
      vertex 29.3332 12.1502 0
      vertex 29.3332 12.1502 29.5
    endloop
  endfacet
  facet normal 0.935915 0.352226 0
    outer loop
      vertex 29.3332 12.1502 0
      vertex 30.065 10.2057 29.5
      vertex 30.065 10.2057 0
    endloop
  endfacet
  facet normal 0.956942 0.290279 0
    outer loop
      vertex 30.6681 8.2175 29.5
      vertex 30.065 10.2057 0
      vertex 30.065 10.2057 29.5
    endloop
  endfacet
  facet normal 0.956942 0.290279 0
    outer loop
      vertex 30.065 10.2057 0
      vertex 30.6681 8.2175 29.5
      vertex 30.6681 8.2175 0
    endloop
  endfacet
  facet normal 0.973876 0.227082 0
    outer loop
      vertex 31.1399 6.19411 29.5
      vertex 30.6681 8.2175 0
      vertex 30.6681 8.2175 29.5
    endloop
  endfacet
  facet normal 0.973876 0.227082 0
    outer loop
      vertex 30.6681 8.2175 0
      vertex 31.1399 6.19411 29.5
      vertex 31.1399 6.19411 0
    endloop
  endfacet
  facet normal 0.986639 0.162923 0
    outer loop
      vertex 31.4784 4.1442 29.5
      vertex 31.1399 6.19411 0
      vertex 31.1399 6.19411 29.5
    endloop
  endfacet
  facet normal 0.986639 0.162923 0
    outer loop
      vertex 31.1399 6.19411 0
      vertex 31.4784 4.1442 29.5
      vertex 31.4784 4.1442 0
    endloop
  endfacet
  facet normal 0.995187 0.0979949 0
    outer loop
      vertex 31.682 2.07654 29.5
      vertex 31.4784 4.1442 0
      vertex 31.4784 4.1442 29.5
    endloop
  endfacet
  facet normal 0.995187 0.0979949 0
    outer loop
      vertex 31.4784 4.1442 0
      vertex 31.682 2.07654 29.5
      vertex 31.682 2.07654 0
    endloop
  endfacet
  facet normal 0.999464 0.0327292 0
    outer loop
      vertex 31.75 0 29.5
      vertex 31.682 2.07654 0
      vertex 31.682 2.07654 29.5
    endloop
  endfacet
  facet normal 0.999464 0.0327292 0
    outer loop
      vertex 31.682 2.07654 0
      vertex 31.75 0 29.5
      vertex 31.75 0 0
    endloop
  endfacet
  facet normal 0.999464 -0.0327292 0
    outer loop
      vertex 31.682 -2.07654 29.5
      vertex 31.75 0 0
      vertex 31.75 0 29.5
    endloop
  endfacet
  facet normal 0.999464 -0.0327292 0
    outer loop
      vertex 31.75 0 0
      vertex 31.682 -2.07654 29.5
      vertex 31.682 -2.07654 0
    endloop
  endfacet
  facet normal 0.995191 -0.0979503 0
    outer loop
      vertex 31.5733 -3.18 29.5
      vertex 31.4784 -4.1442 29.5
      vertex 31.5733 -3.18 19.5
    endloop
  endfacet
  facet normal 0.995193 -0.0979372 0
    outer loop
      vertex 31.6482 -2.42 19.5
      vertex 31.682 -2.07654 29.5
      vertex 31.6482 -2.42 29.5
    endloop
  endfacet
  facet normal 0.995193 -0.0979372 0
    outer loop
      vertex 31.682 -2.07654 29.5
      vertex 31.6482 -2.42 19.5
      vertex 31.682 -2.07654 0
    endloop
  endfacet
  facet normal 0.995179 -0.0980775 -2.49493e-06
    outer loop
      vertex 31.5733 -3.18 19.5
      vertex 31.682 -2.07654 0
      vertex 31.6482 -2.42 19.5
    endloop
  endfacet
  facet normal 0.995191 -0.0979503 0
    outer loop
      vertex 31.4784 -4.1442 0
      vertex 31.5733 -3.18 19.5
      vertex 31.4784 -4.1442 29.5
    endloop
  endfacet
  facet normal 0.995187 -0.0979949 2.22603e-06
    outer loop
      vertex 31.5733 -3.18 19.5
      vertex 31.4784 -4.1442 0
      vertex 31.682 -2.07654 0
    endloop
  endfacet
  facet normal 0.986644 -0.162892 0
    outer loop
      vertex 31.1489 -6.14 19.5
      vertex 31.4784 -4.1442 29.5
      vertex 31.1489 -6.14 29.5
    endloop
  endfacet
  facet normal 0.986644 -0.162892 0
    outer loop
      vertex 31.4784 -4.1442 29.5
      vertex 31.1489 -6.14 19.5
      vertex 31.4784 -4.1442 0
    endloop
  endfacet
  facet normal 0.986448 -0.164074 0
    outer loop
      vertex 31.1399 -6.19411 0
      vertex 31.1489 -6.14 19.5
      vertex 31.1399 -6.19411 19.5
    endloop
  endfacet
  facet normal 0.986639 -0.162923 -3.28166e-06
    outer loop
      vertex 31.1489 -6.14 19.5
      vertex 31.1399 -6.19411 0
      vertex 31.4784 -4.1442 0
    endloop
  endfacet
  facet normal 0.973869 -0.227108 0
    outer loop
      vertex 30.994 -6.82 29.5
      vertex 30.6681 -8.2175 29.5
      vertex 30.994 -6.82 19.5
    endloop
  endfacet
  facet normal 0.97389 -0.227022 0
    outer loop
      vertex 30.994 -6.82 19.5
      vertex 31.1399 -6.19411 0
      vertex 31.1399 -6.19411 19.5
    endloop
  endfacet
  facet normal 0.973869 -0.227108 0
    outer loop
      vertex 30.6681 -8.2175 0
      vertex 30.994 -6.82 19.5
      vertex 30.6681 -8.2175 29.5
    endloop
  endfacet
  facet normal 0.973876 -0.227082 -2.0314e-06
    outer loop
      vertex 30.994 -6.82 19.5
      vertex 30.6681 -8.2175 0
      vertex 31.1399 -6.19411 0
    endloop
  endfacet
  facet normal 0.957015 -0.29004 0
    outer loop
      vertex 30.6431 -8.29999 29.5
      vertex 30.6681 -8.2175 0
      vertex 30.6681 -8.2175 29.5
    endloop
  endfacet
  facet normal 0.957015 -0.29004 0
    outer loop
      vertex 30.6681 -8.2175 0
      vertex 30.6431 -8.29999 29.5
      vertex 30.6431 -8.29999 0
    endloop
  endfacet
  facet normal 0 -1 0
    outer loop
      vertex 7.39999 -8.29999 10
      vertex 7.39999 -8.29999 0
      vertex 29.3898 -8.29999 10
    endloop
  endfacet
  facet normal 0 -1 0
    outer loop
      vertex 29.3898 -8.29999 10
      vertex 30.6431 -8.29999 29.5
      vertex 29.3898 -8.29999 29.5
    endloop
  endfacet
  facet normal 0 -1 0
    outer loop
      vertex 29.3898 -8.29999 10
      vertex 30.6431 -8.29999 0
      vertex 30.6431 -8.29999 29.5
    endloop
  endfacet
  facet normal 0 -1 0
    outer loop
      vertex 30.6431 -8.29999 0
      vertex 29.3898 -8.29999 10
      vertex 7.39999 -8.29999 0
    endloop
  endfacet
  facet normal -0.816577 -0.577236 0
    outer loop
      vertex 7.39999 -8.29999 0
      vertex 3.29999 -2.5 10
      vertex 3.29999 -2.5 0
    endloop
  endfacet
  facet normal -0.816577 -0.577236 0
    outer loop
      vertex 3.29999 -2.5 10
      vertex 7.39999 -8.29999 0
      vertex 7.39999 -8.29999 10
    endloop
  endfacet
  facet normal 0 -1 0
    outer loop
      vertex -31.6403 -2.5 29.5
      vertex -30.4352 -2.5 10
      vertex -30.4352 -2.5 29.5
    endloop
  endfacet
  facet normal 0 -1 0
    outer loop
      vertex -31.6403 -2.5 0
      vertex -30.4352 -2.5 10
      vertex -31.6403 -2.5 29.5
    endloop
  endfacet
  facet normal 0 -1 0
    outer loop
      vertex 3.29999 -2.5 0
      vertex -30.4352 -2.5 10
      vertex -31.6403 -2.5 0
    endloop
  endfacet
  facet normal 0 -1 0
    outer loop
      vertex -30.4352 -2.5 10
      vertex 3.29999 -2.5 0
      vertex 3.29999 -2.5 10
    endloop
  endfacet
  facet normal -0.995186 -0.0980005 0
    outer loop
      vertex -31.6403 -2.5 0
      vertex -31.682 -2.07654 29.5
      vertex -31.682 -2.07654 0
    endloop
  endfacet
  facet normal -0.995186 -0.0980005 0
    outer loop
      vertex -31.682 -2.07654 29.5
      vertex -31.6403 -2.5 0
      vertex -31.6403 -2.5 29.5
    endloop
  endfacet
  facet normal -0.999464 -0.0327292 0
    outer loop
      vertex -31.682 -2.07654 0
      vertex -31.75 0 29.5
      vertex -31.75 0 0
    endloop
  endfacet
  facet normal -0.999464 -0.0327292 0
    outer loop
      vertex -31.75 0 29.5
      vertex -31.682 -2.07654 0
      vertex -31.682 -2.07654 29.5
    endloop
  endfacet
  facet normal -0.999464 0.0327292 0
    outer loop
      vertex -31.75 0 0
      vertex -31.682 2.07654 29.5
      vertex -31.682 2.07654 0
    endloop
  endfacet
  facet normal -0.999464 0.0327292 0
    outer loop
      vertex -31.682 2.07654 29.5
      vertex -31.75 0 0
      vertex -31.75 0 29.5
    endloop
  endfacet
  facet normal -0.995198 0.0978799 0
    outer loop
      vertex -31.4784 4.1442 0
      vertex -31.4975 3.95 19.5
      vertex -31.4784 4.1442 19.5
    endloop
  endfacet
  facet normal -0.995187 0.0979949 1.15549e-06
    outer loop
      vertex -31.682 2.07654 0
      vertex -31.4975 3.95 19.5
      vertex -31.4784 4.1442 0
    endloop
  endfacet
  facet normal -0.995186 0.0980068 0
    outer loop
      vertex -31.682 2.07654 29.5
      vertex -31.4975 3.95 19.5
      vertex -31.682 2.07654 0
    endloop
  endfacet
  facet normal -0.995186 0.0980068 0
    outer loop
      vertex -31.4975 3.95 19.5
      vertex -31.682 2.07654 29.5
      vertex -31.4975 3.95 29.5
    endloop
  endfacet
  facet normal -0.98664 0.162916 0
    outer loop
      vertex -31.1399 6.19411 0
      vertex -31.4411 4.37 19.5
      vertex -31.1399 6.19411 29.5
    endloop
  endfacet
  facet normal -0.986639 0.162923 6.99576e-07
    outer loop
      vertex -31.4784 4.1442 0
      vertex -31.4411 4.37 19.5
      vertex -31.1399 6.19411 0
    endloop
  endfacet
  facet normal -0.986629 0.162982 0
    outer loop
      vertex -31.4411 4.37 19.5
      vertex -31.4784 4.1442 0
      vertex -31.4784 4.1442 19.5
    endloop
  endfacet
  facet normal -0.98664 0.162916 0
    outer loop
      vertex -31.1399 6.19411 29.5
      vertex -31.4411 4.37 19.5
      vertex -31.4411 4.37 29.5
    endloop
  endfacet
  facet normal -0.973859 0.227155 0
    outer loop
      vertex -30.6681 8.2175 0
      vertex -30.7165 8.01 19.5
      vertex -30.6681 8.2175 29.5
    endloop
  endfacet
  facet normal -0.973879 0.227068 -9.85707e-07
    outer loop
      vertex -30.6681 8.2175 0
      vertex -30.8937 7.25 19.5
      vertex -30.7165 8.01 19.5
    endloop
  endfacet
  facet normal -0.973876 0.227082 -2.53835e-07
    outer loop
      vertex -31.1399 6.19411 0
      vertex -30.8937 7.25 19.5
      vertex -30.6681 8.2175 0
    endloop
  endfacet
  facet normal -0.973877 0.227077 0
    outer loop
      vertex -31.1399 6.19411 29.5
      vertex -30.8937 7.25 19.5
      vertex -31.1399 6.19411 0
    endloop
  endfacet
  facet normal -0.973877 0.227077 0
    outer loop
      vertex -30.8937 7.25 19.5
      vertex -31.1399 6.19411 29.5
      vertex -30.8937 7.25 29.5
    endloop
  endfacet
  facet normal -0.973859 0.227155 0
    outer loop
      vertex -30.6681 8.2175 29.5
      vertex -30.7165 8.01 19.5
      vertex -30.7165 8.01 29.5
    endloop
  endfacet
  facet normal -0.956942 0.290279 0
    outer loop
      vertex -30.6681 8.2175 0
      vertex -30.065 10.2057 29.5
      vertex -30.065 10.2057 0
    endloop
  endfacet
  facet normal -0.956942 0.290279 0
    outer loop
      vertex -30.065 10.2057 29.5
      vertex -30.6681 8.2175 0
      vertex -30.6681 8.2175 29.5
    endloop
  endfacet
  facet normal -0.935915 0.352226 0
    outer loop
      vertex -30.065 10.2057 0
      vertex -29.3332 12.1502 29.5
      vertex -29.3332 12.1502 0
    endloop
  endfacet
  facet normal -0.935915 0.352226 0
    outer loop
      vertex -29.3332 12.1502 29.5
      vertex -30.065 10.2057 0
      vertex -30.065 10.2057 29.5
    endloop
  endfacet
  facet normal -0.91086 0.412715 0
    outer loop
      vertex -29.3332 12.1502 0
      vertex -28.4757 14.0427 29.5
      vertex -28.4757 14.0427 0
    endloop
  endfacet
  facet normal -0.91086 0.412715 0
    outer loop
      vertex -28.4757 14.0427 29.5
      vertex -29.3332 12.1502 0
      vertex -29.3332 12.1502 29.5
    endloop
  endfacet
  facet normal -0.881918 0.471402 0
    outer loop
      vertex -28.4757 14.0427 0
      vertex -27.4963 15.875 29.5
      vertex -27.4963 15.875 0
    endloop
  endfacet
  facet normal -0.881918 0.471402 0
    outer loop
      vertex -27.4963 15.875 29.5
      vertex -28.4757 14.0427 0
      vertex -28.4757 14.0427 29.5
    endloop
  endfacet
  facet normal -0.849205 0.528064 0
    outer loop
      vertex -27.4963 15.875 0
      vertex -26.3992 17.6393 29.5
      vertex -26.3992 17.6393 0
    endloop
  endfacet
  facet normal -0.849205 0.528064 0
    outer loop
      vertex -26.3992 17.6393 29.5
      vertex -27.4963 15.875 0
      vertex -27.4963 15.875 29.5
    endloop
  endfacet
  facet normal -0.812858 0.582462 0
    outer loop
      vertex -26.3992 17.6393 0
      vertex -25.189 19.3282 29.5
      vertex -25.189 19.3282 0
    endloop
  endfacet
  facet normal -0.812858 0.582462 0
    outer loop
      vertex -25.189 19.3282 29.5
      vertex -26.3992 17.6393 0
      vertex -26.3992 17.6393 29.5
    endloop
  endfacet
  facet normal -0.772989 0.634419 0
    outer loop
      vertex -25.189 19.3282 0
      vertex -23.8709 20.9342 29.5
      vertex -23.8709 20.9342 0
    endloop
  endfacet
  facet normal -0.772989 0.634419 0
    outer loop
      vertex -23.8709 20.9342 29.5
      vertex -25.189 19.3282 0
      vertex -25.189 19.3282 29.5
    endloop
  endfacet
  facet normal -0.729855 0.683602 0
    outer loop
      vertex -23.8709 20.9342 0
      vertex -22.4506 22.4506 29.5
      vertex -22.4506 22.4506 0
    endloop
  endfacet
  facet normal -0.729855 0.683602 0
    outer loop
      vertex -22.4506 22.4506 29.5
      vertex -23.8709 20.9342 0
      vertex -23.8709 20.9342 29.5
    endloop
  endfacet
  facet normal -0.683602 0.729855 0
    outer loop
      vertex -20.9342 23.8709 0
      vertex -22.4506 22.4506 29.5
      vertex -20.9342 23.8709 29.5
    endloop
  endfacet
  facet normal -0.683602 0.729855 0
    outer loop
      vertex -22.4506 22.4506 29.5
      vertex -20.9342 23.8709 0
      vertex -22.4506 22.4506 0
    endloop
  endfacet
  facet normal -0.634419 0.772989 0
    outer loop
      vertex -19.3282 25.189 0
      vertex -20.9342 23.8709 29.5
      vertex -19.3282 25.189 29.5
    endloop
  endfacet
  facet normal -0.634419 0.772989 0
    outer loop
      vertex -20.9342 23.8709 29.5
      vertex -19.3282 25.189 0
      vertex -20.9342 23.8709 0
    endloop
  endfacet
  facet normal -0.582462 0.812858 0
    outer loop
      vertex -17.6393 26.3992 0
      vertex -19.3282 25.189 29.5
      vertex -17.6393 26.3992 29.5
    endloop
  endfacet
  facet normal -0.582462 0.812858 0
    outer loop
      vertex -19.3282 25.189 29.5
      vertex -17.6393 26.3992 0
      vertex -19.3282 25.189 0
    endloop
  endfacet
  facet normal -0.528064 0.849205 0
    outer loop
      vertex -15.875 27.4963 0
      vertex -17.6393 26.3992 29.5
      vertex -15.875 27.4963 29.5
    endloop
  endfacet
  facet normal -0.528064 0.849205 0
    outer loop
      vertex -17.6393 26.3992 29.5
      vertex -15.875 27.4963 0
      vertex -17.6393 26.3992 0
    endloop
  endfacet
  facet normal -0.471402 0.881918 0
    outer loop
      vertex -14.0427 28.4757 0
      vertex -15.875 27.4963 29.5
      vertex -14.0427 28.4757 29.5
    endloop
  endfacet
  facet normal -0.471402 0.881918 0
    outer loop
      vertex -15.875 27.4963 29.5
      vertex -14.0427 28.4757 0
      vertex -15.875 27.4963 0
    endloop
  endfacet
  facet normal -0.412715 0.91086 0
    outer loop
      vertex -12.1502 29.3332 0
      vertex -14.0427 28.4757 29.5
      vertex -12.1502 29.3332 29.5
    endloop
  endfacet
  facet normal -0.412715 0.91086 0
    outer loop
      vertex -14.0427 28.4757 29.5
      vertex -12.1502 29.3332 0
      vertex -14.0427 28.4757 0
    endloop
  endfacet
  facet normal -0.352226 0.935915 0
    outer loop
      vertex -10.2057 30.065 0
      vertex -12.1502 29.3332 29.5
      vertex -10.2057 30.065 29.5
    endloop
  endfacet
  facet normal -0.352226 0.935915 0
    outer loop
      vertex -12.1502 29.3332 29.5
      vertex -10.2057 30.065 0
      vertex -12.1502 29.3332 0
    endloop
  endfacet
  facet normal -0.290279 0.956942 0
    outer loop
      vertex -8.2175 30.6681 0
      vertex -10.2057 30.065 29.5
      vertex -8.2175 30.6681 29.5
    endloop
  endfacet
  facet normal -0.290279 0.956942 0
    outer loop
      vertex -10.2057 30.065 29.5
      vertex -8.2175 30.6681 0
      vertex -10.2057 30.065 0
    endloop
  endfacet
  facet normal -0.227082 0.973876 0
    outer loop
      vertex -6.19411 31.1399 0
      vertex -8.2175 30.6681 29.5
      vertex -6.19411 31.1399 29.5
    endloop
  endfacet
  facet normal -0.227082 0.973876 0
    outer loop
      vertex -8.2175 30.6681 29.5
      vertex -6.19411 31.1399 0
      vertex -8.2175 30.6681 0
    endloop
  endfacet
  facet normal -0.162923 0.986639 0
    outer loop
      vertex -4.1442 31.4784 0
      vertex -6.19411 31.1399 29.5
      vertex -4.1442 31.4784 29.5
    endloop
  endfacet
  facet normal -0.162923 0.986639 0
    outer loop
      vertex -6.19411 31.1399 29.5
      vertex -4.1442 31.4784 0
      vertex -6.19411 31.1399 0
    endloop
  endfacet
  facet normal -0.0979949 0.995187 0
    outer loop
      vertex -2.07654 31.682 0
      vertex -4.1442 31.4784 29.5
      vertex -2.07654 31.682 29.5
    endloop
  endfacet
  facet normal -0.0979949 0.995187 0
    outer loop
      vertex -4.1442 31.4784 29.5
      vertex -2.07654 31.682 0
      vertex -4.1442 31.4784 0
    endloop
  endfacet
  facet normal -0.0327292 0.999464 0
    outer loop
      vertex 0 31.75 0
      vertex -2.07654 31.682 29.5
      vertex 0 31.75 29.5
    endloop
  endfacet
  facet normal -0.0327292 0.999464 0
    outer loop
      vertex -2.07654 31.682 29.5
      vertex 0 31.75 0
      vertex -2.07654 31.682 0
    endloop
  endfacet
  facet normal 0.0327292 0.999464 -0
    outer loop
      vertex 2.07654 31.682 0
      vertex 0 31.75 29.5
      vertex 2.07654 31.682 29.5
    endloop
  endfacet
  facet normal 0.0327292 0.999464 0
    outer loop
      vertex 0 31.75 29.5
      vertex 2.07654 31.682 0
      vertex 0 31.75 0
    endloop
  endfacet
  facet normal -0.956965 0.290203 0
    outer loop
      vertex 29.3898 -8.29999 10
      vertex 29.509 -7.90692 29.5
      vertex 29.509 -7.90692 10
    endloop
  endfacet
  facet normal -0.956965 0.290203 0
    outer loop
      vertex 29.509 -7.90692 29.5
      vertex 29.3898 -8.29999 10
      vertex 29.3898 -8.29999 29.5
    endloop
  endfacet
  facet normal -0.973838 0.227242 0
    outer loop
      vertex 29.921 -6.14 19.5
      vertex 29.963 -5.96001 28
      vertex 29.963 -5.96001 10
    endloop
  endfacet
  facet normal -0.973913 0.226922 0
    outer loop
      vertex 29.921 -6.14 29.5
      vertex 29.9443 -6.04 28
      vertex 29.921 -6.14 19.5
    endloop
  endfacet
  facet normal -0.973745 0.227641 -8.92663e-06
    outer loop
      vertex 29.963 -5.96001 28
      vertex 29.921 -6.14 19.5
      vertex 29.9443 -6.04 28
    endloop
  endfacet
  facet normal -0.973894 0.227003 -4.76168e-06
    outer loop
      vertex 29.963 -5.96001 10
      vertex 29.7625 -6.82 19.5
      vertex 29.921 -6.14 19.5
    endloop
  endfacet
  facet normal -0.973872 0.227097 4.21259e-06
    outer loop
      vertex 29.509 -7.90692 10
      vertex 29.7625 -6.82 19.5
      vertex 29.963 -5.96001 10
    endloop
  endfacet
  facet normal -0.973864 0.227132 0
    outer loop
      vertex 29.509 -7.90692 29.5
      vertex 29.7625 -6.82 19.5
      vertex 29.509 -7.90692 10
    endloop
  endfacet
  facet normal -0.973864 0.227132 0
    outer loop
      vertex 29.7625 -6.82 19.5
      vertex 29.509 -7.90692 29.5
      vertex 29.7625 -6.82 29.5
    endloop
  endfacet
  facet normal -0.973763 0.227566 0.000177241
    outer loop
      vertex 29.921 -6.14 29.5
      vertex 29.963 -5.96001 29.1529
      vertex 29.9443 -6.04 29.1169
    endloop
  endfacet
  facet normal -0.973838 0.227242 0
    outer loop
      vertex 29.963 -5.96001 29.1529
      vertex 29.921 -6.14 29.5
      vertex 29.963 -5.96001 29.5
    endloop
  endfacet
  facet normal -0.973913 0.226922 0
    outer loop
      vertex 29.9443 -6.04 28
      vertex 29.921 -6.14 29.5
      vertex 29.9443 -6.04 29.1169
    endloop
  endfacet
  facet normal -0.986645 0.162883 0
    outer loop
      vertex 30.1425 -4.87271 29.5
      vertex 29.963 -5.96001 29.1529
      vertex 29.963 -5.96001 29.5
    endloop
  endfacet
  facet normal -0.986648 0.16287 0
    outer loop
      vertex 29.963 -5.96001 10
      vertex 30.2886 -3.98756 28
      vertex 30.2886 -3.98756 10
    endloop
  endfacet
  facet normal -0.986648 0.16287 0
    outer loop
      vertex 30.2886 -3.98756 28
      vertex 29.963 -5.96001 10
      vertex 29.963 -5.96001 28
    endloop
  endfacet
  facet normal -0.995175 0.0981165 0
    outer loop
      vertex 30.4846 -1.99806 10
      vertex 30.443 -2.42 19.5
      vertex 30.4846 -1.99806 29.5
    endloop
  endfacet
  facet normal -0.995192 0.0979478 -7.56566e-06
    outer loop
      vertex 30.4846 -1.99806 10
      vertex 30.3682 -3.18 19.5
      vertex 30.443 -2.42 19.5
    endloop
  endfacet
  facet normal -0.995135 0.0985184 0
    outer loop
      vertex 30.3682 -3.18 19.5
      vertex 30.3583 -3.28 28
      vertex 30.3682 -3.18 29.5
    endloop
  endfacet
  facet normal -0.995182 0.0980426 4.34083e-06
    outer loop
      vertex 30.2886 -3.98756 10
      vertex 30.3682 -3.18 19.5
      vertex 30.4846 -1.99806 10
    endloop
  endfacet
  facet normal -0.995177 0.0980932 0
    outer loop
      vertex 30.2886 -3.98756 28
      vertex 30.3682 -3.18 19.5
      vertex 30.2886 -3.98756 10
    endloop
  endfacet
  facet normal -0.995183 0.0980331 -5.76566e-06
    outer loop
      vertex 30.3682 -3.18 19.5
      vertex 30.2886 -3.98756 28
      vertex 30.3583 -3.28 28
    endloop
  endfacet
  facet normal -0.995175 0.0981165 0
    outer loop
      vertex 30.4846 -1.99806 29.5
      vertex 30.443 -2.42 19.5
      vertex 30.443 -2.42 29.5
    endloop
  endfacet
  facet normal -0.995135 0.0985184 0
    outer loop
      vertex 30.3682 -3.18 29.5
      vertex 30.3583 -3.28 28
      vertex 30.3583 -3.28 29.5
    endloop
  endfacet
  facet normal -0.999465 0.0327142 0
    outer loop
      vertex 30.4846 -1.99806 10
      vertex 30.55 0 29.5
      vertex 30.55 0 10
    endloop
  endfacet
  facet normal -0.999465 0.0327142 0
    outer loop
      vertex 30.55 0 29.5
      vertex 30.4846 -1.99806 10
      vertex 30.4846 -1.99806 29.5
    endloop
  endfacet
  facet normal -0.999465 -0.0327142 0
    outer loop
      vertex 30.55 0 10
      vertex 30.4846 1.99806 29.5
      vertex 30.4846 1.99806 10
    endloop
  endfacet
  facet normal -0.999465 -0.0327142 0
    outer loop
      vertex 30.4846 1.99806 29.5
      vertex 30.55 0 10
      vertex 30.55 0 29.5
    endloop
  endfacet
  facet normal -0.995182 -0.0980426 0
    outer loop
      vertex 30.4846 1.99806 10
      vertex 30.2886 3.98756 29.5
      vertex 30.2886 3.98756 10
    endloop
  endfacet
  facet normal -0.995182 -0.0980426 0
    outer loop
      vertex 30.2886 3.98756 29.5
      vertex 30.4846 1.99806 10
      vertex 30.4846 1.99806 29.5
    endloop
  endfacet
  facet normal -0.986648 -0.16287 0
    outer loop
      vertex 30.2886 3.98756 10
      vertex 29.963 5.96001 29.5
      vertex 29.963 5.96001 10
    endloop
  endfacet
  facet normal -0.986648 -0.16287 0
    outer loop
      vertex 29.963 5.96001 29.5
      vertex 30.2886 3.98756 10
      vertex 30.2886 3.98756 29.5
    endloop
  endfacet
  facet normal -0.973872 -0.227097 0
    outer loop
      vertex 29.963 5.96001 10
      vertex 29.509 7.90692 29.5
      vertex 29.509 7.90692 10
    endloop
  endfacet
  facet normal -0.973872 -0.227097 0
    outer loop
      vertex 29.509 7.90692 29.5
      vertex 29.963 5.96001 10
      vertex 29.963 5.96001 29.5
    endloop
  endfacet
  facet normal -0.956942 -0.290278 0
    outer loop
      vertex 29.509 7.90692 10
      vertex 28.9287 9.81996 29.5
      vertex 28.9287 9.81996 10
    endloop
  endfacet
  facet normal -0.956942 -0.290278 0
    outer loop
      vertex 28.9287 9.81996 29.5
      vertex 29.509 7.90692 10
      vertex 29.509 7.90692 29.5
    endloop
  endfacet
  facet normal -0.935908 -0.352246 0
    outer loop
      vertex 28.9287 9.81996 10
      vertex 28.2245 11.691 29.5
      vertex 28.2245 11.691 10
    endloop
  endfacet
  facet normal -0.935908 -0.352246 0
    outer loop
      vertex 28.2245 11.691 29.5
      vertex 28.9287 9.81996 10
      vertex 28.9287 9.81996 29.5
    endloop
  endfacet
  facet normal -0.910871 -0.412691 0
    outer loop
      vertex 28.2245 11.691 10
      vertex 27.3995 13.5119 29.5
      vertex 27.3995 13.5119 10
    endloop
  endfacet
  facet normal -0.910871 -0.412691 0
    outer loop
      vertex 27.3995 13.5119 29.5
      vertex 28.2245 11.691 10
      vertex 28.2245 11.691 29.5
    endloop
  endfacet
  facet normal -0.881921 -0.471398 0
    outer loop
      vertex 27.3995 13.5119 10
      vertex 26.4571 15.275 29.5
      vertex 26.4571 15.275 10
    endloop
  endfacet
  facet normal -0.881921 -0.471398 0
    outer loop
      vertex 26.4571 15.275 29.5
      vertex 27.3995 13.5119 10
      vertex 27.3995 13.5119 29.5
    endloop
  endfacet
  facet normal -0.849202 -0.528069 0
    outer loop
      vertex 26.4571 15.275 10
      vertex 25.4014 16.9727 29.5
      vertex 25.4014 16.9727 10
    endloop
  endfacet
  facet normal -0.849202 -0.528069 0
    outer loop
      vertex 25.4014 16.9727 29.5
      vertex 26.4571 15.275 10
      vertex 26.4571 15.275 29.5
    endloop
  endfacet
  facet normal -0.812837 -0.582491 0
    outer loop
      vertex 25.4014 16.9727 10
      vertex 24.2369 18.5977 29.5
      vertex 24.2369 18.5977 10
    endloop
  endfacet
  facet normal -0.812837 -0.582491 0
    outer loop
      vertex 24.2369 18.5977 29.5
      vertex 25.4014 16.9727 10
      vertex 25.4014 16.9727 29.5
    endloop
  endfacet
  facet normal -0.773009 -0.634395 0
    outer loop
      vertex 24.2369 18.5977 10
      vertex 22.9687 20.143 29.5
      vertex 22.9687 20.143 10
    endloop
  endfacet
  facet normal -0.773009 -0.634395 0
    outer loop
      vertex 22.9687 20.143 29.5
      vertex 24.2369 18.5977 10
      vertex 24.2369 18.5977 29.5
    endloop
  endfacet
  facet normal -0.729863 -0.683593 0
    outer loop
      vertex 22.9687 20.143 10
      vertex 21.6021 21.6021 29.5
      vertex 21.6021 21.6021 10
    endloop
  endfacet
  facet normal -0.729863 -0.683593 0
    outer loop
      vertex 21.6021 21.6021 29.5
      vertex 22.9687 20.143 10
      vertex 22.9687 20.143 29.5
    endloop
  endfacet
  facet normal -0.683593 -0.729863 0
    outer loop
      vertex 20.143 22.9687 10
      vertex 21.6021 21.6021 29.5
      vertex 20.143 22.9687 29.5
    endloop
  endfacet
  facet normal -0.683593 -0.729863 -0
    outer loop
      vertex 21.6021 21.6021 29.5
      vertex 20.143 22.9687 10
      vertex 21.6021 21.6021 10
    endloop
  endfacet
  facet normal -0.634395 -0.773009 0
    outer loop
      vertex 18.5977 24.2369 10
      vertex 20.143 22.9687 29.5
      vertex 18.5977 24.2369 29.5
    endloop
  endfacet
  facet normal -0.634395 -0.773009 -0
    outer loop
      vertex 20.143 22.9687 29.5
      vertex 18.5977 24.2369 10
      vertex 20.143 22.9687 10
    endloop
  endfacet
  facet normal -0.582491 -0.812837 0
    outer loop
      vertex 16.9727 25.4014 10
      vertex 18.5977 24.2369 29.5
      vertex 16.9727 25.4014 29.5
    endloop
  endfacet
  facet normal -0.582491 -0.812837 -0
    outer loop
      vertex 18.5977 24.2369 29.5
      vertex 16.9727 25.4014 10
      vertex 18.5977 24.2369 10
    endloop
  endfacet
  facet normal -0.528069 -0.849202 0
    outer loop
      vertex 15.275 26.4571 10
      vertex 16.9727 25.4014 29.5
      vertex 15.275 26.4571 29.5
    endloop
  endfacet
  facet normal -0.528069 -0.849202 -0
    outer loop
      vertex 16.9727 25.4014 29.5
      vertex 15.275 26.4571 10
      vertex 16.9727 25.4014 10
    endloop
  endfacet
  facet normal -0.471398 -0.881921 0
    outer loop
      vertex 13.5119 27.3995 10
      vertex 15.275 26.4571 29.5
      vertex 13.5119 27.3995 29.5
    endloop
  endfacet
  facet normal -0.471398 -0.881921 -0
    outer loop
      vertex 15.275 26.4571 29.5
      vertex 13.5119 27.3995 10
      vertex 15.275 26.4571 10
    endloop
  endfacet
  facet normal -0.412691 -0.910871 0
    outer loop
      vertex 11.691 28.2245 10
      vertex 13.5119 27.3995 29.5
      vertex 11.691 28.2245 29.5
    endloop
  endfacet
  facet normal -0.412691 -0.910871 -0
    outer loop
      vertex 13.5119 27.3995 29.5
      vertex 11.691 28.2245 10
      vertex 13.5119 27.3995 10
    endloop
  endfacet
  facet normal -0.352246 -0.935908 0
    outer loop
      vertex 9.81996 28.9287 10
      vertex 11.691 28.2245 29.5
      vertex 9.81996 28.9287 29.5
    endloop
  endfacet
  facet normal -0.352246 -0.935908 -0
    outer loop
      vertex 11.691 28.2245 29.5
      vertex 9.81996 28.9287 10
      vertex 11.691 28.2245 10
    endloop
  endfacet
  facet normal -0.290278 -0.956942 0
    outer loop
      vertex 7.90692 29.509 10
      vertex 9.81996 28.9287 29.5
      vertex 7.90692 29.509 29.5
    endloop
  endfacet
  facet normal -0.290278 -0.956942 -0
    outer loop
      vertex 9.81996 28.9287 29.5
      vertex 7.90692 29.509 10
      vertex 9.81996 28.9287 10
    endloop
  endfacet
  facet normal -0.227097 -0.973872 0
    outer loop
      vertex 5.96001 29.963 10
      vertex 7.90692 29.509 29.5
      vertex 5.96001 29.963 29.5
    endloop
  endfacet
  facet normal -0.227097 -0.973872 -0
    outer loop
      vertex 7.90692 29.509 29.5
      vertex 5.96001 29.963 10
      vertex 7.90692 29.509 10
    endloop
  endfacet
  facet normal -0.16287 -0.986648 0
    outer loop
      vertex 3.98756 30.2886 10
      vertex 5.96001 29.963 29.5
      vertex 3.98756 30.2886 29.5
    endloop
  endfacet
  facet normal -0.16287 -0.986648 -0
    outer loop
      vertex 5.96001 29.963 29.5
      vertex 3.98756 30.2886 10
      vertex 5.96001 29.963 10
    endloop
  endfacet
  facet normal -0.0980426 -0.995182 0
    outer loop
      vertex 1.99806 30.4846 10
      vertex 3.98756 30.2886 29.5
      vertex 1.99806 30.4846 29.5
    endloop
  endfacet
  facet normal -0.0980426 -0.995182 -0
    outer loop
      vertex 3.98756 30.2886 29.5
      vertex 1.99806 30.4846 10
      vertex 3.98756 30.2886 10
    endloop
  endfacet
  facet normal -0.0327142 -0.999465 0
    outer loop
      vertex 0 30.55 10
      vertex 1.99806 30.4846 29.5
      vertex 0 30.55 29.5
    endloop
  endfacet
  facet normal -0.0327142 -0.999465 -0
    outer loop
      vertex 1.99806 30.4846 29.5
      vertex 0 30.55 10
      vertex 1.99806 30.4846 10
    endloop
  endfacet
  facet normal 0.0327142 -0.999465 0
    outer loop
      vertex -1.99806 30.4846 10
      vertex 0 30.55 29.5
      vertex -1.99806 30.4846 29.5
    endloop
  endfacet
  facet normal 0.0327142 -0.999465 0
    outer loop
      vertex 0 30.55 29.5
      vertex -1.99806 30.4846 10
      vertex 0 30.55 10
    endloop
  endfacet
  facet normal 0.0980426 -0.995182 0
    outer loop
      vertex -3.98756 30.2886 10
      vertex -1.99806 30.4846 29.5
      vertex -3.98756 30.2886 29.5
    endloop
  endfacet
  facet normal 0.0980426 -0.995182 0
    outer loop
      vertex -1.99806 30.4846 29.5
      vertex -3.98756 30.2886 10
      vertex -1.99806 30.4846 10
    endloop
  endfacet
  facet normal 0.16287 -0.986648 0
    outer loop
      vertex -5.96001 29.963 10
      vertex -3.98756 30.2886 29.5
      vertex -5.96001 29.963 29.5
    endloop
  endfacet
  facet normal 0.16287 -0.986648 0
    outer loop
      vertex -3.98756 30.2886 29.5
      vertex -5.96001 29.963 10
      vertex -3.98756 30.2886 10
    endloop
  endfacet
  facet normal 0.227097 -0.973872 0
    outer loop
      vertex -7.90692 29.509 10
      vertex -5.96001 29.963 29.5
      vertex -7.90692 29.509 29.5
    endloop
  endfacet
  facet normal 0.227097 -0.973872 0
    outer loop
      vertex -5.96001 29.963 29.5
      vertex -7.90692 29.509 10
      vertex -5.96001 29.963 10
    endloop
  endfacet
  facet normal 0.290278 -0.956942 0
    outer loop
      vertex -9.81996 28.9287 10
      vertex -7.90692 29.509 29.5
      vertex -9.81996 28.9287 29.5
    endloop
  endfacet
  facet normal 0.290278 -0.956942 0
    outer loop
      vertex -7.90692 29.509 29.5
      vertex -9.81996 28.9287 10
      vertex -7.90692 29.509 10
    endloop
  endfacet
  facet normal 0.352246 -0.935908 0
    outer loop
      vertex -11.691 28.2245 10
      vertex -9.81996 28.9287 29.5
      vertex -11.691 28.2245 29.5
    endloop
  endfacet
  facet normal 0.352246 -0.935908 0
    outer loop
      vertex -9.81996 28.9287 29.5
      vertex -11.691 28.2245 10
      vertex -9.81996 28.9287 10
    endloop
  endfacet
  facet normal 0.412691 -0.910871 0
    outer loop
      vertex -13.5119 27.3995 10
      vertex -11.691 28.2245 29.5
      vertex -13.5119 27.3995 29.5
    endloop
  endfacet
  facet normal 0.412691 -0.910871 0
    outer loop
      vertex -11.691 28.2245 29.5
      vertex -13.5119 27.3995 10
      vertex -11.691 28.2245 10
    endloop
  endfacet
  facet normal 0.471398 -0.881921 0
    outer loop
      vertex -15.275 26.4571 10
      vertex -13.5119 27.3995 29.5
      vertex -15.275 26.4571 29.5
    endloop
  endfacet
  facet normal 0.471398 -0.881921 0
    outer loop
      vertex -13.5119 27.3995 29.5
      vertex -15.275 26.4571 10
      vertex -13.5119 27.3995 10
    endloop
  endfacet
  facet normal 0.528069 -0.849202 0
    outer loop
      vertex -16.9727 25.4014 10
      vertex -15.275 26.4571 29.5
      vertex -16.9727 25.4014 29.5
    endloop
  endfacet
  facet normal 0.528069 -0.849202 0
    outer loop
      vertex -15.275 26.4571 29.5
      vertex -16.9727 25.4014 10
      vertex -15.275 26.4571 10
    endloop
  endfacet
  facet normal 0.582491 -0.812837 0
    outer loop
      vertex -18.5977 24.2369 10
      vertex -16.9727 25.4014 29.5
      vertex -18.5977 24.2369 29.5
    endloop
  endfacet
  facet normal 0.582491 -0.812837 0
    outer loop
      vertex -16.9727 25.4014 29.5
      vertex -18.5977 24.2369 10
      vertex -16.9727 25.4014 10
    endloop
  endfacet
  facet normal 0.634395 -0.773009 0
    outer loop
      vertex -20.143 22.9687 10
      vertex -18.5977 24.2369 29.5
      vertex -20.143 22.9687 29.5
    endloop
  endfacet
  facet normal 0.634395 -0.773009 0
    outer loop
      vertex -18.5977 24.2369 29.5
      vertex -20.143 22.9687 10
      vertex -18.5977 24.2369 10
    endloop
  endfacet
  facet normal 0.683593 -0.729863 0
    outer loop
      vertex -21.6021 21.6021 10
      vertex -20.143 22.9687 29.5
      vertex -21.6021 21.6021 29.5
    endloop
  endfacet
  facet normal 0.683593 -0.729863 0
    outer loop
      vertex -20.143 22.9687 29.5
      vertex -21.6021 21.6021 10
      vertex -20.143 22.9687 10
    endloop
  endfacet
  facet normal 0.729863 -0.683593 0
    outer loop
      vertex -22.9687 20.143 29.5
      vertex -21.6021 21.6021 10
      vertex -21.6021 21.6021 29.5
    endloop
  endfacet
  facet normal 0.729863 -0.683593 0
    outer loop
      vertex -21.6021 21.6021 10
      vertex -22.9687 20.143 29.5
      vertex -22.9687 20.143 10
    endloop
  endfacet
  facet normal 0.773009 -0.634395 0
    outer loop
      vertex -24.2369 18.5977 29.5
      vertex -22.9687 20.143 10
      vertex -22.9687 20.143 29.5
    endloop
  endfacet
  facet normal 0.773009 -0.634395 0
    outer loop
      vertex -22.9687 20.143 10
      vertex -24.2369 18.5977 29.5
      vertex -24.2369 18.5977 10
    endloop
  endfacet
  facet normal 0.812837 -0.582491 0
    outer loop
      vertex -25.4014 16.9727 29.5
      vertex -24.2369 18.5977 10
      vertex -24.2369 18.5977 29.5
    endloop
  endfacet
  facet normal 0.812837 -0.582491 0
    outer loop
      vertex -24.2369 18.5977 10
      vertex -25.4014 16.9727 29.5
      vertex -25.4014 16.9727 10
    endloop
  endfacet
  facet normal 0.849202 -0.528069 0
    outer loop
      vertex -26.4571 15.275 29.5
      vertex -25.4014 16.9727 10
      vertex -25.4014 16.9727 29.5
    endloop
  endfacet
  facet normal 0.849202 -0.528069 0
    outer loop
      vertex -25.4014 16.9727 10
      vertex -26.4571 15.275 29.5
      vertex -26.4571 15.275 10
    endloop
  endfacet
  facet normal 0.881921 -0.471398 0
    outer loop
      vertex -27.3995 13.5119 29.5
      vertex -26.4571 15.275 10
      vertex -26.4571 15.275 29.5
    endloop
  endfacet
  facet normal 0.881921 -0.471398 0
    outer loop
      vertex -26.4571 15.275 10
      vertex -27.3995 13.5119 29.5
      vertex -27.3995 13.5119 10
    endloop
  endfacet
  facet normal 0.910871 -0.412691 0
    outer loop
      vertex -28.2245 11.691 29.5
      vertex -27.3995 13.5119 10
      vertex -27.3995 13.5119 29.5
    endloop
  endfacet
  facet normal 0.910871 -0.412691 0
    outer loop
      vertex -27.3995 13.5119 10
      vertex -28.2245 11.691 29.5
      vertex -28.2245 11.691 10
    endloop
  endfacet
  facet normal 0.935908 -0.352246 0
    outer loop
      vertex -28.9287 9.81996 29.5
      vertex -28.2245 11.691 10
      vertex -28.2245 11.691 29.5
    endloop
  endfacet
  facet normal 0.935908 -0.352246 0
    outer loop
      vertex -28.2245 11.691 10
      vertex -28.9287 9.81996 29.5
      vertex -28.9287 9.81996 10
    endloop
  endfacet
  facet normal 0.956942 -0.290278 0
    outer loop
      vertex -29.509 7.90692 29.5
      vertex -28.9287 9.81996 10
      vertex -28.9287 9.81996 29.5
    endloop
  endfacet
  facet normal 0.956942 -0.290278 0
    outer loop
      vertex -28.9287 9.81996 10
      vertex -29.509 7.90692 29.5
      vertex -29.509 7.90692 10
    endloop
  endfacet
  facet normal 0.973874 -0.22709 0
    outer loop
      vertex -29.6855 7.15 28
      vertex -29.509 7.90692 29.5
      vertex -29.6855 7.15 29.0033
    endloop
  endfacet
  facet normal 0.973878 -0.227071 -3.06657e-05
    outer loop
      vertex -29.6855 7.15 29.0033
      vertex -29.509 7.90692 29.5
      vertex -29.9424 6.04812 29.5
    endloop
  endfacet
  facet normal 0.973874 -0.22709 0
    outer loop
      vertex -29.509 7.90692 29.5
      vertex -29.6855 7.15 28
      vertex -29.509 7.90692 10
    endloop
  endfacet
  facet normal 0.973871 -0.227102 0
    outer loop
      vertex -29.963 5.96001 10
      vertex -29.6855 7.15 28
      vertex -29.963 5.96001 28
    endloop
  endfacet
  facet normal 0.973872 -0.227097 -3.35282e-07
    outer loop
      vertex -29.6855 7.15 28
      vertex -29.963 5.96001 10
      vertex -29.509 7.90692 10
    endloop
  endfacet
  facet normal 0.986659 -0.162799 0
    outer loop
      vertex -30.209 4.47 29.5
      vertex -30.2255 4.37 29.5
      vertex -30.209 4.47 28
    endloop
  endfacet
  facet normal 0.986644 -0.162894 1.15569e-06
    outer loop
      vertex -30.2255 4.37 19.5
      vertex -29.963 5.96001 28
      vertex -30.209 4.47 28
    endloop
  endfacet
  facet normal 0.986659 -0.162799 0
    outer loop
      vertex -30.2255 4.37 19.5
      vertex -30.209 4.47 28
      vertex -30.2255 4.37 29.5
    endloop
  endfacet
  facet normal 0.986645 -0.162888 0
    outer loop
      vertex -29.963 5.96001 28
      vertex -30.2255 4.37 19.5
      vertex -29.963 5.96001 10
    endloop
  endfacet
  facet normal 0.98666 -0.162792 0
    outer loop
      vertex -30.2886 3.98756 10
      vertex -30.2255 4.37 19.5
      vertex -30.2886 3.98756 19.5
    endloop
  endfacet
  facet normal 0.986648 -0.16287 3.205e-06
    outer loop
      vertex -30.2255 4.37 19.5
      vertex -30.2886 3.98756 10
      vertex -29.963 5.96001 10
    endloop
  endfacet
  facet normal 0.995182 -0.0980427 0
    outer loop
      vertex -30.2923 3.95 29.5
      vertex -30.4846 1.99806 29.5
      vertex -30.2923 3.95 19.5
    endloop
  endfacet
  facet normal 0.995183 -0.0980345 0
    outer loop
      vertex -30.2923 3.95 19.5
      vertex -30.2886 3.98756 10
      vertex -30.2886 3.98756 19.5
    endloop
  endfacet
  facet normal 0.995182 -0.0980427 0
    outer loop
      vertex -30.4846 1.99806 10
      vertex -30.2923 3.95 19.5
      vertex -30.4846 1.99806 29.5
    endloop
  endfacet
  facet normal 0.995182 -0.0980426 -3.21192e-08
    outer loop
      vertex -30.2923 3.95 19.5
      vertex -30.4846 1.99806 10
      vertex -30.2886 3.98756 10
    endloop
  endfacet
  facet normal 0.999465 -0.0327142 0
    outer loop
      vertex -30.55 0 29.5
      vertex -30.4846 1.99806 10
      vertex -30.4846 1.99806 29.5
    endloop
  endfacet
  facet normal 0.999465 -0.0327142 0
    outer loop
      vertex -30.4846 1.99806 10
      vertex -30.55 0 29.5
      vertex -30.55 0 10
    endloop
  endfacet
  facet normal 0.999465 0.0327142 0
    outer loop
      vertex -30.4846 -1.99806 29.5
      vertex -30.55 0 10
      vertex -30.55 0 29.5
    endloop
  endfacet
  facet normal 0.999465 0.0327142 0
    outer loop
      vertex -30.55 0 10
      vertex -30.4846 -1.99806 29.5
      vertex -30.4846 -1.99806 10
    endloop
  endfacet
  facet normal 0.995192 0.0979449 0
    outer loop
      vertex -30.4352 -2.5 29.5
      vertex -30.4846 -1.99806 10
      vertex -30.4846 -1.99806 29.5
    endloop
  endfacet
  facet normal 0.995192 0.0979449 0
    outer loop
      vertex -30.4846 -1.99806 10
      vertex -30.4352 -2.5 29.5
      vertex -30.4352 -2.5 10
    endloop
  endfacet
  facet normal 0 0 1
    outer loop
      vertex 30.55 0 10
      vertex 30.4896 1.82517 10
      vertex 30.5494 0 10
    endloop
  endfacet
  facet normal 0 0 1
    outer loop
      vertex 30.4846 1.99806 10
      vertex 30.4896 1.82517 10
      vertex 30.55 0 10
    endloop
  endfacet
  facet normal 0 0 1
    outer loop
      vertex 30.4846 1.99806 10
      vertex 30.4839 1.99789 10
      vertex 30.4896 1.82517 10
    endloop
  endfacet
  facet normal -0 0 1
    outer loop
      vertex 30.288 3.98752 10
      vertex 30.4846 1.99806 10
      vertex 30.2886 3.98756 10
    endloop
  endfacet
  facet normal 0 0 1
    outer loop
      vertex 30.4846 1.99806 10
      vertex 30.288 3.98752 10
      vertex 30.4839 1.99789 10
    endloop
  endfacet
  facet normal 0 0 1
    outer loop
      vertex 29.963 5.96001 10
      vertex 30.288 3.98752 10
      vertex 30.2886 3.98756 10
    endloop
  endfacet
  facet normal 0 0 1
    outer loop
      vertex 29.963 5.96001 10
      vertex 29.9623 5.95988 10
      vertex 30.288 3.98752 10
    endloop
  endfacet
  facet normal 0 0 1
    outer loop
      vertex 29.963 5.96001 10
      vertex 29.5764 7.61527 10
      vertex 29.9623 5.95988 10
    endloop
  endfacet
  facet normal 0 0 1
    outer loop
      vertex 29.509 7.90692 10
      vertex 29.5764 7.61527 10
      vertex 29.963 5.96001 10
    endloop
  endfacet
  facet normal 0 0 1
    outer loop
      vertex 29.509 7.90692 10
      vertex 29.5084 7.90675 10
      vertex 29.5764 7.61527 10
    endloop
  endfacet
  facet normal -0 0 1
    outer loop
      vertex 28.9281 9.81972 10
      vertex 29.509 7.90692 10
      vertex 28.9287 9.81996 10
    endloop
  endfacet
  facet normal 0 0 1
    outer loop
      vertex 29.509 7.90692 10
      vertex 28.9281 9.81972 10
      vertex 29.5084 7.90675 10
    endloop
  endfacet
  facet normal 0 0 1
    outer loop
      vertex 28.2245 11.691 10
      vertex 28.9281 9.81972 10
      vertex 28.9287 9.81996 10
    endloop
  endfacet
  facet normal 0 0 1
    outer loop
      vertex 28.2245 11.691 10
      vertex 28.2238 11.6909 10
      vertex 28.9281 9.81972 10
    endloop
  endfacet
  facet normal 0 0 1
    outer loop
      vertex 27.3995 13.5119 10
      vertex 28.2238 11.6909 10
      vertex 28.2245 11.691 10
    endloop
  endfacet
  facet normal 0 0 1
    outer loop
      vertex 27.3995 13.5119 10
      vertex 27.3989 13.5116 10
      vertex 28.2238 11.6909 10
    endloop
  endfacet
  facet normal -0 0 1
    outer loop
      vertex 26.4565 15.2746 10
      vertex 27.3995 13.5119 10
      vertex 26.4571 15.275 10
    endloop
  endfacet
  facet normal 0 0 1
    outer loop
      vertex 27.3995 13.5119 10
      vertex 26.4565 15.2746 10
      vertex 27.3989 13.5116 10
    endloop
  endfacet
  facet normal -0 0 1
    outer loop
      vertex 25.4009 16.9723 10
      vertex 26.4571 15.275 10
      vertex 25.4014 16.9727 10
    endloop
  endfacet
  facet normal 0 0 1
    outer loop
      vertex 26.4571 15.275 10
      vertex 25.4009 16.9723 10
      vertex 26.4565 15.2746 10
    endloop
  endfacet
  facet normal -0 0 1
    outer loop
      vertex 24.2364 18.5973 10
      vertex 25.4014 16.9727 10
      vertex 24.2369 18.5977 10
    endloop
  endfacet
  facet normal 0 0 1
    outer loop
      vertex 25.4014 16.9727 10
      vertex 24.2364 18.5973 10
      vertex 25.4009 16.9723 10
    endloop
  endfacet
  facet normal -0 0 1
    outer loop
      vertex 22.9682 20.1426 10
      vertex 24.2369 18.5977 10
      vertex 22.9687 20.143 10
    endloop
  endfacet
  facet normal 0 0 1
    outer loop
      vertex 24.2369 18.5977 10
      vertex 22.9682 20.1426 10
      vertex 24.2364 18.5973 10
    endloop
  endfacet
  facet normal 0 0 1
    outer loop
      vertex 21.6021 21.6021 10
      vertex 22.9682 20.1426 10
      vertex 22.9687 20.143 10
    endloop
  endfacet
  facet normal 0 0 1
    outer loop
      vertex 21.6021 21.6021 10
      vertex 21.6017 21.6017 10
      vertex 22.9682 20.1426 10
    endloop
  endfacet
  facet normal 0 0 1
    outer loop
      vertex 20.143 22.9687 10
      vertex 21.6017 21.6017 10
      vertex 21.6021 21.6021 10
    endloop
  endfacet
  facet normal 0 0 1
    outer loop
      vertex 20.143 22.9687 10
      vertex 20.1426 22.9682 10
      vertex 21.6017 21.6017 10
    endloop
  endfacet
  facet normal 0 0 1
    outer loop
      vertex 18.5977 24.2369 10
      vertex 20.1426 22.9682 10
      vertex 20.143 22.9687 10
    endloop
  endfacet
  facet normal 0 0 1
    outer loop
      vertex 18.5977 24.2369 10
      vertex 18.5973 24.2364 10
      vertex 20.1426 22.9682 10
    endloop
  endfacet
  facet normal 0 0 1
    outer loop
      vertex 16.9727 25.4014 10
      vertex 18.5973 24.2364 10
      vertex 18.5977 24.2369 10
    endloop
  endfacet
  facet normal 0 0 1
    outer loop
      vertex 16.9727 25.4014 10
      vertex 16.9723 25.4009 10
      vertex 18.5973 24.2364 10
    endloop
  endfacet
  facet normal 0 0 1
    outer loop
      vertex 15.275 26.4571 10
      vertex 16.9723 25.4009 10
      vertex 16.9727 25.4014 10
    endloop
  endfacet
  facet normal 0 0 1
    outer loop
      vertex 15.275 26.4571 10
      vertex 15.2746 26.4565 10
      vertex 16.9723 25.4009 10
    endloop
  endfacet
  facet normal 0 0 1
    outer loop
      vertex 13.5119 27.3995 10
      vertex 15.2746 26.4565 10
      vertex 15.275 26.4571 10
    endloop
  endfacet
  facet normal 0 0 1
    outer loop
      vertex 13.5119 27.3995 10
      vertex 13.5116 27.3989 10
      vertex 15.2746 26.4565 10
    endloop
  endfacet
  facet normal -0 0 1
    outer loop
      vertex 11.6909 28.2238 10
      vertex 13.5119 27.3995 10
      vertex 11.691 28.2245 10
    endloop
  endfacet
  facet normal 0 0 1
    outer loop
      vertex 13.5119 27.3995 10
      vertex 11.6909 28.2238 10
      vertex 13.5116 27.3989 10
    endloop
  endfacet
  facet normal -0 0 1
    outer loop
      vertex 9.81972 28.9281 10
      vertex 11.691 28.2245 10
      vertex 9.81996 28.9287 10
    endloop
  endfacet
  facet normal 0 0 1
    outer loop
      vertex 11.691 28.2245 10
      vertex 9.81972 28.9281 10
      vertex 11.6909 28.2238 10
    endloop
  endfacet
  facet normal 0 0 1
    outer loop
      vertex 7.90692 29.509 10
      vertex 9.81972 28.9281 10
      vertex 9.81996 28.9287 10
    endloop
  endfacet
  facet normal 0 0 1
    outer loop
      vertex 7.90692 29.509 10
      vertex 7.90675 29.5084 10
      vertex 9.81972 28.9281 10
    endloop
  endfacet
  facet normal 0 0 1
    outer loop
      vertex 5.96001 29.963 10
      vertex 7.90675 29.5084 10
      vertex 7.90692 29.509 10
    endloop
  endfacet
  facet normal 0 0 1
    outer loop
      vertex 5.96001 29.963 10
      vertex 5.95988 29.9623 10
      vertex 7.90675 29.5084 10
    endloop
  endfacet
  facet normal -0 0 1
    outer loop
      vertex 3.98752 30.288 10
      vertex 5.96001 29.963 10
      vertex 3.98756 30.2886 10
    endloop
  endfacet
  facet normal 0 0 1
    outer loop
      vertex 5.96001 29.963 10
      vertex 3.98752 30.288 10
      vertex 5.95988 29.9623 10
    endloop
  endfacet
  facet normal 0 0 1
    outer loop
      vertex 1.99806 30.4846 10
      vertex 3.98752 30.288 10
      vertex 3.98756 30.2886 10
    endloop
  endfacet
  facet normal 0 0 1
    outer loop
      vertex 1.99806 30.4846 10
      vertex 1.99789 30.4839 10
      vertex 3.98752 30.288 10
    endloop
  endfacet
  facet normal 0 0 1
    outer loop
      vertex 0 30.55 10
      vertex 1.99789 30.4839 10
      vertex 1.99806 30.4846 10
    endloop
  endfacet
  facet normal 0 0 1
    outer loop
      vertex 0 30.55 10
      vertex 0 30.5494 10
      vertex 1.99789 30.4839 10
    endloop
  endfacet
  facet normal 0 0 1
    outer loop
      vertex 0 30.55 10
      vertex -1.99789 30.4839 10
      vertex 0 30.5494 10
    endloop
  endfacet
  facet normal -0 0 1
    outer loop
      vertex -1.99806 30.4846 10
      vertex -1.99789 30.4839 10
      vertex 0 30.55 10
    endloop
  endfacet
  facet normal 0 0 1
    outer loop
      vertex -1.99806 30.4846 10
      vertex -3.98752 30.288 10
      vertex -1.99789 30.4839 10
    endloop
  endfacet
  facet normal -0 0 1
    outer loop
      vertex -3.98756 30.2886 10
      vertex -3.98752 30.288 10
      vertex -1.99806 30.4846 10
    endloop
  endfacet
  facet normal 0 0 1
    outer loop
      vertex -5.96001 29.963 10
      vertex -3.98752 30.288 10
      vertex -3.98756 30.2886 10
    endloop
  endfacet
  facet normal 0 0 1
    outer loop
      vertex -3.98752 30.288 10
      vertex -5.96001 29.963 10
      vertex -5.95988 29.9623 10
    endloop
  endfacet
  facet normal 0 0 1
    outer loop
      vertex -5.96001 29.963 10
      vertex -7.90675 29.5084 10
      vertex -5.95988 29.9623 10
    endloop
  endfacet
  facet normal -0 0 1
    outer loop
      vertex -7.90692 29.509 10
      vertex -7.90675 29.5084 10
      vertex -5.96001 29.963 10
    endloop
  endfacet
  facet normal 0 0 1
    outer loop
      vertex -7.90692 29.509 10
      vertex -9.81972 28.9281 10
      vertex -7.90675 29.5084 10
    endloop
  endfacet
  facet normal -0 0 1
    outer loop
      vertex -9.81996 28.9287 10
      vertex -9.81972 28.9281 10
      vertex -7.90692 29.509 10
    endloop
  endfacet
  facet normal 0 0 1
    outer loop
      vertex -11.691 28.2245 10
      vertex -9.81972 28.9281 10
      vertex -9.81996 28.9287 10
    endloop
  endfacet
  facet normal 0 0 1
    outer loop
      vertex -9.81972 28.9281 10
      vertex -11.691 28.2245 10
      vertex -11.6909 28.2238 10
    endloop
  endfacet
  facet normal 0 0 1
    outer loop
      vertex -13.5119 27.3995 10
      vertex -11.6909 28.2238 10
      vertex -11.691 28.2245 10
    endloop
  endfacet
  facet normal 0 0 1
    outer loop
      vertex -11.6909 28.2238 10
      vertex -13.5119 27.3995 10
      vertex -13.5116 27.3989 10
    endloop
  endfacet
  facet normal 0 0 1
    outer loop
      vertex -13.5119 27.3995 10
      vertex -15.2746 26.4565 10
      vertex -13.5116 27.3989 10
    endloop
  endfacet
  facet normal -0 0 1
    outer loop
      vertex -15.275 26.4571 10
      vertex -15.2746 26.4565 10
      vertex -13.5119 27.3995 10
    endloop
  endfacet
  facet normal 0 0 1
    outer loop
      vertex -15.275 26.4571 10
      vertex -16.9723 25.4009 10
      vertex -15.2746 26.4565 10
    endloop
  endfacet
  facet normal -0 0 1
    outer loop
      vertex -16.9727 25.4014 10
      vertex -16.9723 25.4009 10
      vertex -15.275 26.4571 10
    endloop
  endfacet
  facet normal 0 0 1
    outer loop
      vertex -16.9727 25.4014 10
      vertex -18.5973 24.2364 10
      vertex -16.9723 25.4009 10
    endloop
  endfacet
  facet normal -0 0 1
    outer loop
      vertex -18.5977 24.2369 10
      vertex -18.5973 24.2364 10
      vertex -16.9727 25.4014 10
    endloop
  endfacet
  facet normal 0 0 1
    outer loop
      vertex -18.5977 24.2369 10
      vertex -20.1426 22.9682 10
      vertex -18.5973 24.2364 10
    endloop
  endfacet
  facet normal -0 0 1
    outer loop
      vertex -20.143 22.9687 10
      vertex -20.1426 22.9682 10
      vertex -18.5977 24.2369 10
    endloop
  endfacet
  facet normal 0 0 1
    outer loop
      vertex -20.143 22.9687 10
      vertex -21.6017 21.6017 10
      vertex -20.1426 22.9682 10
    endloop
  endfacet
  facet normal -0 0 1
    outer loop
      vertex -21.6021 21.6021 10
      vertex -21.6017 21.6017 10
      vertex -20.143 22.9687 10
    endloop
  endfacet
  facet normal 0 0 1
    outer loop
      vertex -21.6021 21.6021 10
      vertex -22.9682 20.1426 10
      vertex -21.6017 21.6017 10
    endloop
  endfacet
  facet normal -0 0 1
    outer loop
      vertex -22.9687 20.143 10
      vertex -22.9682 20.1426 10
      vertex -21.6021 21.6021 10
    endloop
  endfacet
  facet normal 0 0 1
    outer loop
      vertex -24.2369 18.5977 10
      vertex -22.9682 20.1426 10
      vertex -22.9687 20.143 10
    endloop
  endfacet
  facet normal 0 0 1
    outer loop
      vertex -22.9682 20.1426 10
      vertex -24.2369 18.5977 10
      vertex -24.2364 18.5973 10
    endloop
  endfacet
  facet normal 0 0 1
    outer loop
      vertex -25.4014 16.9727 10
      vertex -24.2364 18.5973 10
      vertex -24.2369 18.5977 10
    endloop
  endfacet
  facet normal 0 0 1
    outer loop
      vertex -24.2364 18.5973 10
      vertex -25.4014 16.9727 10
      vertex -25.4009 16.9723 10
    endloop
  endfacet
  facet normal 0 0 1
    outer loop
      vertex -26.4571 15.275 10
      vertex -25.4009 16.9723 10
      vertex -25.4014 16.9727 10
    endloop
  endfacet
  facet normal 0 0 1
    outer loop
      vertex -25.4009 16.9723 10
      vertex -26.4571 15.275 10
      vertex -26.4565 15.2746 10
    endloop
  endfacet
  facet normal 0 0 1
    outer loop
      vertex -27.3995 13.5119 10
      vertex -26.4565 15.2746 10
      vertex -26.4571 15.275 10
    endloop
  endfacet
  facet normal 0 0 1
    outer loop
      vertex -26.4565 15.2746 10
      vertex -27.3995 13.5119 10
      vertex -27.3989 13.5116 10
    endloop
  endfacet
  facet normal 0 0 1
    outer loop
      vertex -27.3995 13.5119 10
      vertex -28.2238 11.6909 10
      vertex -27.3989 13.5116 10
    endloop
  endfacet
  facet normal -0 0 1
    outer loop
      vertex -28.2245 11.691 10
      vertex -28.2238 11.6909 10
      vertex -27.3995 13.5119 10
    endloop
  endfacet
  facet normal 0 0 1
    outer loop
      vertex -28.2245 11.691 10
      vertex -28.9281 9.81972 10
      vertex -28.2238 11.6909 10
    endloop
  endfacet
  facet normal -0 0 1
    outer loop
      vertex -28.9287 9.81996 10
      vertex -28.9281 9.81972 10
      vertex -28.2245 11.691 10
    endloop
  endfacet
  facet normal 0 0 1
    outer loop
      vertex -29.509 7.90692 10
      vertex -28.9281 9.81972 10
      vertex -28.9287 9.81996 10
    endloop
  endfacet
  facet normal 0 0 1
    outer loop
      vertex -28.9281 9.81972 10
      vertex -29.509 7.90692 10
      vertex -29.5084 7.90675 10
    endloop
  endfacet
  facet normal 0 0 1
    outer loop
      vertex -29.509 7.90692 10
      vertex -29.9623 5.95988 10
      vertex -29.5084 7.90675 10
    endloop
  endfacet
  facet normal -0 0 1
    outer loop
      vertex -29.963 5.96001 10
      vertex -29.9623 5.95988 10
      vertex -29.509 7.90692 10
    endloop
  endfacet
  facet normal 0 0 1
    outer loop
      vertex -29.963 5.96001 10
      vertex -30.288 3.98752 10
      vertex -29.9623 5.95988 10
    endloop
  endfacet
  facet normal -0 0 1
    outer loop
      vertex -30.2886 3.98756 10
      vertex -30.288 3.98752 10
      vertex -29.963 5.96001 10
    endloop
  endfacet
  facet normal 0 0 1
    outer loop
      vertex -30.4846 1.99806 10
      vertex -30.288 3.98752 10
      vertex -30.2886 3.98756 10
    endloop
  endfacet
  facet normal 0 0 1
    outer loop
      vertex -30.288 3.98752 10
      vertex -30.4846 1.99806 10
      vertex -30.4839 1.99789 10
    endloop
  endfacet
  facet normal 0 0 1
    outer loop
      vertex -30.55 0 10
      vertex -30.4839 1.99789 10
      vertex -30.4846 1.99806 10
    endloop
  endfacet
  facet normal 0 0 1
    outer loop
      vertex -30.4839 1.99789 10
      vertex -30.55 0 10
      vertex -30.5494 0 10
    endloop
  endfacet
  facet normal 0 0 1
    outer loop
      vertex 30.4839 -1.99789 10
      vertex 30.55 0 10
      vertex 30.5494 0 10
    endloop
  endfacet
  facet normal 0 0 1
    outer loop
      vertex 30.55 0 10
      vertex 30.4839 -1.99789 10
      vertex 30.4846 -1.99806 10
    endloop
  endfacet
  facet normal 0 0 1
    outer loop
      vertex 30.288 -3.98752 10
      vertex 30.4846 -1.99806 10
      vertex 30.4839 -1.99789 10
    endloop
  endfacet
  facet normal 0 0 1
    outer loop
      vertex 30.4846 -1.99806 10
      vertex 30.288 -3.98752 10
      vertex 30.2886 -3.98756 10
    endloop
  endfacet
  facet normal 0 0 1
    outer loop
      vertex 30.288 -3.98752 10
      vertex 29.963 -5.96001 10
      vertex 30.2886 -3.98756 10
    endloop
  endfacet
  facet normal -0 0 1
    outer loop
      vertex 29.9623 -5.95988 10
      vertex 29.963 -5.96001 10
      vertex 30.288 -3.98752 10
    endloop
  endfacet
  facet normal 0 0 1
    outer loop
      vertex 29.6965 -7.09999 10
      vertex 29.963 -5.96001 10
      vertex 29.9623 -5.95988 10
    endloop
  endfacet
  facet normal -0 0 1
    outer loop
      vertex 29.6965 -7.09999 10
      vertex 29.509 -7.90692 10
      vertex 29.963 -5.96001 10
    endloop
  endfacet
  facet normal -0 0 1
    outer loop
      vertex 25.7874 -7.09999 10
      vertex 29.509 -7.90692 10
      vertex 29.6965 -7.09999 10
    endloop
  endfacet
  facet normal 0 0 1
    outer loop
      vertex 29.509 -7.90692 10
      vertex 25.7874 -7.09999 10
      vertex 29.3898 -8.29999 10
    endloop
  endfacet
  facet normal 0 0 1
    outer loop
      vertex 7.39999 -8.29999 10
      vertex 25.7874 -7.09999 10
      vertex 9.87258 -7.09999 10
    endloop
  endfacet
  facet normal 0 0 1
    outer loop
      vertex 7.39999 -8.29999 10
      vertex 9.87258 -7.09999 10
      vertex 8.02127 -7.09999 10
    endloop
  endfacet
  facet normal 0 0 1
    outer loop
      vertex 25.7874 -7.09999 10
      vertex 7.39999 -8.29999 10
      vertex 29.3898 -8.29999 10
    endloop
  endfacet
  facet normal -0 0 1
    outer loop
      vertex 3.29999 -2.5 10
      vertex 8.02127 -7.09999 10
      vertex 3.92126 -1.3 10
    endloop
  endfacet
  facet normal 0 0 1
    outer loop
      vertex 8.02127 -7.09999 10
      vertex 3.29999 -2.5 10
      vertex 7.39999 -8.29999 10
    endloop
  endfacet
  facet normal -0 0 1
    outer loop
      vertex -30.5068 -1.3 10
      vertex 3.29999 -2.5 10
      vertex 3.92126 -1.3 10
    endloop
  endfacet
  facet normal 0 0 1
    outer loop
      vertex 3.29999 -2.5 10
      vertex -30.5068 -1.3 10
      vertex -30.4352 -2.5 10
    endloop
  endfacet
  facet normal 0 0 1
    outer loop
      vertex -30.4352 -2.5 10
      vertex -30.5068 -1.3 10
      vertex -30.4846 -1.99806 10
    endloop
  endfacet
  facet normal -0 0 1
    outer loop
      vertex -30.55 0 10
      vertex -30.5068 -1.3 10
      vertex -30.5494 0 10
    endloop
  endfacet
  facet normal 0 0 1
    outer loop
      vertex -30.5068 -1.3 10
      vertex -30.55 0 10
      vertex -30.4846 -1.99806 10
    endloop
  endfacet
  facet normal 0.0979867 -0.995188 0
    outer loop
      vertex -3.98752 30.288 1.6
      vertex -1.99789 30.4839 10
      vertex -3.98752 30.288 10
    endloop
  endfacet
  facet normal 0.0979867 -0.995188 0
    outer loop
      vertex -1.99789 30.4839 10
      vertex -3.98752 30.288 1.6
      vertex -1.99789 30.4839 1.6
    endloop
  endfacet
  facet normal 0.162926 -0.986638 0
    outer loop
      vertex -5.95988 29.9623 1.6
      vertex -3.98752 30.288 10
      vertex -5.95988 29.9623 10
    endloop
  endfacet
  facet normal 0.162926 -0.986638 0
    outer loop
      vertex -3.98752 30.288 10
      vertex -5.95988 29.9623 1.6
      vertex -3.98752 30.288 1.6
    endloop
  endfacet
  facet normal 0.227054 -0.973882 0
    outer loop
      vertex -7.90675 29.5084 1.6
      vertex -5.95988 29.9623 10
      vertex -7.90675 29.5084 10
    endloop
  endfacet
  facet normal 0.227054 -0.973882 0
    outer loop
      vertex -5.95988 29.9623 10
      vertex -7.90675 29.5084 1.6
      vertex -5.95988 29.9623 1.6
    endloop
  endfacet
  facet normal 0.290288 -0.956939 0
    outer loop
      vertex -9.81972 28.9281 1.6
      vertex -7.90675 29.5084 10
      vertex -9.81972 28.9281 10
    endloop
  endfacet
  facet normal 0.290288 -0.956939 0
    outer loop
      vertex -7.90675 29.5084 10
      vertex -9.81972 28.9281 1.6
      vertex -7.90675 29.5084 1.6
    endloop
  endfacet
  facet normal 0.352267 -0.9359 0
    outer loop
      vertex -11.6909 28.2238 1.6
      vertex -9.81972 28.9281 10
      vertex -11.6909 28.2238 10
    endloop
  endfacet
  facet normal 0.352267 -0.9359 0
    outer loop
      vertex -9.81972 28.9281 10
      vertex -11.6909 28.2238 1.6
      vertex -9.81972 28.9281 1.6
    endloop
  endfacet
  facet normal 0.412687 -0.910873 0
    outer loop
      vertex -13.5116 27.3989 1.6
      vertex -11.6909 28.2238 10
      vertex -13.5116 27.3989 10
    endloop
  endfacet
  facet normal 0.412687 -0.910873 0
    outer loop
      vertex -11.6909 28.2238 10
      vertex -13.5116 27.3989 1.6
      vertex -11.6909 28.2238 1.6
    endloop
  endfacet
  facet normal 0.471419 -0.881909 0
    outer loop
      vertex -15.2746 26.4565 1.6
      vertex -13.5116 27.3989 10
      vertex -15.2746 26.4565 10
    endloop
  endfacet
  facet normal 0.471419 -0.881909 0
    outer loop
      vertex -13.5116 27.3989 10
      vertex -15.2746 26.4565 1.6
      vertex -13.5116 27.3989 1.6
    endloop
  endfacet
  facet normal 0.528033 -0.849224 0
    outer loop
      vertex -16.9723 25.4009 1.6
      vertex -15.2746 26.4565 10
      vertex -16.9723 25.4009 10
    endloop
  endfacet
  facet normal 0.528033 -0.849224 0
    outer loop
      vertex -15.2746 26.4565 10
      vertex -16.9723 25.4009 1.6
      vertex -15.2746 26.4565 1.6
    endloop
  endfacet
  facet normal 0.582491 -0.812837 0
    outer loop
      vertex -18.5973 24.2364 1.6
      vertex -16.9723 25.4009 10
      vertex -18.5973 24.2364 10
    endloop
  endfacet
  facet normal 0.582491 -0.812837 0
    outer loop
      vertex -16.9723 25.4009 10
      vertex -18.5973 24.2364 1.6
      vertex -16.9723 25.4009 1.6
    endloop
  endfacet
  facet normal 0.634395 -0.773009 0
    outer loop
      vertex -20.1426 22.9682 1.6
      vertex -18.5973 24.2364 10
      vertex -20.1426 22.9682 10
    endloop
  endfacet
  facet normal 0.634395 -0.773009 0
    outer loop
      vertex -18.5973 24.2364 10
      vertex -20.1426 22.9682 1.6
      vertex -18.5973 24.2364 1.6
    endloop
  endfacet
  facet normal 0.683567 -0.729888 0
    outer loop
      vertex -21.6017 21.6017 1.6
      vertex -20.1426 22.9682 10
      vertex -21.6017 21.6017 10
    endloop
  endfacet
  facet normal 0.683567 -0.729888 0
    outer loop
      vertex -20.1426 22.9682 10
      vertex -21.6017 21.6017 1.6
      vertex -20.1426 22.9682 1.6
    endloop
  endfacet
  facet normal 0.729888 -0.683567 0
    outer loop
      vertex -22.9682 20.1426 10
      vertex -21.6017 21.6017 1.6
      vertex -21.6017 21.6017 10
    endloop
  endfacet
  facet normal 0.729888 -0.683567 0
    outer loop
      vertex -21.6017 21.6017 1.6
      vertex -22.9682 20.1426 10
      vertex -22.9682 20.1426 1.6
    endloop
  endfacet
  facet normal 0.773009 -0.634395 0
    outer loop
      vertex -24.2364 18.5973 10
      vertex -22.9682 20.1426 1.6
      vertex -22.9682 20.1426 10
    endloop
  endfacet
  facet normal 0.773009 -0.634395 0
    outer loop
      vertex -22.9682 20.1426 1.6
      vertex -24.2364 18.5973 10
      vertex -24.2364 18.5973 1.6
    endloop
  endfacet
  facet normal 0.812837 -0.582491 0
    outer loop
      vertex -25.4009 16.9723 10
      vertex -24.2364 18.5973 1.6
      vertex -24.2364 18.5973 10
    endloop
  endfacet
  facet normal 0.812837 -0.582491 0
    outer loop
      vertex -24.2364 18.5973 1.6
      vertex -25.4009 16.9723 10
      vertex -25.4009 16.9723 1.6
    endloop
  endfacet
  facet normal 0.849224 -0.528033 0
    outer loop
      vertex -26.4565 15.2746 10
      vertex -25.4009 16.9723 1.6
      vertex -25.4009 16.9723 10
    endloop
  endfacet
  facet normal 0.849224 -0.528033 0
    outer loop
      vertex -25.4009 16.9723 1.6
      vertex -26.4565 15.2746 10
      vertex -26.4565 15.2746 1.6
    endloop
  endfacet
  facet normal 0.881909 -0.471419 0
    outer loop
      vertex -27.3989 13.5116 10
      vertex -26.4565 15.2746 1.6
      vertex -26.4565 15.2746 10
    endloop
  endfacet
  facet normal 0.881909 -0.471419 0
    outer loop
      vertex -26.4565 15.2746 1.6
      vertex -27.3989 13.5116 10
      vertex -27.3989 13.5116 1.6
    endloop
  endfacet
  facet normal 0.910873 -0.412687 0
    outer loop
      vertex -28.2238 11.6909 10
      vertex -27.3989 13.5116 1.6
      vertex -27.3989 13.5116 10
    endloop
  endfacet
  facet normal 0.910873 -0.412687 0
    outer loop
      vertex -27.3989 13.5116 1.6
      vertex -28.2238 11.6909 10
      vertex -28.2238 11.6909 1.6
    endloop
  endfacet
  facet normal 0.9359 -0.352267 0
    outer loop
      vertex -28.9281 9.81972 10
      vertex -28.2238 11.6909 1.6
      vertex -28.2238 11.6909 10
    endloop
  endfacet
  facet normal 0.9359 -0.352267 0
    outer loop
      vertex -28.2238 11.6909 1.6
      vertex -28.9281 9.81972 10
      vertex -28.9281 9.81972 1.6
    endloop
  endfacet
  facet normal 0.956939 -0.290288 0
    outer loop
      vertex -29.5084 7.90675 10
      vertex -28.9281 9.81972 1.6
      vertex -28.9281 9.81972 10
    endloop
  endfacet
  facet normal 0.956939 -0.290288 0
    outer loop
      vertex -28.9281 9.81972 1.6
      vertex -29.5084 7.90675 10
      vertex -29.5084 7.90675 1.6
    endloop
  endfacet
  facet normal 0.973882 -0.227054 0
    outer loop
      vertex -29.9623 5.95988 10
      vertex -29.5084 7.90675 1.6
      vertex -29.5084 7.90675 10
    endloop
  endfacet
  facet normal 0.973882 -0.227054 0
    outer loop
      vertex -29.5084 7.90675 1.6
      vertex -29.9623 5.95988 10
      vertex -29.9623 5.95988 1.6
    endloop
  endfacet
  facet normal 0.986638 -0.162926 0
    outer loop
      vertex -30.288 3.98752 10
      vertex -29.9623 5.95988 1.6
      vertex -29.9623 5.95988 10
    endloop
  endfacet
  facet normal 0.986638 -0.162926 0
    outer loop
      vertex -29.9623 5.95988 1.6
      vertex -30.288 3.98752 10
      vertex -30.288 3.98752 1.6
    endloop
  endfacet
  facet normal 0.995188 -0.0979867 0
    outer loop
      vertex -30.4839 1.99789 10
      vertex -30.288 3.98752 1.6
      vertex -30.288 3.98752 10
    endloop
  endfacet
  facet normal 0.995188 -0.0979867 0
    outer loop
      vertex -30.288 3.98752 1.6
      vertex -30.4839 1.99789 10
      vertex -30.4839 1.99789 1.6
    endloop
  endfacet
  facet normal 0.999463 -0.032767 0
    outer loop
      vertex -30.5494 0 10
      vertex -30.4839 1.99789 1.6
      vertex -30.4839 1.99789 10
    endloop
  endfacet
  facet normal 0.999463 -0.032767 0
    outer loop
      vertex -30.4839 1.99789 1.6
      vertex -30.5494 0 10
      vertex -30.5494 0 1.6
    endloop
  endfacet
  facet normal 0.999464 0.0327517 0
    outer loop
      vertex -30.5068 -1.3 10
      vertex -30.5494 0 1.6
      vertex -30.5494 0 10
    endloop
  endfacet
  facet normal 0.999464 0.0327517 0
    outer loop
      vertex -30.5494 0 1.6
      vertex -30.5068 -1.3 10
      vertex -30.5068 -1.3 1.6
    endloop
  endfacet
  facet normal 0 1 -0
    outer loop
      vertex 3.92126 -1.3 1.6
      vertex -30.5068 -1.3 10
      vertex 3.92126 -1.3 10
    endloop
  endfacet
  facet normal 0 1 0
    outer loop
      vertex -30.5068 -1.3 10
      vertex 3.92126 -1.3 1.6
      vertex -30.5068 -1.3 1.6
    endloop
  endfacet
  facet normal 0.816576 0.577237 0
    outer loop
      vertex 8.02127 -7.09999 10
      vertex 3.92126 -1.3 1.6
      vertex 3.92126 -1.3 10
    endloop
  endfacet
  facet normal 0.816576 0.577237 0
    outer loop
      vertex 3.92126 -1.3 1.6
      vertex 8.02127 -7.09999 10
      vertex 8.02127 -7.09999 1.6
    endloop
  endfacet
  facet normal 0 1 0
    outer loop
      vertex 29.6965 -7.09999 10
      vertex 25.7874 -7.09999 7.6
      vertex 25.7874 -7.09999 10
    endloop
  endfacet
  facet normal 0 1 0
    outer loop
      vertex 8.02127 -7.09999 1.6
      vertex 25.7874 -7.09999 7.6
      vertex 29.6965 -7.09999 1.6
    endloop
  endfacet
  facet normal 0 1 -0
    outer loop
      vertex 29.6965 -7.09999 1.6
      vertex 25.7874 -7.09999 7.6
      vertex 29.6965 -7.09999 10
    endloop
  endfacet
  facet normal 0 1 -0
    outer loop
      vertex 9.87258 -7.09999 7.6
      vertex 8.02127 -7.09999 10
      vertex 9.87258 -7.09999 10
    endloop
  endfacet
  facet normal 0 1 0
    outer loop
      vertex 9.87258 -7.09999 7.6
      vertex 8.02127 -7.09999 1.6
      vertex 8.02127 -7.09999 10
    endloop
  endfacet
  facet normal 0 1 0
    outer loop
      vertex 25.7874 -7.09999 7.6
      vertex 8.02127 -7.09999 1.6
      vertex 9.87258 -7.09999 7.6
    endloop
  endfacet
  facet normal 0 1 -0
    outer loop
      vertex 25.7874 -7.09999 7.6
      vertex 9.87258 -7.09999 10
      vertex 25.7874 -7.09999 10
    endloop
  endfacet
  facet normal 0 1 0
    outer loop
      vertex 9.87258 -7.09999 10
      vertex 25.7874 -7.09999 7.6
      vertex 9.87258 -7.09999 7.6
    endloop
  endfacet
  facet normal -0.973884 0.227047 0
    outer loop
      vertex 29.6965 -7.09999 1.6
      vertex 29.9623 -5.95988 10
      vertex 29.9623 -5.95988 1.6
    endloop
  endfacet
  facet normal -0.973884 0.227047 0
    outer loop
      vertex 29.9623 -5.95988 10
      vertex 29.6965 -7.09999 1.6
      vertex 29.6965 -7.09999 10
    endloop
  endfacet
  facet normal -0.986638 0.162926 0
    outer loop
      vertex 29.9623 -5.95988 1.6
      vertex 30.288 -3.98752 10
      vertex 30.288 -3.98752 1.6
    endloop
  endfacet
  facet normal -0.986638 0.162926 0
    outer loop
      vertex 30.288 -3.98752 10
      vertex 29.9623 -5.95988 1.6
      vertex 29.9623 -5.95988 10
    endloop
  endfacet
  facet normal -0.995188 0.0979867 0
    outer loop
      vertex 30.288 -3.98752 1.6
      vertex 30.4839 -1.99789 10
      vertex 30.4839 -1.99789 1.6
    endloop
  endfacet
  facet normal -0.995188 0.0979867 0
    outer loop
      vertex 30.4839 -1.99789 10
      vertex 30.288 -3.98752 1.6
      vertex 30.288 -3.98752 10
    endloop
  endfacet
  facet normal -0.999463 0.032767 0
    outer loop
      vertex 30.4839 -1.99789 1.6
      vertex 30.5494 0 10
      vertex 30.5494 0 1.6
    endloop
  endfacet
  facet normal -0.999463 0.032767 0
    outer loop
      vertex 30.5494 0 10
      vertex 30.4839 -1.99789 1.6
      vertex 30.4839 -1.99789 10
    endloop
  endfacet
  facet normal -0.999456 -0.0329834 0
    outer loop
      vertex 30.4896 1.82517 7.6
      vertex 30.4839 1.99789 10
      vertex 30.4839 1.99789 7.6
    endloop
  endfacet
  facet normal -0.999456 -0.0329834 0
    outer loop
      vertex 30.4839 1.99789 10
      vertex 30.4896 1.82517 7.6
      vertex 30.4896 1.82517 10
    endloop
  endfacet
  facet normal -0.999456 -0.0329834 0
    outer loop
      vertex 30.4839 1.99789 1.6
      vertex 30.4896 1.82517 7.6
      vertex 30.4839 1.99789 7.6
    endloop
  endfacet
  facet normal -0.999463 -0.032767 6.23765e-06
    outer loop
      vertex 30.5494 0 1.6
      vertex 30.4896 1.82517 7.6
      vertex 30.4839 1.99789 1.6
    endloop
  endfacet
  facet normal -0.999464 -0.0327465 -0
    outer loop
      vertex 30.5494 0 10
      vertex 30.4896 1.82517 7.6
      vertex 30.5494 0 1.6
    endloop
  endfacet
  facet normal -0.999464 -0.0327465 0
    outer loop
      vertex 30.4896 1.82517 7.6
      vertex 30.5494 0 10
      vertex 30.4896 1.82517 10
    endloop
  endfacet
  facet normal -0.995188 -0.0979867 0
    outer loop
      vertex 30.4839 1.99789 7.6
      vertex 30.288 3.98752 10
      vertex 30.288 3.98752 7.6
    endloop
  endfacet
  facet normal -0.995188 -0.0979867 0
    outer loop
      vertex 30.288 3.98752 10
      vertex 30.4839 1.99789 7.6
      vertex 30.4839 1.99789 10
    endloop
  endfacet
  facet normal -0.995188 -0.0979867 0
    outer loop
      vertex 30.4839 1.99789 1.6
      vertex 30.288 3.98752 7.6
      vertex 30.288 3.98752 1.6
    endloop
  endfacet
  facet normal -0.995188 -0.0979867 0
    outer loop
      vertex 30.288 3.98752 7.6
      vertex 30.4839 1.99789 1.6
      vertex 30.4839 1.99789 7.6
    endloop
  endfacet
  facet normal -0.986638 -0.162926 0
    outer loop
      vertex 30.288 3.98752 7.6
      vertex 29.9623 5.95988 10
      vertex 29.9623 5.95988 7.6
    endloop
  endfacet
  facet normal -0.986638 -0.162926 0
    outer loop
      vertex 29.9623 5.95988 10
      vertex 30.288 3.98752 7.6
      vertex 30.288 3.98752 10
    endloop
  endfacet
  facet normal -0.986638 -0.162926 0
    outer loop
      vertex 30.288 3.98752 1.6
      vertex 29.9623 5.95988 7.6
      vertex 29.9623 5.95988 1.6
    endloop
  endfacet
  facet normal -0.986638 -0.162926 0
    outer loop
      vertex 29.9623 5.95988 7.6
      vertex 30.288 3.98752 1.6
      vertex 30.288 3.98752 7.6
    endloop
  endfacet
  facet normal -0.97385 -0.227192 0
    outer loop
      vertex 29.5084 7.90675 1.6
      vertex 29.5764 7.61527 7.6
      vertex 29.5084 7.90675 10
    endloop
  endfacet
  facet normal -0.973882 -0.227054 7.03556e-06
    outer loop
      vertex 29.9623 5.95988 1.6
      vertex 29.5764 7.61527 7.6
      vertex 29.5084 7.90675 1.6
    endloop
  endfacet
  facet normal -0.973888 -0.22703 0
    outer loop
      vertex 29.5764 7.61527 7.6
      vertex 29.9623 5.95988 1.6
      vertex 29.9623 5.95988 7.6
    endloop
  endfacet
  facet normal -0.97385 -0.227192 0
    outer loop
      vertex 29.5084 7.90675 10
      vertex 29.5764 7.61527 7.6
      vertex 29.5764 7.61527 10
    endloop
  endfacet
  facet normal -0.973888 -0.22703 0
    outer loop
      vertex 29.9623 5.95988 7.6
      vertex 29.5764 7.61527 10
      vertex 29.5764 7.61527 7.6
    endloop
  endfacet
  facet normal -0.973888 -0.22703 0
    outer loop
      vertex 29.5764 7.61527 10
      vertex 29.9623 5.95988 7.6
      vertex 29.9623 5.95988 10
    endloop
  endfacet
  facet normal -0.956939 -0.290288 0
    outer loop
      vertex 29.5084 7.90675 1.6
      vertex 28.9281 9.81972 10
      vertex 28.9281 9.81972 1.6
    endloop
  endfacet
  facet normal -0.956939 -0.290288 0
    outer loop
      vertex 28.9281 9.81972 10
      vertex 29.5084 7.90675 1.6
      vertex 29.5084 7.90675 10
    endloop
  endfacet
  facet normal -0.9359 -0.352267 0
    outer loop
      vertex 28.9281 9.81972 1.6
      vertex 28.2238 11.6909 10
      vertex 28.2238 11.6909 1.6
    endloop
  endfacet
  facet normal -0.9359 -0.352267 0
    outer loop
      vertex 28.2238 11.6909 10
      vertex 28.9281 9.81972 1.6
      vertex 28.9281 9.81972 10
    endloop
  endfacet
  facet normal -0.910873 -0.412687 0
    outer loop
      vertex 28.2238 11.6909 1.6
      vertex 27.3989 13.5116 10
      vertex 27.3989 13.5116 1.6
    endloop
  endfacet
  facet normal -0.910873 -0.412687 0
    outer loop
      vertex 27.3989 13.5116 10
      vertex 28.2238 11.6909 1.6
      vertex 28.2238 11.6909 10
    endloop
  endfacet
  facet normal -0.881909 -0.471419 0
    outer loop
      vertex 27.3989 13.5116 1.6
      vertex 26.4565 15.2746 10
      vertex 26.4565 15.2746 1.6
    endloop
  endfacet
  facet normal -0.881909 -0.471419 0
    outer loop
      vertex 26.4565 15.2746 10
      vertex 27.3989 13.5116 1.6
      vertex 27.3989 13.5116 10
    endloop
  endfacet
  facet normal -0.849224 -0.528033 0
    outer loop
      vertex 26.4565 15.2746 1.6
      vertex 25.4009 16.9723 10
      vertex 25.4009 16.9723 1.6
    endloop
  endfacet
  facet normal -0.849224 -0.528033 0
    outer loop
      vertex 25.4009 16.9723 10
      vertex 26.4565 15.2746 1.6
      vertex 26.4565 15.2746 10
    endloop
  endfacet
  facet normal -0.812837 -0.582491 0
    outer loop
      vertex 25.4009 16.9723 1.6
      vertex 24.2364 18.5973 10
      vertex 24.2364 18.5973 1.6
    endloop
  endfacet
  facet normal -0.812837 -0.582491 0
    outer loop
      vertex 24.2364 18.5973 10
      vertex 25.4009 16.9723 1.6
      vertex 25.4009 16.9723 10
    endloop
  endfacet
  facet normal -0.773009 -0.634395 0
    outer loop
      vertex 24.2364 18.5973 1.6
      vertex 22.9682 20.1426 10
      vertex 22.9682 20.1426 1.6
    endloop
  endfacet
  facet normal -0.773009 -0.634395 0
    outer loop
      vertex 22.9682 20.1426 10
      vertex 24.2364 18.5973 1.6
      vertex 24.2364 18.5973 10
    endloop
  endfacet
  facet normal -0.729888 -0.683567 0
    outer loop
      vertex 22.9682 20.1426 1.6
      vertex 21.6017 21.6017 10
      vertex 21.6017 21.6017 1.6
    endloop
  endfacet
  facet normal -0.729888 -0.683567 0
    outer loop
      vertex 21.6017 21.6017 10
      vertex 22.9682 20.1426 1.6
      vertex 22.9682 20.1426 10
    endloop
  endfacet
  facet normal -0.683567 -0.729888 0
    outer loop
      vertex 20.1426 22.9682 1.6
      vertex 21.6017 21.6017 10
      vertex 20.1426 22.9682 10
    endloop
  endfacet
  facet normal -0.683567 -0.729888 -0
    outer loop
      vertex 21.6017 21.6017 10
      vertex 20.1426 22.9682 1.6
      vertex 21.6017 21.6017 1.6
    endloop
  endfacet
  facet normal -0.634395 -0.773009 0
    outer loop
      vertex 18.5973 24.2364 1.6
      vertex 20.1426 22.9682 10
      vertex 18.5973 24.2364 10
    endloop
  endfacet
  facet normal -0.634395 -0.773009 -0
    outer loop
      vertex 20.1426 22.9682 10
      vertex 18.5973 24.2364 1.6
      vertex 20.1426 22.9682 1.6
    endloop
  endfacet
  facet normal -0.582491 -0.812837 0
    outer loop
      vertex 16.9723 25.4009 1.6
      vertex 18.5973 24.2364 10
      vertex 16.9723 25.4009 10
    endloop
  endfacet
  facet normal -0.582491 -0.812837 -0
    outer loop
      vertex 18.5973 24.2364 10
      vertex 16.9723 25.4009 1.6
      vertex 18.5973 24.2364 1.6
    endloop
  endfacet
  facet normal -0.528033 -0.849224 0
    outer loop
      vertex 15.2746 26.4565 1.6
      vertex 16.9723 25.4009 10
      vertex 15.2746 26.4565 10
    endloop
  endfacet
  facet normal -0.528033 -0.849224 -0
    outer loop
      vertex 16.9723 25.4009 10
      vertex 15.2746 26.4565 1.6
      vertex 16.9723 25.4009 1.6
    endloop
  endfacet
  facet normal -0.471419 -0.881909 0
    outer loop
      vertex 13.5116 27.3989 1.6
      vertex 15.2746 26.4565 10
      vertex 13.5116 27.3989 10
    endloop
  endfacet
  facet normal -0.471419 -0.881909 -0
    outer loop
      vertex 15.2746 26.4565 10
      vertex 13.5116 27.3989 1.6
      vertex 15.2746 26.4565 1.6
    endloop
  endfacet
  facet normal -0.412687 -0.910873 0
    outer loop
      vertex 11.6909 28.2238 1.6
      vertex 13.5116 27.3989 10
      vertex 11.6909 28.2238 10
    endloop
  endfacet
  facet normal -0.412687 -0.910873 -0
    outer loop
      vertex 13.5116 27.3989 10
      vertex 11.6909 28.2238 1.6
      vertex 13.5116 27.3989 1.6
    endloop
  endfacet
  facet normal -0.352267 -0.9359 0
    outer loop
      vertex 9.81972 28.9281 1.6
      vertex 11.6909 28.2238 10
      vertex 9.81972 28.9281 10
    endloop
  endfacet
  facet normal -0.352267 -0.9359 -0
    outer loop
      vertex 11.6909 28.2238 10
      vertex 9.81972 28.9281 1.6
      vertex 11.6909 28.2238 1.6
    endloop
  endfacet
  facet normal -0.290288 -0.956939 0
    outer loop
      vertex 7.90675 29.5084 1.6
      vertex 9.81972 28.9281 10
      vertex 7.90675 29.5084 10
    endloop
  endfacet
  facet normal -0.290288 -0.956939 -0
    outer loop
      vertex 9.81972 28.9281 10
      vertex 7.90675 29.5084 1.6
      vertex 9.81972 28.9281 1.6
    endloop
  endfacet
  facet normal -0.227054 -0.973882 0
    outer loop
      vertex 5.95988 29.9623 1.6
      vertex 7.90675 29.5084 10
      vertex 5.95988 29.9623 10
    endloop
  endfacet
  facet normal -0.227054 -0.973882 -0
    outer loop
      vertex 7.90675 29.5084 10
      vertex 5.95988 29.9623 1.6
      vertex 7.90675 29.5084 1.6
    endloop
  endfacet
  facet normal -0.162926 -0.986638 0
    outer loop
      vertex 3.98752 30.288 1.6
      vertex 5.95988 29.9623 10
      vertex 3.98752 30.288 10
    endloop
  endfacet
  facet normal -0.162926 -0.986638 -0
    outer loop
      vertex 5.95988 29.9623 10
      vertex 3.98752 30.288 1.6
      vertex 5.95988 29.9623 1.6
    endloop
  endfacet
  facet normal -0.0979867 -0.995188 0
    outer loop
      vertex 1.99789 30.4839 1.6
      vertex 3.98752 30.288 10
      vertex 1.99789 30.4839 10
    endloop
  endfacet
  facet normal -0.0979867 -0.995188 -0
    outer loop
      vertex 3.98752 30.288 10
      vertex 1.99789 30.4839 1.6
      vertex 3.98752 30.288 1.6
    endloop
  endfacet
  facet normal -0.032767 -0.999463 0
    outer loop
      vertex 0 30.5494 1.6
      vertex 1.99789 30.4839 10
      vertex 0 30.5494 10
    endloop
  endfacet
  facet normal -0.032767 -0.999463 -0
    outer loop
      vertex 1.99789 30.4839 10
      vertex 0 30.5494 1.6
      vertex 1.99789 30.4839 1.6
    endloop
  endfacet
  facet normal 0.032767 -0.999463 0
    outer loop
      vertex -1.99789 30.4839 1.6
      vertex 0 30.5494 10
      vertex -1.99789 30.4839 10
    endloop
  endfacet
  facet normal 0.032767 -0.999463 0
    outer loop
      vertex 0 30.5494 10
      vertex -1.99789 30.4839 1.6
      vertex 0 30.5494 1.6
    endloop
  endfacet
  facet normal -0 0 1
    outer loop
      vertex 30.443 -2.42 19.5
      vertex 31.5733 -3.18 19.5
      vertex 31.6482 -2.42 19.5
    endloop
  endfacet
  facet normal 0 0 1
    outer loop
      vertex 31.5733 -3.18 19.5
      vertex 30.443 -2.42 19.5
      vertex 30.3682 -3.18 19.5
    endloop
  endfacet
  facet normal 0 1 -0
    outer loop
      vertex 31.5733 -3.18 19.5
      vertex 30.3682 -3.18 29.5
      vertex 31.5733 -3.18 29.5
    endloop
  endfacet
  facet normal 0 1 0
    outer loop
      vertex 30.3682 -3.18 29.5
      vertex 31.5733 -3.18 19.5
      vertex 30.3682 -3.18 19.5
    endloop
  endfacet
  facet normal 0 -1 0
    outer loop
      vertex 30.443 -2.42 19.5
      vertex 31.6482 -2.42 29.5
      vertex 30.443 -2.42 29.5
    endloop
  endfacet
  facet normal 0 -1 -0
    outer loop
      vertex 31.6482 -2.42 29.5
      vertex 30.443 -2.42 19.5
      vertex 31.6482 -2.42 19.5
    endloop
  endfacet
  facet normal -0 0 1
    outer loop
      vertex 29.921 -6.14 19.5
      vertex 31.1399 -6.19411 19.5
      vertex 31.1489 -6.14 19.5
    endloop
  endfacet
  facet normal 0 0 1
    outer loop
      vertex 31.1399 -6.19411 19.5
      vertex 29.921 -6.14 19.5
      vertex 30.994 -6.82 19.5
    endloop
  endfacet
  facet normal 0 0 1
    outer loop
      vertex 30.994 -6.82 19.5
      vertex 29.921 -6.14 19.5
      vertex 29.7625 -6.82 19.5
    endloop
  endfacet
  facet normal 0 1 -0
    outer loop
      vertex 30.994 -6.82 19.5
      vertex 29.7625 -6.82 29.5
      vertex 30.994 -6.82 29.5
    endloop
  endfacet
  facet normal 0 1 0
    outer loop
      vertex 29.7625 -6.82 29.5
      vertex 30.994 -6.82 19.5
      vertex 29.7625 -6.82 19.5
    endloop
  endfacet
  facet normal 0 -1 0
    outer loop
      vertex 29.921 -6.14 19.5
      vertex 31.1489 -6.14 29.5
      vertex 29.921 -6.14 29.5
    endloop
  endfacet
  facet normal 0 -1 -0
    outer loop
      vertex 31.1489 -6.14 29.5
      vertex 29.921 -6.14 19.5
      vertex 31.1489 -6.14 19.5
    endloop
  endfacet
  facet normal -1 0 0
    outer loop
      vertex -29.75 7.25 19.5
      vertex -29.75 8.01 29.5
      vertex -29.75 8.01 19.5
    endloop
  endfacet
  facet normal -1 -0 0
    outer loop
      vertex -29.75 8.01 29.5
      vertex -29.75 7.25 19.5
      vertex -29.75 7.25 29.5
    endloop
  endfacet
  facet normal -0 0 1
    outer loop
      vertex -30.7165 8.01 19.5
      vertex -29.75 7.25 19.5
      vertex -29.75 8.01 19.5
    endloop
  endfacet
  facet normal 0 0 1
    outer loop
      vertex -29.75 7.25 19.5
      vertex -30.7165 8.01 19.5
      vertex -30.8937 7.25 19.5
    endloop
  endfacet
  facet normal 0 1 -0
    outer loop
      vertex -29.75 7.25 19.5
      vertex -30.8937 7.25 29.5
      vertex -29.75 7.25 29.5
    endloop
  endfacet
  facet normal 0 1 0
    outer loop
      vertex -30.8937 7.25 29.5
      vertex -29.75 7.25 19.5
      vertex -30.8937 7.25 19.5
    endloop
  endfacet
  facet normal 0 -1 0
    outer loop
      vertex -30.7165 8.01 19.5
      vertex -29.75 8.01 29.5
      vertex -30.7165 8.01 29.5
    endloop
  endfacet
  facet normal 0 -1 -0
    outer loop
      vertex -29.75 8.01 29.5
      vertex -30.7165 8.01 19.5
      vertex -29.75 8.01 19.5
    endloop
  endfacet
  facet normal -0 0 1
    outer loop
      vertex -31.4411 4.37 19.5
      vertex -30.2886 3.98756 19.5
      vertex -30.2255 4.37 19.5
    endloop
  endfacet
  facet normal -0 0 1
    outer loop
      vertex -31.4784 4.1442 19.5
      vertex -30.2886 3.98756 19.5
      vertex -31.4411 4.37 19.5
    endloop
  endfacet
  facet normal 0 0 1
    outer loop
      vertex -30.2886 3.98756 19.5
      vertex -31.4784 4.1442 19.5
      vertex -30.2923 3.95 19.5
    endloop
  endfacet
  facet normal 0 0 1
    outer loop
      vertex -30.2923 3.95 19.5
      vertex -31.4784 4.1442 19.5
      vertex -31.4975 3.95 19.5
    endloop
  endfacet
  facet normal 0 1 -0
    outer loop
      vertex -30.2923 3.95 19.5
      vertex -31.4975 3.95 29.5
      vertex -30.2923 3.95 29.5
    endloop
  endfacet
  facet normal 0 1 0
    outer loop
      vertex -31.4975 3.95 29.5
      vertex -30.2923 3.95 19.5
      vertex -31.4975 3.95 19.5
    endloop
  endfacet
  facet normal 0 -1 0
    outer loop
      vertex -31.4411 4.37 19.5
      vertex -30.2255 4.37 29.5
      vertex -31.4411 4.37 29.5
    endloop
  endfacet
  facet normal 0 -1 -0
    outer loop
      vertex -30.2255 4.37 29.5
      vertex -31.4411 4.37 19.5
      vertex -30.2255 4.37 19.5
    endloop
  endfacet
  facet normal -0.999465 -0.0327213 0
    outer loop
      vertex -5.8 25.5 0
      vertex -5.80257 25.5785 1.6
      vertex -5.80257 25.5785 0
    endloop
  endfacet
  facet normal -0.999465 -0.0327213 0
    outer loop
      vertex -5.80257 25.5785 1.6
      vertex -5.8 25.5 0
      vertex -5.8 25.5 1.6
    endloop
  endfacet
  facet normal -0.995175 0.0981158 0
    outer loop
      vertex -5.81027 25.3434 0
      vertex -5.80257 25.4215 1.6
      vertex -5.80257 25.4215 0
    endloop
  endfacet
  facet normal -0.995175 0.0981158 0
    outer loop
      vertex -5.80257 25.4215 1.6
      vertex -5.81027 25.3434 0
      vertex -5.81027 25.3434 1.6
    endloop
  endfacet
  facet normal -0.999465 0.0327213 0
    outer loop
      vertex -5.80257 25.4215 0
      vertex -5.8 25.5 1.6
      vertex -5.8 25.5 0
    endloop
  endfacet
  facet normal -0.999465 0.0327213 0
    outer loop
      vertex -5.8 25.5 1.6
      vertex -5.80257 25.4215 0
      vertex -5.80257 25.4215 1.6
    endloop
  endfacet
  facet normal -0.986654 0.16283 0
    outer loop
      vertex -5.82306 25.2659 0
      vertex -5.81027 25.3434 1.6
      vertex -5.81027 25.3434 0
    endloop
  endfacet
  facet normal -0.986654 0.16283 0
    outer loop
      vertex -5.81027 25.3434 1.6
      vertex -5.82306 25.2659 0
      vertex -5.82306 25.2659 1.6
    endloop
  endfacet
  facet normal -0.973898 0.226988 0
    outer loop
      vertex -5.84089 25.1894 0
      vertex -5.82306 25.2659 1.6
      vertex -5.82306 25.2659 0
    endloop
  endfacet
  facet normal -0.973898 0.226988 0
    outer loop
      vertex -5.82306 25.2659 1.6
      vertex -5.84089 25.1894 0
      vertex -5.84089 25.1894 1.6
    endloop
  endfacet
  facet normal 0.634278 0.773105 -0
    outer loop
      vertex -7.73051 24.548 0
      vertex -7.79121 24.5978 1.6
      vertex -7.73051 24.548 1.6
    endloop
  endfacet
  facet normal 0.634278 0.773105 0
    outer loop
      vertex -7.79121 24.5978 1.6
      vertex -7.73051 24.548 0
      vertex -7.79121 24.5978 0
    endloop
  endfacet
  facet normal -0.471249 -0.882 0
    outer loop
      vertex -6.46925 26.5762 0
      vertex -6.4 26.5392 1.6
      vertex -6.46925 26.5762 1.6
    endloop
  endfacet
  facet normal -0.471249 -0.882 -0
    outer loop
      vertex -6.4 26.5392 1.6
      vertex -6.46925 26.5762 0
      vertex -6.4 26.5392 0
    endloop
  endfacet
  facet normal -0.773043 -0.634354 0
    outer loop
      vertex -6.04798 26.2305 0
      vertex -6.09779 26.2912 1.6
      vertex -6.09779 26.2912 0
    endloop
  endfacet
  facet normal -0.773043 -0.634354 0
    outer loop
      vertex -6.09779 26.2912 1.6
      vertex -6.04798 26.2305 0
      vertex -6.04798 26.2305 1.6
    endloop
  endfacet
  facet normal 0.22671 0.973962 -0
    outer loop
      vertex -7.23411 24.3231 0
      vertex -7.31058 24.3409 1.6
      vertex -7.23411 24.3231 1.6
    endloop
  endfacet
  facet normal 0.22671 0.973962 0
    outer loop
      vertex -7.31058 24.3409 1.6
      vertex -7.23411 24.3231 0
      vertex -7.31058 24.3409 0
    endloop
  endfacet
  facet normal -0.986654 -0.16283 0
    outer loop
      vertex -5.81027 25.6566 0
      vertex -5.82306 25.7341 1.6
      vertex -5.82306 25.7341 0
    endloop
  endfacet
  facet normal -0.986654 -0.16283 0
    outer loop
      vertex -5.82306 25.7341 1.6
      vertex -5.81027 25.6566 0
      vertex -5.81027 25.6566 1.6
    endloop
  endfacet
  facet normal 0.973898 0.226988 0
    outer loop
      vertex -8.15911 25.1894 1.6
      vertex -8.17694 25.2659 0
      vertex -8.17694 25.2659 1.6
    endloop
  endfacet
  facet normal 0.973898 0.226988 0
    outer loop
      vertex -8.17694 25.2659 0
      vertex -8.15911 25.1894 1.6
      vertex -8.15911 25.1894 0
    endloop
  endfacet
  facet normal 0.527477 0.849569 -0
    outer loop
      vertex -7.6 24.4608 0
      vertex -7.66668 24.5022 1.6
      vertex -7.6 24.4608 1.6
    endloop
  endfacet
  facet normal 0.527477 0.849569 0
    outer loop
      vertex -7.66668 24.5022 1.6
      vertex -7.6 24.4608 0
      vertex -7.66668 24.5022 0
    endloop
  endfacet
  facet normal 0.527477 -0.849569 0
    outer loop
      vertex -7.66668 26.4978 0
      vertex -7.6 26.5392 1.6
      vertex -7.66668 26.4978 1.6
    endloop
  endfacet
  facet normal 0.527477 -0.849569 0
    outer loop
      vertex -7.6 26.5392 1.6
      vertex -7.66668 26.4978 0
      vertex -7.6 26.5392 0
    endloop
  endfacet
  facet normal -0.93592 0.352212 0
    outer loop
      vertex -5.89134 25.0408 0
      vertex -5.86368 25.1143 1.6
      vertex -5.86368 25.1143 0
    endloop
  endfacet
  facet normal -0.93592 0.352212 0
    outer loop
      vertex -5.86368 25.1143 1.6
      vertex -5.89134 25.0408 0
      vertex -5.89134 25.0408 1.6
    endloop
  endfacet
  facet normal 0.162995 -0.986627 0
    outer loop
      vertex -7.23411 26.6769 0
      vertex -7.15663 26.6897 1.6
      vertex -7.23411 26.6769 1.6
    endloop
  endfacet
  facet normal 0.162995 -0.986627 0
    outer loop
      vertex -7.15663 26.6897 1.6
      vertex -7.23411 26.6769 0
      vertex -7.15663 26.6897 0
    endloop
  endfacet
  facet normal -0.729783 0.683678 0
    outer loop
      vertex -6.15147 24.6515 0
      vertex -6.09779 24.7088 1.6
      vertex -6.09779 24.7088 0
    endloop
  endfacet
  facet normal -0.729783 0.683678 0
    outer loop
      vertex -6.09779 24.7088 1.6
      vertex -6.15147 24.6515 0
      vertex -6.15147 24.6515 1.6
    endloop
  endfacet
  facet normal 0.986654 -0.16283 0
    outer loop
      vertex -8.18973 25.6566 1.6
      vertex -8.17694 25.7341 0
      vertex -8.17694 25.7341 1.6
    endloop
  endfacet
  facet normal 0.986654 -0.16283 0
    outer loop
      vertex -8.17694 25.7341 0
      vertex -8.18973 25.6566 1.6
      vertex -8.18973 25.6566 0
    endloop
  endfacet
  facet normal -0.0980537 0.995181 0
    outer loop
      vertex -6.84337 24.3103 0
      vertex -6.92152 24.3026 1.6
      vertex -6.84337 24.3103 1.6
    endloop
  endfacet
  facet normal -0.0980537 0.995181 0
    outer loop
      vertex -6.92152 24.3026 1.6
      vertex -6.84337 24.3103 0
      vertex -6.92152 24.3026 0
    endloop
  endfacet
  facet normal -0.910798 0.412853 0
    outer loop
      vertex -5.92375 24.9693 0
      vertex -5.89134 25.0408 1.6
      vertex -5.89134 25.0408 0
    endloop
  endfacet
  facet normal -0.910798 0.412853 0
    outer loop
      vertex -5.89134 25.0408 1.6
      vertex -5.92375 24.9693 0
      vertex -5.92375 24.9693 1.6
    endloop
  endfacet
  facet normal 0.162995 0.986627 -0
    outer loop
      vertex -7.15663 24.3103 0
      vertex -7.23411 24.3231 1.6
      vertex -7.15663 24.3103 1.6
    endloop
  endfacet
  facet normal 0.162995 0.986627 0
    outer loop
      vertex -7.23411 24.3231 1.6
      vertex -7.15663 24.3103 0
      vertex -7.23411 24.3231 0
    endloop
  endfacet
  facet normal -0.973898 -0.226988 0
    outer loop
      vertex -5.82306 25.7341 0
      vertex -5.84089 25.8106 1.6
      vertex -5.84089 25.8106 0
    endloop
  endfacet
  facet normal -0.973898 -0.226988 0
    outer loop
      vertex -5.84089 25.8106 1.6
      vertex -5.82306 25.7341 0
      vertex -5.82306 25.7341 1.6
    endloop
  endfacet
  facet normal 0.0331113 0.999452 -0
    outer loop
      vertex -7 24.3 0
      vertex -7.07848 24.3026 1.6
      vertex -7 24.3 1.6
    endloop
  endfacet
  facet normal 0.0331113 0.999452 0
    outer loop
      vertex -7.07848 24.3026 1.6
      vertex -7 24.3 0
      vertex -7.07848 24.3026 0
    endloop
  endfacet
  facet normal -0.162995 0.986627 0
    outer loop
      vertex -6.76589 24.3231 0
      vertex -6.84337 24.3103 1.6
      vertex -6.76589 24.3231 1.6
    endloop
  endfacet
  facet normal -0.162995 0.986627 0
    outer loop
      vertex -6.84337 24.3103 1.6
      vertex -6.76589 24.3231 0
      vertex -6.84337 24.3103 0
    endloop
  endfacet
  facet normal -0.995175 -0.0981158 0
    outer loop
      vertex -5.80257 25.5785 0
      vertex -5.81027 25.6566 1.6
      vertex -5.81027 25.6566 0
    endloop
  endfacet
  facet normal -0.995175 -0.0981158 0
    outer loop
      vertex -5.81027 25.6566 1.6
      vertex -5.80257 25.5785 0
      vertex -5.80257 25.5785 1.6
    endloop
  endfacet
  facet normal 0.935878 -0.352323 0
    outer loop
      vertex -8.13632 25.8857 1.6
      vertex -8.10865 25.9592 0
      vertex -8.10865 25.9592 1.6
    endloop
  endfacet
  facet normal 0.935878 -0.352323 0
    outer loop
      vertex -8.10865 25.9592 0
      vertex -8.13632 25.8857 1.6
      vertex -8.13632 25.8857 0
    endloop
  endfacet
  facet normal 0.413659 0.910432 -0
    outer loop
      vertex -7.45922 24.3913 0
      vertex -7.53075 24.4238 1.6
      vertex -7.45922 24.3913 1.6
    endloop
  endfacet
  facet normal 0.413659 0.910432 0
    outer loop
      vertex -7.53075 24.4238 1.6
      vertex -7.45922 24.3913 0
      vertex -7.53075 24.4238 0
    endloop
  endfacet
  facet normal -0.351584 -0.936156 0
    outer loop
      vertex -6.61427 26.6363 0
      vertex -6.54078 26.6087 1.6
      vertex -6.61427 26.6363 1.6
    endloop
  endfacet
  facet normal -0.351584 -0.936156 -0
    outer loop
      vertex -6.54078 26.6087 1.6
      vertex -6.61427 26.6363 0
      vertex -6.54078 26.6087 0
    endloop
  endfacet
  facet normal -0.22671 0.973962 0
    outer loop
      vertex -6.68942 24.3409 0
      vertex -6.76589 24.3231 1.6
      vertex -6.68942 24.3409 1.6
    endloop
  endfacet
  facet normal -0.22671 0.973962 0
    outer loop
      vertex -6.76589 24.3231 1.6
      vertex -6.68942 24.3409 0
      vertex -6.76589 24.3231 0
    endloop
  endfacet
  facet normal -0.812717 0.582659 0
    outer loop
      vertex -6.04798 24.7695 0
      vertex -6.00224 24.8333 1.6
      vertex -6.00224 24.8333 0
    endloop
  endfacet
  facet normal -0.812717 0.582659 0
    outer loop
      vertex -6.00224 24.8333 1.6
      vertex -6.04798 24.7695 0
      vertex -6.04798 24.7695 1.6
    endloop
  endfacet
  facet normal 0.849241 -0.528006 0
    outer loop
      vertex -8.03923 26.1 1.6
      vertex -7.99776 26.1667 0
      vertex -7.99776 26.1667 1.6
    endloop
  endfacet
  facet normal 0.849241 -0.528006 0
    outer loop
      vertex -7.99776 26.1667 0
      vertex -8.03923 26.1 1.6
      vertex -8.03923 26.1 0
    endloop
  endfacet
  facet normal -0.583043 0.812441 0
    outer loop
      vertex -6.26949 24.548 0
      vertex -6.33331 24.5022 1.6
      vertex -6.26949 24.548 1.6
    endloop
  endfacet
  facet normal -0.583043 0.812441 0
    outer loop
      vertex -6.33331 24.5022 1.6
      vertex -6.26949 24.548 0
      vertex -6.33331 24.5022 0
    endloop
  endfacet
  facet normal -0.95691 0.290386 0
    outer loop
      vertex -5.86368 25.1143 0
      vertex -5.84089 25.1894 1.6
      vertex -5.84089 25.1894 0
    endloop
  endfacet
  facet normal -0.95691 0.290386 0
    outer loop
      vertex -5.84089 25.1894 1.6
      vertex -5.86368 25.1143 0
      vertex -5.86368 25.1143 1.6
    endloop
  endfacet
  facet normal 0.812717 0.582659 0
    outer loop
      vertex -7.95202 24.7695 1.6
      vertex -7.99776 24.8333 0
      vertex -7.99776 24.8333 1.6
    endloop
  endfacet
  facet normal 0.812717 0.582659 0
    outer loop
      vertex -7.99776 24.8333 0
      vertex -7.95202 24.7695 1.6
      vertex -7.95202 24.7695 0
    endloop
  endfacet
  facet normal -0.93592 -0.352212 0
    outer loop
      vertex -5.86368 25.8857 0
      vertex -5.89134 25.9592 1.6
      vertex -5.89134 25.9592 0
    endloop
  endfacet
  facet normal -0.93592 -0.352212 0
    outer loop
      vertex -5.89134 25.9592 1.6
      vertex -5.86368 25.8857 0
      vertex -5.86368 25.8857 1.6
    endloop
  endfacet
  facet normal 0.582983 0.812485 -0
    outer loop
      vertex -7.66668 24.5022 0
      vertex -7.73051 24.548 1.6
      vertex -7.66668 24.5022 1.6
    endloop
  endfacet
  facet normal 0.582983 0.812485 0
    outer loop
      vertex -7.73051 24.548 1.6
      vertex -7.66668 24.5022 0
      vertex -7.73051 24.548 0
    endloop
  endfacet
  facet normal 0.683687 0.729775 -0
    outer loop
      vertex -7.79121 24.5978 0
      vertex -7.84853 24.6515 1.6
      vertex -7.79121 24.5978 1.6
    endloop
  endfacet
  facet normal 0.683687 0.729775 0
    outer loop
      vertex -7.84853 24.6515 1.6
      vertex -7.79121 24.5978 0
      vertex -7.84853 24.6515 0
    endloop
  endfacet
  facet normal 0.471249 0.882 -0
    outer loop
      vertex -7.53075 24.4238 0
      vertex -7.6 24.4608 1.6
      vertex -7.53075 24.4238 1.6
    endloop
  endfacet
  facet normal 0.471249 0.882 0
    outer loop
      vertex -7.6 24.4608 1.6
      vertex -7.53075 24.4238 0
      vertex -7.6 24.4608 0
    endloop
  endfacet
  facet normal 0.0980537 -0.995181 0
    outer loop
      vertex -7.15663 26.6897 0
      vertex -7.07848 26.6974 1.6
      vertex -7.15663 26.6897 1.6
    endloop
  endfacet
  facet normal 0.0980537 -0.995181 0
    outer loop
      vertex -7.07848 26.6974 1.6
      vertex -7.15663 26.6897 0
      vertex -7.07848 26.6974 0
    endloop
  endfacet
  facet normal 0.290325 -0.956928 0
    outer loop
      vertex -7.38573 26.6363 0
      vertex -7.31058 26.6591 1.6
      vertex -7.38573 26.6363 1.6
    endloop
  endfacet
  facet normal 0.290325 -0.956928 0
    outer loop
      vertex -7.31058 26.6591 1.6
      vertex -7.38573 26.6363 0
      vertex -7.31058 26.6591 0
    endloop
  endfacet
  facet normal -0.882036 0.471183 0
    outer loop
      vertex -5.96077 24.9 0
      vertex -5.92375 24.9693 1.6
      vertex -5.92375 24.9693 0
    endloop
  endfacet
  facet normal -0.882036 0.471183 0
    outer loop
      vertex -5.92375 24.9693 1.6
      vertex -5.96077 24.9 0
      vertex -5.96077 24.9 1.6
    endloop
  endfacet
  facet normal 0.471249 -0.882 0
    outer loop
      vertex -7.6 26.5392 0
      vertex -7.53075 26.5762 1.6
      vertex -7.6 26.5392 1.6
    endloop
  endfacet
  facet normal 0.471249 -0.882 0
    outer loop
      vertex -7.53075 26.5762 1.6
      vertex -7.6 26.5392 0
      vertex -7.53075 26.5762 0
    endloop
  endfacet
  facet normal -0.351584 0.936156 0
    outer loop
      vertex -6.54078 24.3913 0
      vertex -6.61427 24.3637 1.6
      vertex -6.54078 24.3913 1.6
    endloop
  endfacet
  facet normal -0.351584 0.936156 0
    outer loop
      vertex -6.61427 24.3637 1.6
      vertex -6.54078 24.3913 0
      vertex -6.61427 24.3637 0
    endloop
  endfacet
  facet normal 0.999465 -0.0327213 0
    outer loop
      vertex -8.2 25.5 1.6
      vertex -8.19743 25.5785 0
      vertex -8.19743 25.5785 1.6
    endloop
  endfacet
  facet normal 0.999465 -0.0327213 0
    outer loop
      vertex -8.19743 25.5785 0
      vertex -8.2 25.5 1.6
      vertex -8.2 25.5 0
    endloop
  endfacet
  facet normal -0.471249 0.882 0
    outer loop
      vertex -6.4 24.4608 0
      vertex -6.46925 24.4238 1.6
      vertex -6.4 24.4608 1.6
    endloop
  endfacet
  facet normal -0.471249 0.882 0
    outer loop
      vertex -6.46925 24.4238 1.6
      vertex -6.4 24.4608 0
      vertex -6.46925 24.4238 0
    endloop
  endfacet
  facet normal 0.22671 -0.973962 0
    outer loop
      vertex -7.31058 26.6591 0
      vertex -7.23411 26.6769 1.6
      vertex -7.31058 26.6591 1.6
    endloop
  endfacet
  facet normal 0.22671 -0.973962 0
    outer loop
      vertex -7.23411 26.6769 1.6
      vertex -7.31058 26.6591 0
      vertex -7.23411 26.6769 0
    endloop
  endfacet
  facet normal -0.634215 0.773157 0
    outer loop
      vertex -6.20878 24.5978 0
      vertex -6.26949 24.548 1.6
      vertex -6.20878 24.5978 1.6
    endloop
  endfacet
  facet normal -0.634215 0.773157 0
    outer loop
      vertex -6.26949 24.548 1.6
      vertex -6.20878 24.5978 0
      vertex -6.26949 24.548 0
    endloop
  endfacet
  facet normal -0.634215 -0.773157 0
    outer loop
      vertex -6.26949 26.452 0
      vertex -6.20878 26.4022 1.6
      vertex -6.26949 26.452 1.6
    endloop
  endfacet
  facet normal -0.634215 -0.773157 -0
    outer loop
      vertex -6.20878 26.4022 1.6
      vertex -6.26949 26.452 0
      vertex -6.20878 26.4022 0
    endloop
  endfacet
  facet normal -0.882036 -0.471183 0
    outer loop
      vertex -5.92375 26.0307 0
      vertex -5.96077 26.1 1.6
      vertex -5.96077 26.1 0
    endloop
  endfacet
  facet normal -0.882036 -0.471183 0
    outer loop
      vertex -5.96077 26.1 1.6
      vertex -5.92375 26.0307 0
      vertex -5.92375 26.0307 1.6
    endloop
  endfacet
  facet normal -0.52742 -0.849605 0
    outer loop
      vertex -6.4 26.5392 0
      vertex -6.33331 26.4978 1.6
      vertex -6.4 26.5392 1.6
    endloop
  endfacet
  facet normal -0.52742 -0.849605 -0
    outer loop
      vertex -6.33331 26.4978 1.6
      vertex -6.4 26.5392 0
      vertex -6.33331 26.4978 0
    endloop
  endfacet
  facet normal 0.351584 0.936156 -0
    outer loop
      vertex -7.38573 24.3637 0
      vertex -7.45922 24.3913 1.6
      vertex -7.38573 24.3637 1.6
    endloop
  endfacet
  facet normal 0.351584 0.936156 0
    outer loop
      vertex -7.45922 24.3913 1.6
      vertex -7.38573 24.3637 0
      vertex -7.45922 24.3913 0
    endloop
  endfacet
  facet normal 0.729783 -0.683678 0
    outer loop
      vertex -7.90221 26.2912 1.6
      vertex -7.84853 26.3485 0
      vertex -7.84853 26.3485 1.6
    endloop
  endfacet
  facet normal 0.729783 -0.683678 0
    outer loop
      vertex -7.84853 26.3485 0
      vertex -7.90221 26.2912 1.6
      vertex -7.90221 26.2912 0
    endloop
  endfacet
  facet normal -0.0331113 0.999452 0
    outer loop
      vertex -6.92152 24.3026 0
      vertex -7 24.3 1.6
      vertex -6.92152 24.3026 1.6
    endloop
  endfacet
  facet normal -0.0331113 0.999452 0
    outer loop
      vertex -7 24.3 1.6
      vertex -6.92152 24.3026 0
      vertex -7 24.3 0
    endloop
  endfacet
  facet normal -0.290325 -0.956928 0
    outer loop
      vertex -6.68942 26.6591 0
      vertex -6.61427 26.6363 1.6
      vertex -6.68942 26.6591 1.6
    endloop
  endfacet
  facet normal -0.290325 -0.956928 -0
    outer loop
      vertex -6.61427 26.6363 1.6
      vertex -6.68942 26.6591 0
      vertex -6.61427 26.6363 0
    endloop
  endfacet
  facet normal -0.0980537 -0.995181 0
    outer loop
      vertex -6.92152 26.6974 0
      vertex -6.84337 26.6897 1.6
      vertex -6.92152 26.6974 1.6
    endloop
  endfacet
  facet normal -0.0980537 -0.995181 -0
    outer loop
      vertex -6.84337 26.6897 1.6
      vertex -6.92152 26.6974 0
      vertex -6.84337 26.6897 0
    endloop
  endfacet
  facet normal -0.162995 -0.986627 0
    outer loop
      vertex -6.84337 26.6897 0
      vertex -6.76589 26.6769 1.6
      vertex -6.84337 26.6897 1.6
    endloop
  endfacet
  facet normal -0.162995 -0.986627 -0
    outer loop
      vertex -6.76589 26.6769 1.6
      vertex -6.84337 26.6897 0
      vertex -6.76589 26.6769 0
    endloop
  endfacet
  facet normal -0.683751 -0.729716 0
    outer loop
      vertex -6.20878 26.4022 0
      vertex -6.15147 26.3485 1.6
      vertex -6.20878 26.4022 1.6
    endloop
  endfacet
  facet normal -0.683751 -0.729716 -0
    outer loop
      vertex -6.15147 26.3485 1.6
      vertex -6.20878 26.4022 0
      vertex -6.15147 26.3485 0
    endloop
  endfacet
  facet normal -0.413659 -0.910432 0
    outer loop
      vertex -6.54078 26.6087 0
      vertex -6.46925 26.5762 1.6
      vertex -6.54078 26.6087 1.6
    endloop
  endfacet
  facet normal -0.413659 -0.910432 -0
    outer loop
      vertex -6.46925 26.5762 1.6
      vertex -6.54078 26.6087 0
      vertex -6.46925 26.5762 0
    endloop
  endfacet
  facet normal -0.849241 0.528006 0
    outer loop
      vertex -6.00224 24.8333 0
      vertex -5.96077 24.9 1.6
      vertex -5.96077 24.9 0
    endloop
  endfacet
  facet normal -0.849241 0.528006 0
    outer loop
      vertex -5.96077 24.9 1.6
      vertex -6.00224 24.8333 0
      vertex -6.00224 24.8333 1.6
    endloop
  endfacet
  facet normal 0.935878 0.352323 0
    outer loop
      vertex -8.10865 25.0408 1.6
      vertex -8.13632 25.1143 0
      vertex -8.13632 25.1143 1.6
    endloop
  endfacet
  facet normal 0.935878 0.352323 0
    outer loop
      vertex -8.13632 25.1143 0
      vertex -8.10865 25.0408 1.6
      vertex -8.10865 25.0408 0
    endloop
  endfacet
  facet normal 0.986654 0.16283 0
    outer loop
      vertex -8.17694 25.2659 1.6
      vertex -8.18973 25.3434 0
      vertex -8.18973 25.3434 1.6
    endloop
  endfacet
  facet normal 0.986654 0.16283 0
    outer loop
      vertex -8.18973 25.3434 0
      vertex -8.17694 25.2659 1.6
      vertex -8.17694 25.2659 0
    endloop
  endfacet
  facet normal 0.683687 -0.729775 0
    outer loop
      vertex -7.84853 26.3485 0
      vertex -7.79121 26.4022 1.6
      vertex -7.84853 26.3485 1.6
    endloop
  endfacet
  facet normal 0.683687 -0.729775 0
    outer loop
      vertex -7.79121 26.4022 1.6
      vertex -7.84853 26.3485 0
      vertex -7.79121 26.4022 0
    endloop
  endfacet
  facet normal 0.0980537 0.995181 -0
    outer loop
      vertex -7.07848 24.3026 0
      vertex -7.15663 24.3103 1.6
      vertex -7.07848 24.3026 1.6
    endloop
  endfacet
  facet normal 0.0980537 0.995181 0
    outer loop
      vertex -7.15663 24.3103 1.6
      vertex -7.07848 24.3026 0
      vertex -7.15663 24.3103 0
    endloop
  endfacet
  facet normal -0.849241 -0.528006 0
    outer loop
      vertex -5.96077 26.1 0
      vertex -6.00224 26.1667 1.6
      vertex -6.00224 26.1667 0
    endloop
  endfacet
  facet normal -0.849241 -0.528006 0
    outer loop
      vertex -6.00224 26.1667 1.6
      vertex -5.96077 26.1 0
      vertex -5.96077 26.1 1.6
    endloop
  endfacet
  facet normal -0.773043 0.634354 0
    outer loop
      vertex -6.09779 24.7088 0
      vertex -6.04798 24.7695 1.6
      vertex -6.04798 24.7695 0
    endloop
  endfacet
  facet normal -0.773043 0.634354 0
    outer loop
      vertex -6.04798 24.7695 1.6
      vertex -6.09779 24.7088 0
      vertex -6.09779 24.7088 1.6
    endloop
  endfacet
  facet normal 0.910846 0.412747 0
    outer loop
      vertex -8.07625 24.9693 1.6
      vertex -8.10865 25.0408 0
      vertex -8.10865 25.0408 1.6
    endloop
  endfacet
  facet normal 0.910846 0.412747 0
    outer loop
      vertex -8.10865 25.0408 0
      vertex -8.07625 24.9693 1.6
      vertex -8.07625 24.9693 0
    endloop
  endfacet
  facet normal 0.95691 -0.290386 0
    outer loop
      vertex -8.15911 25.8106 1.6
      vertex -8.13632 25.8857 0
      vertex -8.13632 25.8857 1.6
    endloop
  endfacet
  facet normal 0.95691 -0.290386 0
    outer loop
      vertex -8.13632 25.8857 0
      vertex -8.15911 25.8106 1.6
      vertex -8.15911 25.8106 0
    endloop
  endfacet
  facet normal -0.52742 0.849605 0
    outer loop
      vertex -6.33331 24.5022 0
      vertex -6.4 24.4608 1.6
      vertex -6.33331 24.5022 1.6
    endloop
  endfacet
  facet normal -0.52742 0.849605 0
    outer loop
      vertex -6.4 24.4608 1.6
      vertex -6.33331 24.5022 0
      vertex -6.4 24.4608 0
    endloop
  endfacet
  facet normal -0.95691 -0.290386 0
    outer loop
      vertex -5.84089 25.8106 0
      vertex -5.86368 25.8857 1.6
      vertex -5.86368 25.8857 0
    endloop
  endfacet
  facet normal -0.95691 -0.290386 0
    outer loop
      vertex -5.86368 25.8857 1.6
      vertex -5.84089 25.8106 0
      vertex -5.84089 25.8106 1.6
    endloop
  endfacet
  facet normal -0.22671 -0.973962 0
    outer loop
      vertex -6.76589 26.6769 0
      vertex -6.68942 26.6591 1.6
      vertex -6.76589 26.6769 1.6
    endloop
  endfacet
  facet normal -0.22671 -0.973962 -0
    outer loop
      vertex -6.68942 26.6591 1.6
      vertex -6.76589 26.6769 0
      vertex -6.68942 26.6591 0
    endloop
  endfacet
  facet normal 0.973898 -0.226988 0
    outer loop
      vertex -8.17694 25.7341 1.6
      vertex -8.15911 25.8106 0
      vertex -8.15911 25.8106 1.6
    endloop
  endfacet
  facet normal 0.973898 -0.226988 0
    outer loop
      vertex -8.15911 25.8106 0
      vertex -8.17694 25.7341 1.6
      vertex -8.17694 25.7341 0
    endloop
  endfacet
  facet normal 0.634278 -0.773105 0
    outer loop
      vertex -7.79121 26.4022 0
      vertex -7.73051 26.452 1.6
      vertex -7.79121 26.4022 1.6
    endloop
  endfacet
  facet normal 0.634278 -0.773105 0
    outer loop
      vertex -7.73051 26.452 1.6
      vertex -7.79121 26.4022 0
      vertex -7.73051 26.452 0
    endloop
  endfacet
  facet normal -0.910798 -0.412853 0
    outer loop
      vertex -5.89134 25.9592 0
      vertex -5.92375 26.0307 1.6
      vertex -5.92375 26.0307 0
    endloop
  endfacet
  facet normal -0.910798 -0.412853 0
    outer loop
      vertex -5.92375 26.0307 1.6
      vertex -5.89134 25.9592 0
      vertex -5.89134 25.9592 1.6
    endloop
  endfacet
  facet normal 0.882036 -0.471183 0
    outer loop
      vertex -8.07625 26.0307 1.6
      vertex -8.03923 26.1 0
      vertex -8.03923 26.1 1.6
    endloop
  endfacet
  facet normal 0.882036 -0.471183 0
    outer loop
      vertex -8.03923 26.1 0
      vertex -8.07625 26.0307 1.6
      vertex -8.07625 26.0307 0
    endloop
  endfacet
  facet normal 0.849241 0.528006 0
    outer loop
      vertex -7.99776 24.8333 1.6
      vertex -8.03923 24.9 0
      vertex -8.03923 24.9 1.6
    endloop
  endfacet
  facet normal 0.849241 0.528006 0
    outer loop
      vertex -8.03923 24.9 0
      vertex -7.99776 24.8333 1.6
      vertex -7.99776 24.8333 0
    endloop
  endfacet
  facet normal 0.882036 0.471183 0
    outer loop
      vertex -8.03923 24.9 1.6
      vertex -8.07625 24.9693 0
      vertex -8.07625 24.9693 1.6
    endloop
  endfacet
  facet normal 0.882036 0.471183 0
    outer loop
      vertex -8.07625 24.9693 0
      vertex -8.03923 24.9 1.6
      vertex -8.03923 24.9 0
    endloop
  endfacet
  facet normal 0.999465 0.0327213 0
    outer loop
      vertex -8.19743 25.4215 1.6
      vertex -8.2 25.5 0
      vertex -8.2 25.5 1.6
    endloop
  endfacet
  facet normal 0.999465 0.0327213 0
    outer loop
      vertex -8.2 25.5 0
      vertex -8.19743 25.4215 1.6
      vertex -8.19743 25.4215 0
    endloop
  endfacet
  facet normal 0.729783 0.683678 0
    outer loop
      vertex -7.84853 24.6515 1.6
      vertex -7.90221 24.7088 0
      vertex -7.90221 24.7088 1.6
    endloop
  endfacet
  facet normal 0.729783 0.683678 0
    outer loop
      vertex -7.90221 24.7088 0
      vertex -7.84853 24.6515 1.6
      vertex -7.84853 24.6515 0
    endloop
  endfacet
  facet normal -0.413659 0.910432 0
    outer loop
      vertex -6.46925 24.4238 0
      vertex -6.54078 24.3913 1.6
      vertex -6.46925 24.4238 1.6
    endloop
  endfacet
  facet normal -0.413659 0.910432 0
    outer loop
      vertex -6.54078 24.3913 1.6
      vertex -6.46925 24.4238 0
      vertex -6.54078 24.3913 0
    endloop
  endfacet
  facet normal -0.583043 -0.812441 0
    outer loop
      vertex -6.33331 26.4978 0
      vertex -6.26949 26.452 1.6
      vertex -6.33331 26.4978 1.6
    endloop
  endfacet
  facet normal -0.583043 -0.812441 -0
    outer loop
      vertex -6.26949 26.452 1.6
      vertex -6.33331 26.4978 0
      vertex -6.26949 26.452 0
    endloop
  endfacet
  facet normal -0.729783 -0.683678 0
    outer loop
      vertex -6.09779 26.2912 0
      vertex -6.15147 26.3485 1.6
      vertex -6.15147 26.3485 0
    endloop
  endfacet
  facet normal -0.729783 -0.683678 0
    outer loop
      vertex -6.15147 26.3485 1.6
      vertex -6.09779 26.2912 0
      vertex -6.09779 26.2912 1.6
    endloop
  endfacet
  facet normal 0.910846 -0.412747 0
    outer loop
      vertex -8.10865 25.9592 1.6
      vertex -8.07625 26.0307 0
      vertex -8.07625 26.0307 1.6
    endloop
  endfacet
  facet normal 0.910846 -0.412747 0
    outer loop
      vertex -8.07625 26.0307 0
      vertex -8.10865 25.9592 1.6
      vertex -8.10865 25.9592 0
    endloop
  endfacet
  facet normal -0.683751 0.729716 0
    outer loop
      vertex -6.15147 24.6515 0
      vertex -6.20878 24.5978 1.6
      vertex -6.15147 24.6515 1.6
    endloop
  endfacet
  facet normal -0.683751 0.729716 0
    outer loop
      vertex -6.20878 24.5978 1.6
      vertex -6.15147 24.6515 0
      vertex -6.20878 24.5978 0
    endloop
  endfacet
  facet normal -0.0331113 -0.999452 0
    outer loop
      vertex -7 26.7 0
      vertex -6.92152 26.6974 1.6
      vertex -7 26.7 1.6
    endloop
  endfacet
  facet normal -0.0331113 -0.999452 -0
    outer loop
      vertex -6.92152 26.6974 1.6
      vertex -7 26.7 0
      vertex -6.92152 26.6974 0
    endloop
  endfacet
  facet normal 0.290325 0.956928 -0
    outer loop
      vertex -7.31058 24.3409 0
      vertex -7.38573 24.3637 1.6
      vertex -7.31058 24.3409 1.6
    endloop
  endfacet
  facet normal 0.290325 0.956928 0
    outer loop
      vertex -7.38573 24.3637 1.6
      vertex -7.31058 24.3409 0
      vertex -7.38573 24.3637 0
    endloop
  endfacet
  facet normal 0.773043 -0.634354 0
    outer loop
      vertex -7.95202 26.2305 1.6
      vertex -7.90221 26.2912 0
      vertex -7.90221 26.2912 1.6
    endloop
  endfacet
  facet normal 0.773043 -0.634354 0
    outer loop
      vertex -7.90221 26.2912 0
      vertex -7.95202 26.2305 1.6
      vertex -7.95202 26.2305 0
    endloop
  endfacet
  facet normal 0.773043 0.634354 0
    outer loop
      vertex -7.90221 24.7088 1.6
      vertex -7.95202 24.7695 0
      vertex -7.95202 24.7695 1.6
    endloop
  endfacet
  facet normal 0.773043 0.634354 0
    outer loop
      vertex -7.95202 24.7695 0
      vertex -7.90221 24.7088 1.6
      vertex -7.90221 24.7088 0
    endloop
  endfacet
  facet normal 0.995175 -0.0981158 0
    outer loop
      vertex -8.19743 25.5785 1.6
      vertex -8.18973 25.6566 0
      vertex -8.18973 25.6566 1.6
    endloop
  endfacet
  facet normal 0.995175 -0.0981158 0
    outer loop
      vertex -8.18973 25.6566 0
      vertex -8.19743 25.5785 1.6
      vertex -8.19743 25.5785 0
    endloop
  endfacet
  facet normal 0.812717 -0.582659 0
    outer loop
      vertex -7.99776 26.1667 1.6
      vertex -7.95202 26.2305 0
      vertex -7.95202 26.2305 1.6
    endloop
  endfacet
  facet normal 0.812717 -0.582659 0
    outer loop
      vertex -7.95202 26.2305 0
      vertex -7.99776 26.1667 1.6
      vertex -7.99776 26.1667 0
    endloop
  endfacet
  facet normal 0.351584 -0.936156 0
    outer loop
      vertex -7.45922 26.6087 0
      vertex -7.38573 26.6363 1.6
      vertex -7.45922 26.6087 1.6
    endloop
  endfacet
  facet normal 0.351584 -0.936156 0
    outer loop
      vertex -7.38573 26.6363 1.6
      vertex -7.45922 26.6087 0
      vertex -7.38573 26.6363 0
    endloop
  endfacet
  facet normal -0.290325 0.956928 0
    outer loop
      vertex -6.61427 24.3637 0
      vertex -6.68942 24.3409 1.6
      vertex -6.61427 24.3637 1.6
    endloop
  endfacet
  facet normal -0.290325 0.956928 0
    outer loop
      vertex -6.68942 24.3409 1.6
      vertex -6.61427 24.3637 0
      vertex -6.68942 24.3409 0
    endloop
  endfacet
  facet normal 0.95691 0.290386 0
    outer loop
      vertex -8.13632 25.1143 1.6
      vertex -8.15911 25.1894 0
      vertex -8.15911 25.1894 1.6
    endloop
  endfacet
  facet normal 0.95691 0.290386 0
    outer loop
      vertex -8.15911 25.1894 0
      vertex -8.13632 25.1143 1.6
      vertex -8.13632 25.1143 0
    endloop
  endfacet
  facet normal 0.995175 0.0981158 0
    outer loop
      vertex -8.18973 25.3434 1.6
      vertex -8.19743 25.4215 0
      vertex -8.19743 25.4215 1.6
    endloop
  endfacet
  facet normal 0.995175 0.0981158 0
    outer loop
      vertex -8.19743 25.4215 0
      vertex -8.18973 25.3434 1.6
      vertex -8.18973 25.3434 0
    endloop
  endfacet
  facet normal 0.0331113 -0.999452 0
    outer loop
      vertex -7.07848 26.6974 0
      vertex -7 26.7 1.6
      vertex -7.07848 26.6974 1.6
    endloop
  endfacet
  facet normal 0.0331113 -0.999452 0
    outer loop
      vertex -7 26.7 1.6
      vertex -7.07848 26.6974 0
      vertex -7 26.7 0
    endloop
  endfacet
  facet normal -0.812717 -0.582659 0
    outer loop
      vertex -6.00224 26.1667 0
      vertex -6.04798 26.2305 1.6
      vertex -6.04798 26.2305 0
    endloop
  endfacet
  facet normal -0.812717 -0.582659 0
    outer loop
      vertex -6.04798 26.2305 1.6
      vertex -6.00224 26.1667 0
      vertex -6.00224 26.1667 1.6
    endloop
  endfacet
  facet normal 0.413659 -0.910432 0
    outer loop
      vertex -7.53075 26.5762 0
      vertex -7.45922 26.6087 1.6
      vertex -7.53075 26.5762 1.6
    endloop
  endfacet
  facet normal 0.413659 -0.910432 0
    outer loop
      vertex -7.45922 26.6087 1.6
      vertex -7.53075 26.5762 0
      vertex -7.45922 26.6087 0
    endloop
  endfacet
  facet normal 0.582983 -0.812485 0
    outer loop
      vertex -7.73051 26.452 0
      vertex -7.66668 26.4978 1.6
      vertex -7.73051 26.452 1.6
    endloop
  endfacet
  facet normal 0.582983 -0.812485 0
    outer loop
      vertex -7.66668 26.4978 1.6
      vertex -7.73051 26.452 0
      vertex -7.66668 26.4978 0
    endloop
  endfacet
  facet normal -0.999452 -0.0331113 0
    outer loop
      vertex 27.2 2 0
      vertex 27.1974 2.07848 1.6
      vertex 27.1974 2.07848 0
    endloop
  endfacet
  facet normal -0.999452 -0.0331113 0
    outer loop
      vertex 27.1974 2.07848 1.6
      vertex 27.2 2 0
      vertex 27.2 2 1.6
    endloop
  endfacet
  facet normal -0.995181 0.0980537 0
    outer loop
      vertex 27.1897 1.84337 0
      vertex 27.1974 1.92152 1.6
      vertex 27.1974 1.92152 0
    endloop
  endfacet
  facet normal -0.995181 0.0980537 0
    outer loop
      vertex 27.1974 1.92152 1.6
      vertex 27.1897 1.84337 0
      vertex 27.1897 1.84337 1.6
    endloop
  endfacet
  facet normal -0.999452 0.0331113 0
    outer loop
      vertex 27.1974 1.92152 0
      vertex 27.2 2 1.6
      vertex 27.2 2 0
    endloop
  endfacet
  facet normal -0.999452 0.0331113 0
    outer loop
      vertex 27.2 2 1.6
      vertex 27.1974 1.92152 0
      vertex 27.1974 1.92152 1.6
    endloop
  endfacet
  facet normal -0.986627 0.162995 0
    outer loop
      vertex 27.1769 1.76589 0
      vertex 27.1897 1.84337 1.6
      vertex 27.1897 1.84337 0
    endloop
  endfacet
  facet normal -0.986627 0.162995 0
    outer loop
      vertex 27.1897 1.84337 1.6
      vertex 27.1769 1.76589 0
      vertex 27.1769 1.76589 1.6
    endloop
  endfacet
  facet normal -0.973962 0.22671 0
    outer loop
      vertex 27.1591 1.68942 0
      vertex 27.1769 1.76589 1.6
      vertex 27.1769 1.76589 0
    endloop
  endfacet
  facet normal -0.973962 0.22671 0
    outer loop
      vertex 27.1769 1.76589 1.6
      vertex 27.1591 1.68942 0
      vertex 27.1591 1.68942 1.6
    endloop
  endfacet
  facet normal 0.634354 0.773043 -0
    outer loop
      vertex 25.2695 1.04798 0
      vertex 25.2088 1.09779 1.6
      vertex 25.2695 1.04798 1.6
    endloop
  endfacet
  facet normal 0.634354 0.773043 0
    outer loop
      vertex 25.2088 1.09779 1.6
      vertex 25.2695 1.04798 0
      vertex 25.2088 1.09779 0
    endloop
  endfacet
  facet normal -0.471183 -0.882036 0
    outer loop
      vertex 26.5307 3.07625 0
      vertex 26.6 3.03923 1.6
      vertex 26.5307 3.07625 1.6
    endloop
  endfacet
  facet normal -0.471183 -0.882036 -0
    outer loop
      vertex 26.6 3.03923 1.6
      vertex 26.5307 3.07625 0
      vertex 26.6 3.03923 0
    endloop
  endfacet
  facet normal -0.773105 -0.634278 0
    outer loop
      vertex 26.952 2.73051 0
      vertex 26.9022 2.79121 1.6
      vertex 26.9022 2.79121 0
    endloop
  endfacet
  facet normal -0.773105 -0.634278 0
    outer loop
      vertex 26.9022 2.79121 1.6
      vertex 26.952 2.73051 0
      vertex 26.952 2.73051 1.6
    endloop
  endfacet
  facet normal 0.227012 0.973892 -0
    outer loop
      vertex 25.7659 0.823057 0
      vertex 25.6894 0.840889 1.6
      vertex 25.7659 0.823057 1.6
    endloop
  endfacet
  facet normal 0.227012 0.973892 0
    outer loop
      vertex 25.6894 0.840889 1.6
      vertex 25.7659 0.823057 0
      vertex 25.6894 0.840889 0
    endloop
  endfacet
  facet normal -0.986627 -0.162995 0
    outer loop
      vertex 27.1897 2.15663 0
      vertex 27.1769 2.23411 1.6
      vertex 27.1769 2.23411 0
    endloop
  endfacet
  facet normal -0.986627 -0.162995 0
    outer loop
      vertex 27.1769 2.23411 1.6
      vertex 27.1897 2.15663 0
      vertex 27.1897 2.15663 1.6
    endloop
  endfacet
  facet normal 0.973962 0.22671 0
    outer loop
      vertex 24.8409 1.68942 1.6
      vertex 24.8231 1.76589 0
      vertex 24.8231 1.76589 1.6
    endloop
  endfacet
  facet normal 0.973962 0.22671 0
    outer loop
      vertex 24.8231 1.76589 0
      vertex 24.8409 1.68942 1.6
      vertex 24.8409 1.68942 0
    endloop
  endfacet
  facet normal 0.528015 0.849235 -0
    outer loop
      vertex 25.4 0.960769 0
      vertex 25.3333 1.00224 1.6
      vertex 25.4 0.960769 1.6
    endloop
  endfacet
  facet normal 0.528015 0.849235 0
    outer loop
      vertex 25.3333 1.00224 1.6
      vertex 25.4 0.960769 0
      vertex 25.3333 1.00224 0
    endloop
  endfacet
  facet normal 0.528006 -0.849241 0
    outer loop
      vertex 25.3333 2.99776 0
      vertex 25.4 3.03923 1.6
      vertex 25.3333 2.99776 1.6
    endloop
  endfacet
  facet normal 0.528006 -0.849241 0
    outer loop
      vertex 25.4 3.03923 1.6
      vertex 25.3333 2.99776 0
      vertex 25.4 3.03923 0
    endloop
  endfacet
  facet normal -0.936156 0.351584 0
    outer loop
      vertex 27.1087 1.54078 0
      vertex 27.1363 1.61427 1.6
      vertex 27.1363 1.61427 0
    endloop
  endfacet
  facet normal -0.936156 0.351584 0
    outer loop
      vertex 27.1363 1.61427 1.6
      vertex 27.1087 1.54078 0
      vertex 27.1087 1.54078 1.6
    endloop
  endfacet
  facet normal 0.16283 -0.986654 0
    outer loop
      vertex 25.7659 3.17694 0
      vertex 25.8434 3.18973 1.6
      vertex 25.7659 3.17694 1.6
    endloop
  endfacet
  facet normal 0.16283 -0.986654 0
    outer loop
      vertex 25.8434 3.18973 1.6
      vertex 25.7659 3.17694 0
      vertex 25.8434 3.18973 0
    endloop
  endfacet
  facet normal -0.729716 0.683751 0
    outer loop
      vertex 26.8485 1.15147 0
      vertex 26.9022 1.20878 1.6
      vertex 26.9022 1.20878 0
    endloop
  endfacet
  facet normal -0.729716 0.683751 0
    outer loop
      vertex 26.9022 1.20878 1.6
      vertex 26.8485 1.15147 0
      vertex 26.8485 1.15147 1.6
    endloop
  endfacet
  facet normal 0.986627 -0.162995 0
    outer loop
      vertex 24.8103 2.15663 1.6
      vertex 24.8231 2.23411 0
      vertex 24.8231 2.23411 1.6
    endloop
  endfacet
  facet normal 0.986627 -0.162995 0
    outer loop
      vertex 24.8231 2.23411 0
      vertex 24.8103 2.15663 1.6
      vertex 24.8103 2.15663 0
    endloop
  endfacet
  facet normal -0.0980906 0.995177 0
    outer loop
      vertex 26.1566 0.810266 0
      vertex 26.0785 0.802568 1.6
      vertex 26.1566 0.810266 1.6
    endloop
  endfacet
  facet normal -0.0980906 0.995177 0
    outer loop
      vertex 26.0785 0.802568 1.6
      vertex 26.1566 0.810266 0
      vertex 26.0785 0.802568 0
    endloop
  endfacet
  facet normal -0.910432 0.413659 0
    outer loop
      vertex 27.0762 1.46925 0
      vertex 27.1087 1.54078 1.6
      vertex 27.1087 1.54078 0
    endloop
  endfacet
  facet normal -0.910432 0.413659 0
    outer loop
      vertex 27.1087 1.54078 1.6
      vertex 27.0762 1.46925 0
      vertex 27.0762 1.46925 1.6
    endloop
  endfacet
  facet normal 0.162842 0.986652 -0
    outer loop
      vertex 25.8434 0.810266 0
      vertex 25.7659 0.823057 1.6
      vertex 25.8434 0.810266 1.6
    endloop
  endfacet
  facet normal 0.162842 0.986652 0
    outer loop
      vertex 25.7659 0.823057 1.6
      vertex 25.8434 0.810266 0
      vertex 25.7659 0.823057 0
    endloop
  endfacet
  facet normal -0.910432 -0.413659 0
    outer loop
      vertex 27.1087 2.45922 0
      vertex 27.0762 2.53075 1.6
      vertex 27.0762 2.53075 0
    endloop
  endfacet
  facet normal -0.910432 -0.413659 0
    outer loop
      vertex 27.0762 2.53075 1.6
      vertex 27.1087 2.45922 0
      vertex 27.1087 2.45922 1.6
    endloop
  endfacet
  facet normal -0.973962 -0.22671 0
    outer loop
      vertex 27.1769 2.23411 0
      vertex 27.1591 2.31058 1.6
      vertex 27.1591 2.31058 0
    endloop
  endfacet
  facet normal -0.973962 -0.22671 0
    outer loop
      vertex 27.1591 2.31058 1.6
      vertex 27.1769 2.23411 0
      vertex 27.1769 2.23411 1.6
    endloop
  endfacet
  facet normal 0.0327086 0.999465 -0
    outer loop
      vertex 26 0.799999 0
      vertex 25.9215 0.802568 1.6
      vertex 26 0.799999 1.6
    endloop
  endfacet
  facet normal 0.0327086 0.999465 0
    outer loop
      vertex 25.9215 0.802568 1.6
      vertex 26 0.799999 0
      vertex 25.9215 0.802568 0
    endloop
  endfacet
  facet normal -0.162842 0.986652 0
    outer loop
      vertex 26.2341 0.823057 0
      vertex 26.1566 0.810266 1.6
      vertex 26.2341 0.823057 1.6
    endloop
  endfacet
  facet normal -0.162842 0.986652 0
    outer loop
      vertex 26.1566 0.810266 1.6
      vertex 26.2341 0.823057 0
      vertex 26.1566 0.810266 0
    endloop
  endfacet
  facet normal -0.995181 -0.0980537 0
    outer loop
      vertex 27.1974 2.07848 0
      vertex 27.1897 2.15663 1.6
      vertex 27.1897 2.15663 0
    endloop
  endfacet
  facet normal -0.995181 -0.0980537 0
    outer loop
      vertex 27.1897 2.15663 1.6
      vertex 27.1974 2.07848 0
      vertex 27.1974 2.07848 1.6
    endloop
  endfacet
  facet normal 0.936156 -0.351584 0
    outer loop
      vertex 24.8637 2.38573 1.6
      vertex 24.8913 2.45922 0
      vertex 24.8913 2.45922 1.6
    endloop
  endfacet
  facet normal 0.936156 -0.351584 0
    outer loop
      vertex 24.8913 2.45922 0
      vertex 24.8637 2.38573 1.6
      vertex 24.8637 2.38573 0
    endloop
  endfacet
  facet normal 0.412831 0.910807 -0
    outer loop
      vertex 25.5408 0.891344 0
      vertex 25.4693 0.923752 1.6
      vertex 25.5408 0.891344 1.6
    endloop
  endfacet
  facet normal 0.412831 0.910807 0
    outer loop
      vertex 25.4693 0.923752 1.6
      vertex 25.5408 0.891344 0
      vertex 25.4693 0.923752 0
    endloop
  endfacet
  facet normal -0.352323 -0.935878 0
    outer loop
      vertex 26.3857 3.13632 0
      vertex 26.4592 3.10865 1.6
      vertex 26.3857 3.13632 1.6
    endloop
  endfacet
  facet normal -0.352323 -0.935878 -0
    outer loop
      vertex 26.4592 3.10865 1.6
      vertex 26.3857 3.13632 0
      vertex 26.4592 3.10865 0
    endloop
  endfacet
  facet normal -0.227012 0.973892 0
    outer loop
      vertex 26.3106 0.840889 0
      vertex 26.2341 0.823057 1.6
      vertex 26.3106 0.840889 1.6
    endloop
  endfacet
  facet normal -0.227012 0.973892 0
    outer loop
      vertex 26.2341 0.823057 1.6
      vertex 26.3106 0.840889 0
      vertex 26.2341 0.823057 0
    endloop
  endfacet
  facet normal -0.812441 0.583043 0
    outer loop
      vertex 26.952 1.26949 0
      vertex 26.9978 1.33331 1.6
      vertex 26.9978 1.33331 0
    endloop
  endfacet
  facet normal -0.812441 0.583043 0
    outer loop
      vertex 26.9978 1.33331 1.6
      vertex 26.952 1.26949 0
      vertex 26.952 1.26949 1.6
    endloop
  endfacet
  facet normal 0.849569 -0.527477 0
    outer loop
      vertex 24.9608 2.6 1.6
      vertex 25.0022 2.66668 0
      vertex 25.0022 2.66668 1.6
    endloop
  endfacet
  facet normal 0.849569 -0.527477 0
    outer loop
      vertex 25.0022 2.66668 0
      vertex 24.9608 2.6 1.6
      vertex 24.9608 2.6 0
    endloop
  endfacet
  facet normal -0.582659 0.812717 0
    outer loop
      vertex 26.7305 1.04798 0
      vertex 26.6667 1.00224 1.6
      vertex 26.7305 1.04798 1.6
    endloop
  endfacet
  facet normal -0.582659 0.812717 0
    outer loop
      vertex 26.6667 1.00224 1.6
      vertex 26.7305 1.04798 0
      vertex 26.6667 1.00224 0
    endloop
  endfacet
  facet normal -0.956928 0.290325 0
    outer loop
      vertex 27.1363 1.61427 0
      vertex 27.1591 1.68942 1.6
      vertex 27.1591 1.68942 0
    endloop
  endfacet
  facet normal -0.956928 0.290325 0
    outer loop
      vertex 27.1591 1.68942 1.6
      vertex 27.1363 1.61427 0
      vertex 27.1363 1.61427 1.6
    endloop
  endfacet
  facet normal 0.812441 0.583043 0
    outer loop
      vertex 25.048 1.26949 1.6
      vertex 25.0022 1.33331 0
      vertex 25.0022 1.33331 1.6
    endloop
  endfacet
  facet normal 0.812441 0.583043 0
    outer loop
      vertex 25.0022 1.33331 0
      vertex 25.048 1.26949 1.6
      vertex 25.048 1.26949 0
    endloop
  endfacet
  facet normal -0.936156 -0.351584 0
    outer loop
      vertex 27.1363 2.38573 0
      vertex 27.1087 2.45922 1.6
      vertex 27.1087 2.45922 0
    endloop
  endfacet
  facet normal -0.936156 -0.351584 0
    outer loop
      vertex 27.1087 2.45922 1.6
      vertex 27.1363 2.38573 0
      vertex 27.1363 2.38573 1.6
    endloop
  endfacet
  facet normal 0.582659 0.812717 -0
    outer loop
      vertex 25.3333 1.00224 0
      vertex 25.2695 1.04798 1.6
      vertex 25.3333 1.00224 1.6
    endloop
  endfacet
  facet normal 0.582659 0.812717 0
    outer loop
      vertex 25.2695 1.04798 1.6
      vertex 25.3333 1.00224 0
      vertex 25.2695 1.04798 0
    endloop
  endfacet
  facet normal 0.683678 0.729783 -0
    outer loop
      vertex 25.2088 1.09779 0
      vertex 25.1515 1.15147 1.6
      vertex 25.2088 1.09779 1.6
    endloop
  endfacet
  facet normal 0.683678 0.729783 0
    outer loop
      vertex 25.1515 1.15147 1.6
      vertex 25.2088 1.09779 0
      vertex 25.1515 1.15147 0
    endloop
  endfacet
  facet normal 0.471153 0.882052 -0
    outer loop
      vertex 25.4693 0.923752 0
      vertex 25.4 0.960769 1.6
      vertex 25.4693 0.923752 1.6
    endloop
  endfacet
  facet normal 0.471153 0.882052 0
    outer loop
      vertex 25.4 0.960769 1.6
      vertex 25.4693 0.923752 0
      vertex 25.4 0.960769 0
    endloop
  endfacet
  facet normal 0.0981158 -0.995175 0
    outer loop
      vertex 25.8434 3.18973 0
      vertex 25.9215 3.19743 1.6
      vertex 25.8434 3.18973 1.6
    endloop
  endfacet
  facet normal 0.0981158 -0.995175 0
    outer loop
      vertex 25.9215 3.19743 1.6
      vertex 25.8434 3.18973 0
      vertex 25.9215 3.19743 0
    endloop
  endfacet
  facet normal 0.290386 -0.95691 0
    outer loop
      vertex 25.6143 3.13632 0
      vertex 25.6894 3.15911 1.6
      vertex 25.6143 3.13632 1.6
    endloop
  endfacet
  facet normal 0.290386 -0.95691 0
    outer loop
      vertex 25.6894 3.15911 1.6
      vertex 25.6143 3.13632 0
      vertex 25.6894 3.15911 0
    endloop
  endfacet
  facet normal -0.882 0.471249 0
    outer loop
      vertex 27.0392 1.4 0
      vertex 27.0762 1.46925 1.6
      vertex 27.0762 1.46925 0
    endloop
  endfacet
  facet normal -0.882 0.471249 0
    outer loop
      vertex 27.0762 1.46925 1.6
      vertex 27.0392 1.4 0
      vertex 27.0392 1.4 1.6
    endloop
  endfacet
  facet normal 0.471183 -0.882036 0
    outer loop
      vertex 25.4 3.03923 0
      vertex 25.4693 3.07625 1.6
      vertex 25.4 3.03923 1.6
    endloop
  endfacet
  facet normal 0.471183 -0.882036 0
    outer loop
      vertex 25.4693 3.07625 1.6
      vertex 25.4 3.03923 0
      vertex 25.4693 3.07625 0
    endloop
  endfacet
  facet normal -0.352212 0.93592 0
    outer loop
      vertex 26.4592 0.891344 0
      vertex 26.3857 0.863684 1.6
      vertex 26.4592 0.891344 1.6
    endloop
  endfacet
  facet normal -0.352212 0.93592 0
    outer loop
      vertex 26.3857 0.863684 1.6
      vertex 26.4592 0.891344 0
      vertex 26.3857 0.863684 0
    endloop
  endfacet
  facet normal 0.999452 -0.0331113 0
    outer loop
      vertex 24.8 2 1.6
      vertex 24.8026 2.07848 0
      vertex 24.8026 2.07848 1.6
    endloop
  endfacet
  facet normal 0.999452 -0.0331113 0
    outer loop
      vertex 24.8026 2.07848 0
      vertex 24.8 2 1.6
      vertex 24.8 2 0
    endloop
  endfacet
  facet normal -0.471153 0.882052 0
    outer loop
      vertex 26.6 0.960769 0
      vertex 26.5307 0.923752 1.6
      vertex 26.6 0.960769 1.6
    endloop
  endfacet
  facet normal -0.471153 0.882052 0
    outer loop
      vertex 26.5307 0.923752 1.6
      vertex 26.6 0.960769 0
      vertex 26.5307 0.923752 0
    endloop
  endfacet
  facet normal 0.226988 -0.973898 0
    outer loop
      vertex 25.6894 3.15911 0
      vertex 25.7659 3.17694 1.6
      vertex 25.6894 3.15911 1.6
    endloop
  endfacet
  facet normal 0.226988 -0.973898 0
    outer loop
      vertex 25.7659 3.17694 1.6
      vertex 25.6894 3.15911 0
      vertex 25.7659 3.17694 0
    endloop
  endfacet
  facet normal -0.634354 0.773043 0
    outer loop
      vertex 26.7912 1.09779 0
      vertex 26.7305 1.04798 1.6
      vertex 26.7912 1.09779 1.6
    endloop
  endfacet
  facet normal -0.634354 0.773043 0
    outer loop
      vertex 26.7305 1.04798 1.6
      vertex 26.7912 1.09779 0
      vertex 26.7305 1.04798 0
    endloop
  endfacet
  facet normal -0.882 -0.471249 0
    outer loop
      vertex 27.0762 2.53075 0
      vertex 27.0392 2.6 1.6
      vertex 27.0392 2.6 0
    endloop
  endfacet
  facet normal -0.882 -0.471249 0
    outer loop
      vertex 27.0392 2.6 1.6
      vertex 27.0762 2.53075 0
      vertex 27.0762 2.53075 1.6
    endloop
  endfacet
  facet normal -0.528006 -0.849241 0
    outer loop
      vertex 26.6 3.03923 0
      vertex 26.6667 2.99776 1.6
      vertex 26.6 3.03923 1.6
    endloop
  endfacet
  facet normal -0.528006 -0.849241 -0
    outer loop
      vertex 26.6667 2.99776 1.6
      vertex 26.6 3.03923 0
      vertex 26.6667 2.99776 0
    endloop
  endfacet
  facet normal 0.352212 0.93592 -0
    outer loop
      vertex 25.6143 0.863684 0
      vertex 25.5408 0.891344 1.6
      vertex 25.6143 0.863684 1.6
    endloop
  endfacet
  facet normal 0.352212 0.93592 0
    outer loop
      vertex 25.5408 0.891344 1.6
      vertex 25.6143 0.863684 0
      vertex 25.5408 0.891344 0
    endloop
  endfacet
  facet normal 0.729775 -0.683687 0
    outer loop
      vertex 25.0978 2.79121 1.6
      vertex 25.1515 2.84853 0
      vertex 25.1515 2.84853 1.6
    endloop
  endfacet
  facet normal 0.729775 -0.683687 0
    outer loop
      vertex 25.1515 2.84853 0
      vertex 25.0978 2.79121 1.6
      vertex 25.0978 2.79121 0
    endloop
  endfacet
  facet normal -0.0327086 0.999465 0
    outer loop
      vertex 26.0785 0.802568 0
      vertex 26 0.799999 1.6
      vertex 26.0785 0.802568 1.6
    endloop
  endfacet
  facet normal -0.0327086 0.999465 0
    outer loop
      vertex 26 0.799999 1.6
      vertex 26.0785 0.802568 0
      vertex 26 0.799999 0
    endloop
  endfacet
  facet normal -0.290386 -0.95691 0
    outer loop
      vertex 26.3106 3.15911 0
      vertex 26.3857 3.13632 1.6
      vertex 26.3106 3.15911 1.6
    endloop
  endfacet
  facet normal -0.290386 -0.95691 -0
    outer loop
      vertex 26.3857 3.13632 1.6
      vertex 26.3106 3.15911 0
      vertex 26.3857 3.13632 0
    endloop
  endfacet
  facet normal -0.0981158 -0.995175 0
    outer loop
      vertex 26.0785 3.19743 0
      vertex 26.1566 3.18973 1.6
      vertex 26.0785 3.19743 1.6
    endloop
  endfacet
  facet normal -0.0981158 -0.995175 -0
    outer loop
      vertex 26.1566 3.18973 1.6
      vertex 26.0785 3.19743 0
      vertex 26.1566 3.18973 0
    endloop
  endfacet
  facet normal -0.16283 -0.986654 0
    outer loop
      vertex 26.1566 3.18973 0
      vertex 26.2341 3.17694 1.6
      vertex 26.1566 3.18973 1.6
    endloop
  endfacet
  facet normal -0.16283 -0.986654 -0
    outer loop
      vertex 26.2341 3.17694 1.6
      vertex 26.1566 3.18973 0
      vertex 26.2341 3.17694 0
    endloop
  endfacet
  facet normal -0.683678 -0.729783 0
    outer loop
      vertex 26.7912 2.90221 0
      vertex 26.8485 2.84853 1.6
      vertex 26.7912 2.90221 1.6
    endloop
  endfacet
  facet normal -0.683678 -0.729783 -0
    outer loop
      vertex 26.8485 2.84853 1.6
      vertex 26.7912 2.90221 0
      vertex 26.8485 2.84853 0
    endloop
  endfacet
  facet normal -0.412747 -0.910846 0
    outer loop
      vertex 26.4592 3.10865 0
      vertex 26.5307 3.07625 1.6
      vertex 26.4592 3.10865 1.6
    endloop
  endfacet
  facet normal -0.412747 -0.910846 -0
    outer loop
      vertex 26.5307 3.07625 1.6
      vertex 26.4592 3.10865 0
      vertex 26.5307 3.07625 0
    endloop
  endfacet
  facet normal -0.849605 0.52742 0
    outer loop
      vertex 26.9978 1.33331 0
      vertex 27.0392 1.4 1.6
      vertex 27.0392 1.4 0
    endloop
  endfacet
  facet normal -0.849605 0.52742 0
    outer loop
      vertex 27.0392 1.4 1.6
      vertex 26.9978 1.33331 0
      vertex 26.9978 1.33331 1.6
    endloop
  endfacet
  facet normal -0.226988 -0.973898 0
    outer loop
      vertex 26.2341 3.17694 0
      vertex 26.3106 3.15911 1.6
      vertex 26.2341 3.17694 1.6
    endloop
  endfacet
  facet normal -0.226988 -0.973898 -0
    outer loop
      vertex 26.3106 3.15911 1.6
      vertex 26.2341 3.17694 0
      vertex 26.3106 3.15911 0
    endloop
  endfacet
  facet normal 0.936156 0.351584 0
    outer loop
      vertex 24.8913 1.54078 1.6
      vertex 24.8637 1.61427 0
      vertex 24.8637 1.61427 1.6
    endloop
  endfacet
  facet normal 0.936156 0.351584 0
    outer loop
      vertex 24.8637 1.61427 0
      vertex 24.8913 1.54078 1.6
      vertex 24.8913 1.54078 0
    endloop
  endfacet
  facet normal 0.986627 0.162995 0
    outer loop
      vertex 24.8231 1.76589 1.6
      vertex 24.8103 1.84337 0
      vertex 24.8103 1.84337 1.6
    endloop
  endfacet
  facet normal 0.986627 0.162995 0
    outer loop
      vertex 24.8103 1.84337 0
      vertex 24.8231 1.76589 1.6
      vertex 24.8231 1.76589 0
    endloop
  endfacet
  facet normal 0.683678 -0.729783 0
    outer loop
      vertex 25.1515 2.84853 0
      vertex 25.2088 2.90221 1.6
      vertex 25.1515 2.84853 1.6
    endloop
  endfacet
  facet normal 0.683678 -0.729783 0
    outer loop
      vertex 25.2088 2.90221 1.6
      vertex 25.1515 2.84853 0
      vertex 25.2088 2.90221 0
    endloop
  endfacet
  facet normal 0.0980906 0.995177 -0
    outer loop
      vertex 25.9215 0.802568 0
      vertex 25.8434 0.810266 1.6
      vertex 25.9215 0.802568 1.6
    endloop
  endfacet
  facet normal 0.0980906 0.995177 0
    outer loop
      vertex 25.8434 0.810266 1.6
      vertex 25.9215 0.802568 0
      vertex 25.8434 0.810266 0
    endloop
  endfacet
  facet normal -0.849569 -0.527477 0
    outer loop
      vertex 27.0392 2.6 0
      vertex 26.9978 2.66668 1.6
      vertex 26.9978 2.66668 0
    endloop
  endfacet
  facet normal -0.849569 -0.527477 0
    outer loop
      vertex 26.9978 2.66668 1.6
      vertex 27.0392 2.6 0
      vertex 27.0392 2.6 1.6
    endloop
  endfacet
  facet normal -0.773157 0.634215 0
    outer loop
      vertex 26.9022 1.20878 0
      vertex 26.952 1.26949 1.6
      vertex 26.952 1.26949 0
    endloop
  endfacet
  facet normal -0.773157 0.634215 0
    outer loop
      vertex 26.952 1.26949 1.6
      vertex 26.9022 1.20878 0
      vertex 26.9022 1.20878 1.6
    endloop
  endfacet
  facet normal 0.910432 0.413659 0
    outer loop
      vertex 24.9238 1.46925 1.6
      vertex 24.8913 1.54078 0
      vertex 24.8913 1.54078 1.6
    endloop
  endfacet
  facet normal 0.910432 0.413659 0
    outer loop
      vertex 24.8913 1.54078 0
      vertex 24.9238 1.46925 1.6
      vertex 24.9238 1.46925 0
    endloop
  endfacet
  facet normal 0.956928 -0.290325 0
    outer loop
      vertex 24.8409 2.31058 1.6
      vertex 24.8637 2.38573 0
      vertex 24.8637 2.38573 1.6
    endloop
  endfacet
  facet normal 0.956928 -0.290325 0
    outer loop
      vertex 24.8637 2.38573 0
      vertex 24.8409 2.31058 1.6
      vertex 24.8409 2.31058 0
    endloop
  endfacet
  facet normal -0.528015 0.849235 0
    outer loop
      vertex 26.6667 1.00224 0
      vertex 26.6 0.960769 1.6
      vertex 26.6667 1.00224 1.6
    endloop
  endfacet
  facet normal -0.528015 0.849235 0
    outer loop
      vertex 26.6 0.960769 1.6
      vertex 26.6667 1.00224 0
      vertex 26.6 0.960769 0
    endloop
  endfacet
  facet normal -0.956928 -0.290325 0
    outer loop
      vertex 27.1591 2.31058 0
      vertex 27.1363 2.38573 1.6
      vertex 27.1363 2.38573 0
    endloop
  endfacet
  facet normal -0.956928 -0.290325 0
    outer loop
      vertex 27.1363 2.38573 1.6
      vertex 27.1591 2.31058 0
      vertex 27.1591 2.31058 1.6
    endloop
  endfacet
  facet normal 0.973962 -0.22671 0
    outer loop
      vertex 24.8231 2.23411 1.6
      vertex 24.8409 2.31058 0
      vertex 24.8409 2.31058 1.6
    endloop
  endfacet
  facet normal 0.973962 -0.22671 0
    outer loop
      vertex 24.8409 2.31058 0
      vertex 24.8231 2.23411 1.6
      vertex 24.8231 2.23411 0
    endloop
  endfacet
  facet normal 0.634354 -0.773043 0
    outer loop
      vertex 25.2088 2.90221 0
      vertex 25.2695 2.95202 1.6
      vertex 25.2088 2.90221 1.6
    endloop
  endfacet
  facet normal 0.634354 -0.773043 0
    outer loop
      vertex 25.2695 2.95202 1.6
      vertex 25.2088 2.90221 0
      vertex 25.2695 2.95202 0
    endloop
  endfacet
  facet normal 0.882 -0.471249 0
    outer loop
      vertex 24.9238 2.53075 1.6
      vertex 24.9608 2.6 0
      vertex 24.9608 2.6 1.6
    endloop
  endfacet
  facet normal 0.882 -0.471249 0
    outer loop
      vertex 24.9608 2.6 0
      vertex 24.9238 2.53075 1.6
      vertex 24.9238 2.53075 0
    endloop
  endfacet
  facet normal 0.849605 0.52742 0
    outer loop
      vertex 25.0022 1.33331 1.6
      vertex 24.9608 1.4 0
      vertex 24.9608 1.4 1.6
    endloop
  endfacet
  facet normal 0.849605 0.52742 0
    outer loop
      vertex 24.9608 1.4 0
      vertex 25.0022 1.33331 1.6
      vertex 25.0022 1.33331 0
    endloop
  endfacet
  facet normal 0.882 0.471249 0
    outer loop
      vertex 24.9608 1.4 1.6
      vertex 24.9238 1.46925 0
      vertex 24.9238 1.46925 1.6
    endloop
  endfacet
  facet normal 0.882 0.471249 0
    outer loop
      vertex 24.9238 1.46925 0
      vertex 24.9608 1.4 1.6
      vertex 24.9608 1.4 0
    endloop
  endfacet
  facet normal 0.999452 0.0331113 0
    outer loop
      vertex 24.8026 1.92152 1.6
      vertex 24.8 2 0
      vertex 24.8 2 1.6
    endloop
  endfacet
  facet normal 0.999452 0.0331113 0
    outer loop
      vertex 24.8 2 0
      vertex 24.8026 1.92152 1.6
      vertex 24.8026 1.92152 0
    endloop
  endfacet
  facet normal 0.729716 0.683751 0
    outer loop
      vertex 25.1515 1.15147 1.6
      vertex 25.0978 1.20878 0
      vertex 25.0978 1.20878 1.6
    endloop
  endfacet
  facet normal 0.729716 0.683751 0
    outer loop
      vertex 25.0978 1.20878 0
      vertex 25.1515 1.15147 1.6
      vertex 25.1515 1.15147 0
    endloop
  endfacet
  facet normal -0.412831 0.910807 0
    outer loop
      vertex 26.5307 0.923752 0
      vertex 26.4592 0.891344 1.6
      vertex 26.5307 0.923752 1.6
    endloop
  endfacet
  facet normal -0.412831 0.910807 0
    outer loop
      vertex 26.4592 0.891344 1.6
      vertex 26.5307 0.923752 0
      vertex 26.4592 0.891344 0
    endloop
  endfacet
  facet normal -0.582659 -0.812717 0
    outer loop
      vertex 26.6667 2.99776 0
      vertex 26.7305 2.95202 1.6
      vertex 26.6667 2.99776 1.6
    endloop
  endfacet
  facet normal -0.582659 -0.812717 -0
    outer loop
      vertex 26.7305 2.95202 1.6
      vertex 26.6667 2.99776 0
      vertex 26.7305 2.95202 0
    endloop
  endfacet
  facet normal -0.729775 -0.683687 0
    outer loop
      vertex 26.9022 2.79121 0
      vertex 26.8485 2.84853 1.6
      vertex 26.8485 2.84853 0
    endloop
  endfacet
  facet normal -0.729775 -0.683687 0
    outer loop
      vertex 26.8485 2.84853 1.6
      vertex 26.9022 2.79121 0
      vertex 26.9022 2.79121 1.6
    endloop
  endfacet
  facet normal 0.910432 -0.413659 0
    outer loop
      vertex 24.8913 2.45922 1.6
      vertex 24.9238 2.53075 0
      vertex 24.9238 2.53075 1.6
    endloop
  endfacet
  facet normal 0.910432 -0.413659 0
    outer loop
      vertex 24.9238 2.53075 0
      vertex 24.8913 2.45922 1.6
      vertex 24.8913 2.45922 0
    endloop
  endfacet
  facet normal -0.683678 0.729783 0
    outer loop
      vertex 26.8485 1.15147 0
      vertex 26.7912 1.09779 1.6
      vertex 26.8485 1.15147 1.6
    endloop
  endfacet
  facet normal -0.683678 0.729783 0
    outer loop
      vertex 26.7912 1.09779 1.6
      vertex 26.8485 1.15147 0
      vertex 26.7912 1.09779 0
    endloop
  endfacet
  facet normal -0.0327213 -0.999465 0
    outer loop
      vertex 26 3.2 0
      vertex 26.0785 3.19743 1.6
      vertex 26 3.2 1.6
    endloop
  endfacet
  facet normal -0.0327213 -0.999465 -0
    outer loop
      vertex 26.0785 3.19743 1.6
      vertex 26 3.2 0
      vertex 26.0785 3.19743 0
    endloop
  endfacet
  facet normal -0.634354 -0.773043 0
    outer loop
      vertex 26.7305 2.95202 0
      vertex 26.7912 2.90221 1.6
      vertex 26.7305 2.95202 1.6
    endloop
  endfacet
  facet normal -0.634354 -0.773043 -0
    outer loop
      vertex 26.7912 2.90221 1.6
      vertex 26.7305 2.95202 0
      vertex 26.7912 2.90221 0
    endloop
  endfacet
  facet normal 0.290444 0.956892 -0
    outer loop
      vertex 25.6894 0.840889 0
      vertex 25.6143 0.863684 1.6
      vertex 25.6894 0.840889 1.6
    endloop
  endfacet
  facet normal 0.290444 0.956892 0
    outer loop
      vertex 25.6143 0.863684 1.6
      vertex 25.6894 0.840889 0
      vertex 25.6143 0.863684 0
    endloop
  endfacet
  facet normal 0.773105 -0.634278 0
    outer loop
      vertex 25.048 2.73051 1.6
      vertex 25.0978 2.79121 0
      vertex 25.0978 2.79121 1.6
    endloop
  endfacet
  facet normal 0.773105 -0.634278 0
    outer loop
      vertex 25.0978 2.79121 0
      vertex 25.048 2.73051 1.6
      vertex 25.048 2.73051 0
    endloop
  endfacet
  facet normal 0.773157 0.634215 0
    outer loop
      vertex 25.0978 1.20878 1.6
      vertex 25.048 1.26949 0
      vertex 25.048 1.26949 1.6
    endloop
  endfacet
  facet normal 0.773157 0.634215 0
    outer loop
      vertex 25.048 1.26949 0
      vertex 25.0978 1.20878 1.6
      vertex 25.0978 1.20878 0
    endloop
  endfacet
  facet normal 0.995181 -0.0980537 0
    outer loop
      vertex 24.8026 2.07848 1.6
      vertex 24.8103 2.15663 0
      vertex 24.8103 2.15663 1.6
    endloop
  endfacet
  facet normal 0.995181 -0.0980537 0
    outer loop
      vertex 24.8103 2.15663 0
      vertex 24.8026 2.07848 1.6
      vertex 24.8026 2.07848 0
    endloop
  endfacet
  facet normal 0.812485 -0.582983 0
    outer loop
      vertex 25.0022 2.66668 1.6
      vertex 25.048 2.73051 0
      vertex 25.048 2.73051 1.6
    endloop
  endfacet
  facet normal 0.812485 -0.582983 0
    outer loop
      vertex 25.048 2.73051 0
      vertex 25.0022 2.66668 1.6
      vertex 25.0022 2.66668 0
    endloop
  endfacet
  facet normal 0.352323 -0.935878 0
    outer loop
      vertex 25.5408 3.10865 0
      vertex 25.6143 3.13632 1.6
      vertex 25.5408 3.10865 1.6
    endloop
  endfacet
  facet normal 0.352323 -0.935878 0
    outer loop
      vertex 25.6143 3.13632 1.6
      vertex 25.5408 3.10865 0
      vertex 25.6143 3.13632 0
    endloop
  endfacet
  facet normal -0.290444 0.956892 0
    outer loop
      vertex 26.3857 0.863684 0
      vertex 26.3106 0.840889 1.6
      vertex 26.3857 0.863684 1.6
    endloop
  endfacet
  facet normal -0.290444 0.956892 0
    outer loop
      vertex 26.3106 0.840889 1.6
      vertex 26.3857 0.863684 0
      vertex 26.3106 0.840889 0
    endloop
  endfacet
  facet normal 0.956928 0.290325 0
    outer loop
      vertex 24.8637 1.61427 1.6
      vertex 24.8409 1.68942 0
      vertex 24.8409 1.68942 1.6
    endloop
  endfacet
  facet normal 0.956928 0.290325 0
    outer loop
      vertex 24.8409 1.68942 0
      vertex 24.8637 1.61427 1.6
      vertex 24.8637 1.61427 0
    endloop
  endfacet
  facet normal 0.995181 0.0980537 0
    outer loop
      vertex 24.8103 1.84337 1.6
      vertex 24.8026 1.92152 0
      vertex 24.8026 1.92152 1.6
    endloop
  endfacet
  facet normal 0.995181 0.0980537 0
    outer loop
      vertex 24.8026 1.92152 0
      vertex 24.8103 1.84337 1.6
      vertex 24.8103 1.84337 0
    endloop
  endfacet
  facet normal 0.0327213 -0.999465 0
    outer loop
      vertex 25.9215 3.19743 0
      vertex 26 3.2 1.6
      vertex 25.9215 3.19743 1.6
    endloop
  endfacet
  facet normal 0.0327213 -0.999465 0
    outer loop
      vertex 26 3.2 1.6
      vertex 25.9215 3.19743 0
      vertex 26 3.2 0
    endloop
  endfacet
  facet normal -0.812485 -0.582983 0
    outer loop
      vertex 26.9978 2.66668 0
      vertex 26.952 2.73051 1.6
      vertex 26.952 2.73051 0
    endloop
  endfacet
  facet normal -0.812485 -0.582983 0
    outer loop
      vertex 26.952 2.73051 1.6
      vertex 26.9978 2.66668 0
      vertex 26.9978 2.66668 1.6
    endloop
  endfacet
  facet normal 0.412747 -0.910846 0
    outer loop
      vertex 25.4693 3.07625 0
      vertex 25.5408 3.10865 1.6
      vertex 25.4693 3.07625 1.6
    endloop
  endfacet
  facet normal 0.412747 -0.910846 0
    outer loop
      vertex 25.5408 3.10865 1.6
      vertex 25.4693 3.07625 0
      vertex 25.5408 3.10865 0
    endloop
  endfacet
  facet normal 0.582659 -0.812717 0
    outer loop
      vertex 25.2695 2.95202 0
      vertex 25.3333 2.99776 1.6
      vertex 25.2695 2.95202 1.6
    endloop
  endfacet
  facet normal 0.582659 -0.812717 0
    outer loop
      vertex 25.3333 2.99776 1.6
      vertex 25.2695 2.95202 0
      vertex 25.3333 2.99776 0
    endloop
  endfacet
  facet normal 0 1 -0
    outer loop
      vertex 21.6989 2.24 6.09382
      vertex 16.1917 2.24 7.6
      vertex 22.019 2.24 7.6
    endloop
  endfacet
  facet normal 0 1 0
    outer loop
      vertex 16.1917 2.24 7.6
      vertex 21.6989 2.24 6.09382
      vertex 16.1234 2.24 7.27892
    endloop
  endfacet
  facet normal 0 -1 0
    outer loop
      vertex 22.019 2.24 7.6
      vertex 21.4909 2.24 5.11567
      vertex 21.6989 2.24 6.09382
    endloop
  endfacet
  facet normal -0 1 0
    outer loop
      vertex 21.4909 2.24 5.11567
      vertex 22.019 2.24 7.6
      vertex 20.4036 2.24 0
    endloop
  endfacet
  facet normal 0 -1 0
    outer loop
      vertex 15.9155 2.24 6.30077
      vertex 16.1917 2.24 7.6
      vertex 16.1234 2.24 7.27892
    endloop
  endfacet
  facet normal 0 1 -0
    outer loop
      vertex 20.4036 2.24 0
      vertex 15.9155 2.24 6.30077
      vertex 21.4909 2.24 5.11567
    endloop
  endfacet
  facet normal 0 -1 -0
    outer loop
      vertex 15.9155 2.24 6.30077
      vertex 14.5762 2.24 0
      vertex 16.1917 2.24 7.6
    endloop
  endfacet
  facet normal 0 1 0
    outer loop
      vertex 14.5762 2.24 0
      vertex 15.9155 2.24 6.30077
      vertex 20.4036 2.24 0
    endloop
  endfacet
  facet normal 0 -1 0
    outer loop
      vertex 21.6989 12.34 6.09382
      vertex 16.1917 12.34 7.6
      vertex 16.1234 12.34 7.27892
    endloop
  endfacet
  facet normal 0 1 0
    outer loop
      vertex 16.1917 12.34 7.6
      vertex 15.9155 12.34 6.30077
      vertex 16.1234 12.34 7.27892
    endloop
  endfacet
  facet normal 0 -1 0
    outer loop
      vertex 20.4036 12.34 0
      vertex 15.9155 12.34 6.30077
      vertex 14.5762 12.34 0
    endloop
  endfacet
  facet normal 0 1 0
    outer loop
      vertex 14.5762 12.34 0
      vertex 15.9155 12.34 6.30077
      vertex 16.1917 12.34 7.6
    endloop
  endfacet
  facet normal 0 -1 0
    outer loop
      vertex 16.1917 12.34 7.6
      vertex 21.6989 12.34 6.09382
      vertex 22.019 12.34 7.6
    endloop
  endfacet
  facet normal 0 1 0
    outer loop
      vertex 21.4909 12.34 5.11567
      vertex 22.019 12.34 7.6
      vertex 21.6989 12.34 6.09382
    endloop
  endfacet
  facet normal 0 -1 -0
    outer loop
      vertex 21.4909 12.34 5.11567
      vertex 20.4036 12.34 0
      vertex 22.019 12.34 7.6
    endloop
  endfacet
  facet normal 0 -1 0
    outer loop
      vertex 15.9155 12.34 6.30077
      vertex 20.4036 12.34 0
      vertex 21.4909 12.34 5.11567
    endloop
  endfacet
  facet normal 0.978146 0 -0.20792
    outer loop
      vertex 16.1917 2.24 7.6
      vertex 14.5762 12.34 0
      vertex 16.1917 12.34 7.6
    endloop
  endfacet
  facet normal 0.978146 0 -0.20792
    outer loop
      vertex 14.5762 12.34 0
      vertex 16.1917 2.24 7.6
      vertex 14.5762 2.24 0
    endloop
  endfacet
  facet normal -0.978148 0 0.207908
    outer loop
      vertex 20.4036 2.24 0
      vertex 22.019 12.34 7.6
      vertex 20.4036 12.34 0
    endloop
  endfacet
  facet normal -0.978148 0 0.207908
    outer loop
      vertex 22.019 12.34 7.6
      vertex 20.4036 2.24 0
      vertex 22.019 2.24 7.6
    endloop
  endfacet
endsolid OpenSCAD_Model
