solid OpenSCAD_Model
  facet normal -0 0 1
    outer loop
      vertex -31.682 2.07654 11.6
      vertex -30.0846 1.97166 11.6
      vertex -31.5615 3.3 11.6
    endloop
  endfacet
  facet normal -0 0 1
    outer loop
      vertex -31.5615 3.3 11.6
      vertex -30.0846 1.97166 11.6
      vertex -29.9538 3.3 11.6
    endloop
  endfacet
  facet normal 0 0 1
    outer loop
      vertex 30.1492 0 11.6
      vertex 31.75 0 11.6
      vertex 31.682 2.07654 11.6
    endloop
  endfacet
  facet normal 0 0 1
    outer loop
      vertex 30.0846 1.97166 11.6
      vertex 31.682 2.07654 11.6
      vertex 31.4784 4.1442 11.6
    endloop
  endfacet
  facet normal 0 0 1
    outer loop
      vertex 31.75 0 11.6
      vertex 30.1492 0 11.6
      vertex 31.682 -2.07654 11.6
    endloop
  endfacet
  facet normal 0 0 1
    outer loop
      vertex 29.8912 3.93532 11.6
      vertex 31.4784 4.1442 11.6
      vertex 31.1399 6.19411 11.6
    endloop
  endfacet
  facet normal -0 0 1
    outer loop
      vertex 30.0846 -1.97166 11.6
      vertex 31.682 -2.07654 11.6
      vertex 30.1492 0 11.6
    endloop
  endfacet
  facet normal 0 0 1
    outer loop
      vertex 29.5698 5.88187 11.6
      vertex 31.1399 6.19411 11.6
      vertex 30.6681 8.2175 11.6
    endloop
  endfacet
  facet normal 0 0 1
    outer loop
      vertex 31.682 -2.07654 11.6
      vertex 30.0846 -1.97166 11.6
      vertex 31.4784 -4.1442 11.6
    endloop
  endfacet
  facet normal -0 0 1
    outer loop
      vertex 29.8912 -3.93532 11.6
      vertex 31.4784 -4.1442 11.6
      vertex 30.0846 -1.97166 11.6
    endloop
  endfacet
  facet normal 0 0 1
    outer loop
      vertex 31.4784 -4.1442 11.6
      vertex 29.8912 -3.93532 11.6
      vertex 31.1399 -6.19411 11.6
    endloop
  endfacet
  facet normal 0 0 1
    outer loop
      vertex 31.682 2.07654 11.6
      vertex 30.0846 1.97166 11.6
      vertex 30.1492 0 11.6
    endloop
  endfacet
  facet normal 0 0 1
    outer loop
      vertex 29.1218 7.80316 11.6
      vertex 30.6681 8.2175 11.6
      vertex 30.065 10.2057 11.6
    endloop
  endfacet
  facet normal 0 0 1
    outer loop
      vertex 31.4784 4.1442 11.6
      vertex 29.8912 3.93532 11.6
      vertex 30.0846 1.97166 11.6
    endloop
  endfacet
  facet normal 0 0 1
    outer loop
      vertex 31.1399 6.19411 11.6
      vertex 29.5698 5.88187 11.6
      vertex 29.8912 3.93532 11.6
    endloop
  endfacet
  facet normal 0 0 1
    outer loop
      vertex 28.5491 9.69101 11.6
      vertex 30.065 10.2057 11.6
      vertex 29.3332 12.1502 11.6
    endloop
  endfacet
  facet normal 0 0 1
    outer loop
      vertex 30.6681 8.2175 11.6
      vertex 29.1218 7.80316 11.6
      vertex 29.5698 5.88187 11.6
    endloop
  endfacet
  facet normal 0 0 1
    outer loop
      vertex 30.065 10.2057 11.6
      vertex 28.5491 9.69101 11.6
      vertex 29.1218 7.80316 11.6
    endloop
  endfacet
  facet normal 0 0 1
    outer loop
      vertex 27.8541 11.5376 11.6
      vertex 29.3332 12.1502 11.6
      vertex 28.4757 14.0427 11.6
    endloop
  endfacet
  facet normal 0 0 1
    outer loop
      vertex 29.3332 12.1502 11.6
      vertex 27.8541 11.5376 11.6
      vertex 28.5491 9.69101 11.6
    endloop
  endfacet
  facet normal 0 0 1
    outer loop
      vertex 27.04 13.3346 11.6
      vertex 28.4757 14.0427 11.6
      vertex 27.4963 15.875 11.6
    endloop
  endfacet
  facet normal 0 0 1
    outer loop
      vertex 28.4757 14.0427 11.6
      vertex 27.04 13.3346 11.6
      vertex 27.8541 11.5376 11.6
    endloop
  endfacet
  facet normal 0 0 1
    outer loop
      vertex 26.1099 15.0746 11.6
      vertex 27.4963 15.875 11.6
      vertex 26.3992 17.6393 11.6
    endloop
  endfacet
  facet normal 0 0 1
    outer loop
      vertex 27.4963 15.875 11.6
      vertex 26.1099 15.0746 11.6
      vertex 27.04 13.3346 11.6
    endloop
  endfacet
  facet normal 0 0 1
    outer loop
      vertex 25.0681 16.75 11.6
      vertex 26.3992 17.6393 11.6
      vertex 25.189 19.3282 11.6
    endloop
  endfacet
  facet normal 0 0 1
    outer loop
      vertex 26.3992 17.6393 11.6
      vertex 25.0681 16.75 11.6
      vertex 26.1099 15.0746 11.6
    endloop
  endfacet
  facet normal 0 0 1
    outer loop
      vertex 25.189 19.3282 11.6
      vertex 23.919 18.3536 11.6
      vertex 25.0681 16.75 11.6
    endloop
  endfacet
  facet normal 0 0 1
    outer loop
      vertex 23.8709 20.9342 11.6
      vertex 23.919 18.3536 11.6
      vertex 25.189 19.3282 11.6
    endloop
  endfacet
  facet normal 0 0 1
    outer loop
      vertex 23.8709 20.9342 11.6
      vertex 22.6674 19.8787 11.6
      vertex 23.919 18.3536 11.6
    endloop
  endfacet
  facet normal 0 0 1
    outer loop
      vertex 22.4506 22.4506 11.6
      vertex 22.6674 19.8787 11.6
      vertex 23.8709 20.9342 11.6
    endloop
  endfacet
  facet normal 0 0 1
    outer loop
      vertex 22.4506 22.4506 11.6
      vertex 21.3187 21.3187 11.6
      vertex 22.6674 19.8787 11.6
    endloop
  endfacet
  facet normal 0 0 1
    outer loop
      vertex 20.9342 23.8709 11.6
      vertex 21.3187 21.3187 11.6
      vertex 22.4506 22.4506 11.6
    endloop
  endfacet
  facet normal 0 0 1
    outer loop
      vertex 20.9342 23.8709 11.6
      vertex 19.8787 22.6674 11.6
      vertex 21.3187 21.3187 11.6
    endloop
  endfacet
  facet normal 0 0 1
    outer loop
      vertex 19.3282 25.189 11.6
      vertex 19.8787 22.6674 11.6
      vertex 20.9342 23.8709 11.6
    endloop
  endfacet
  facet normal 0 0 1
    outer loop
      vertex 19.3282 25.189 11.6
      vertex 18.3536 23.919 11.6
      vertex 19.8787 22.6674 11.6
    endloop
  endfacet
  facet normal 0 0 1
    outer loop
      vertex 17.6393 26.3992 11.6
      vertex 18.3536 23.919 11.6
      vertex 19.3282 25.189 11.6
    endloop
  endfacet
  facet normal 0 0 1
    outer loop
      vertex 17.6393 26.3992 11.6
      vertex 16.75 25.0681 11.6
      vertex 18.3536 23.919 11.6
    endloop
  endfacet
  facet normal 0 0 1
    outer loop
      vertex 15.875 27.4963 11.6
      vertex 16.75 25.0681 11.6
      vertex 17.6393 26.3992 11.6
    endloop
  endfacet
  facet normal 0 0 1
    outer loop
      vertex 15.875 27.4963 11.6
      vertex 15.0746 26.1099 11.6
      vertex 16.75 25.0681 11.6
    endloop
  endfacet
  facet normal 0 0 1
    outer loop
      vertex 14.0427 28.4757 11.6
      vertex 15.0746 26.1099 11.6
      vertex 15.875 27.4963 11.6
    endloop
  endfacet
  facet normal 0 0 1
    outer loop
      vertex 14.0427 28.4757 11.6
      vertex 13.3346 27.04 11.6
      vertex 15.0746 26.1099 11.6
    endloop
  endfacet
  facet normal 0 0 1
    outer loop
      vertex 12.1502 29.3332 11.6
      vertex 13.3346 27.04 11.6
      vertex 14.0427 28.4757 11.6
    endloop
  endfacet
  facet normal 0 0 1
    outer loop
      vertex 12.1502 29.3332 11.6
      vertex 11.5376 27.8541 11.6
      vertex 13.3346 27.04 11.6
    endloop
  endfacet
  facet normal 0 0 1
    outer loop
      vertex 10.2057 30.065 11.6
      vertex 11.5376 27.8541 11.6
      vertex 12.1502 29.3332 11.6
    endloop
  endfacet
  facet normal 0 0 1
    outer loop
      vertex 10.2057 30.065 11.6
      vertex 9.69101 28.5491 11.6
      vertex 11.5376 27.8541 11.6
    endloop
  endfacet
  facet normal 0 0 1
    outer loop
      vertex 8.2175 30.6681 11.6
      vertex 9.69101 28.5491 11.6
      vertex 10.2057 30.065 11.6
    endloop
  endfacet
  facet normal 0 0 1
    outer loop
      vertex 8.2175 30.6681 11.6
      vertex 7.80316 29.1218 11.6
      vertex 9.69101 28.5491 11.6
    endloop
  endfacet
  facet normal 0 0 1
    outer loop
      vertex 6.19411 31.1399 11.6
      vertex 7.80316 29.1218 11.6
      vertex 8.2175 30.6681 11.6
    endloop
  endfacet
  facet normal 0 0 1
    outer loop
      vertex 6.19411 31.1399 11.6
      vertex 5.88187 29.5698 11.6
      vertex 7.80316 29.1218 11.6
    endloop
  endfacet
  facet normal 0 0 1
    outer loop
      vertex 4.1442 31.4784 11.6
      vertex 5.88187 29.5698 11.6
      vertex 6.19411 31.1399 11.6
    endloop
  endfacet
  facet normal 0 0 1
    outer loop
      vertex 4.1442 31.4784 11.6
      vertex 3.93532 29.8912 11.6
      vertex 5.88187 29.5698 11.6
    endloop
  endfacet
  facet normal 0 0 1
    outer loop
      vertex 2.07654 31.682 11.6
      vertex 3.93532 29.8912 11.6
      vertex 4.1442 31.4784 11.6
    endloop
  endfacet
  facet normal 0 0 1
    outer loop
      vertex 2.07654 31.682 11.6
      vertex 1.97166 30.0846 11.6
      vertex 3.93532 29.8912 11.6
    endloop
  endfacet
  facet normal 0 0 1
    outer loop
      vertex 0 31.75 11.6
      vertex 1.97166 30.0846 11.6
      vertex 2.07654 31.682 11.6
    endloop
  endfacet
  facet normal 0 0 1
    outer loop
      vertex 0 31.75 11.6
      vertex 0 30.1492 11.6
      vertex 1.97166 30.0846 11.6
    endloop
  endfacet
  facet normal 0 0 1
    outer loop
      vertex 0 31.75 11.6
      vertex -1.97166 30.0846 11.6
      vertex 0 30.1492 11.6
    endloop
  endfacet
  facet normal -0 0 1
    outer loop
      vertex -2.07654 31.682 11.6
      vertex -1.97166 30.0846 11.6
      vertex 0 31.75 11.6
    endloop
  endfacet
  facet normal 0 0 1
    outer loop
      vertex -2.07654 31.682 11.6
      vertex -3.93532 29.8912 11.6
      vertex -1.97166 30.0846 11.6
    endloop
  endfacet
  facet normal -0 0 1
    outer loop
      vertex -4.1442 31.4784 11.6
      vertex -3.93532 29.8912 11.6
      vertex -2.07654 31.682 11.6
    endloop
  endfacet
  facet normal 0 0 1
    outer loop
      vertex -4.1442 31.4784 11.6
      vertex -5.88187 29.5698 11.6
      vertex -3.93532 29.8912 11.6
    endloop
  endfacet
  facet normal -0 0 1
    outer loop
      vertex -6.19411 31.1399 11.6
      vertex -5.88187 29.5698 11.6
      vertex -4.1442 31.4784 11.6
    endloop
  endfacet
  facet normal 0 0 1
    outer loop
      vertex -6.19411 31.1399 11.6
      vertex -7.80316 29.1218 11.6
      vertex -5.88187 29.5698 11.6
    endloop
  endfacet
  facet normal -0 0 1
    outer loop
      vertex -8.2175 30.6681 11.6
      vertex -7.80316 29.1218 11.6
      vertex -6.19411 31.1399 11.6
    endloop
  endfacet
  facet normal 0 0 1
    outer loop
      vertex -8.2175 30.6681 11.6
      vertex -9.69101 28.5491 11.6
      vertex -7.80316 29.1218 11.6
    endloop
  endfacet
  facet normal -0 0 1
    outer loop
      vertex -10.2057 30.065 11.6
      vertex -9.69101 28.5491 11.6
      vertex -8.2175 30.6681 11.6
    endloop
  endfacet
  facet normal 0 0 1
    outer loop
      vertex -10.2057 30.065 11.6
      vertex -11.5376 27.8541 11.6
      vertex -9.69101 28.5491 11.6
    endloop
  endfacet
  facet normal -0 0 1
    outer loop
      vertex -12.1502 29.3332 11.6
      vertex -11.5376 27.8541 11.6
      vertex -10.2057 30.065 11.6
    endloop
  endfacet
  facet normal 0 0 1
    outer loop
      vertex -12.1502 29.3332 11.6
      vertex -13.3346 27.04 11.6
      vertex -11.5376 27.8541 11.6
    endloop
  endfacet
  facet normal -0 0 1
    outer loop
      vertex -14.0427 28.4757 11.6
      vertex -13.3346 27.04 11.6
      vertex -12.1502 29.3332 11.6
    endloop
  endfacet
  facet normal 0 0 1
    outer loop
      vertex -14.0427 28.4757 11.6
      vertex -15.0746 26.1099 11.6
      vertex -13.3346 27.04 11.6
    endloop
  endfacet
  facet normal -0 0 1
    outer loop
      vertex -15.875 27.4963 11.6
      vertex -15.0746 26.1099 11.6
      vertex -14.0427 28.4757 11.6
    endloop
  endfacet
  facet normal 0 0 1
    outer loop
      vertex -15.875 27.4963 11.6
      vertex -16.75 25.0681 11.6
      vertex -15.0746 26.1099 11.6
    endloop
  endfacet
  facet normal -0 0 1
    outer loop
      vertex -17.6393 26.3992 11.6
      vertex -16.75 25.0681 11.6
      vertex -15.875 27.4963 11.6
    endloop
  endfacet
  facet normal 0 0 1
    outer loop
      vertex -17.6393 26.3992 11.6
      vertex -18.3536 23.919 11.6
      vertex -16.75 25.0681 11.6
    endloop
  endfacet
  facet normal -0 0 1
    outer loop
      vertex -19.3282 25.189 11.6
      vertex -18.3536 23.919 11.6
      vertex -17.6393 26.3992 11.6
    endloop
  endfacet
  facet normal 0 0 1
    outer loop
      vertex -19.3282 25.189 11.6
      vertex -19.8787 22.6674 11.6
      vertex -18.3536 23.919 11.6
    endloop
  endfacet
  facet normal -0 0 1
    outer loop
      vertex -20.9342 23.8709 11.6
      vertex -19.8787 22.6674 11.6
      vertex -19.3282 25.189 11.6
    endloop
  endfacet
  facet normal 0 0 1
    outer loop
      vertex -20.9342 23.8709 11.6
      vertex -21.3187 21.3187 11.6
      vertex -19.8787 22.6674 11.6
    endloop
  endfacet
  facet normal -0 0 1
    outer loop
      vertex -22.4506 22.4506 11.6
      vertex -21.3187 21.3187 11.6
      vertex -20.9342 23.8709 11.6
    endloop
  endfacet
  facet normal 0 0 1
    outer loop
      vertex -22.4506 22.4506 11.6
      vertex -22.6674 19.8787 11.6
      vertex -21.3187 21.3187 11.6
    endloop
  endfacet
  facet normal -0 0 1
    outer loop
      vertex -23.8709 20.9342 11.6
      vertex -22.6674 19.8787 11.6
      vertex -22.4506 22.4506 11.6
    endloop
  endfacet
  facet normal 0 0 1
    outer loop
      vertex -23.8709 20.9342 11.6
      vertex -23.919 18.3536 11.6
      vertex -22.6674 19.8787 11.6
    endloop
  endfacet
  facet normal -0 0 1
    outer loop
      vertex -25.189 19.3282 11.6
      vertex -23.919 18.3536 11.6
      vertex -23.8709 20.9342 11.6
    endloop
  endfacet
  facet normal 0 0 1
    outer loop
      vertex -23.919 18.3536 11.6
      vertex -25.189 19.3282 11.6
      vertex -25.0681 16.75 11.6
    endloop
  endfacet
  facet normal -0 0 1
    outer loop
      vertex -26.3992 17.6393 11.6
      vertex -25.0681 16.75 11.6
      vertex -25.189 19.3282 11.6
    endloop
  endfacet
  facet normal 0 0 1
    outer loop
      vertex -25.0681 16.75 11.6
      vertex -26.3992 17.6393 11.6
      vertex -25.3479 16.3 11.6
    endloop
  endfacet
  facet normal 0 0 1
    outer loop
      vertex -25.3479 16.3 11.6
      vertex -26.3992 17.6393 11.6
      vertex -27.232 16.3 11.6
    endloop
  endfacet
  facet normal -0 0 1
    outer loop
      vertex 29.5698 -5.88187 11.6
      vertex 31.1399 -6.19411 11.6
      vertex 29.8912 -3.93532 11.6
    endloop
  endfacet
  facet normal 0 0 1
    outer loop
      vertex 29.3791 -6.69998 11.6
      vertex 31.1399 -6.19411 11.6
      vertex 29.5698 -5.88187 11.6
    endloop
  endfacet
  facet normal 0 0 1
    outer loop
      vertex 31.1399 -6.19411 11.6
      vertex 29.3791 -6.69998 11.6
      vertex 30.6681 -8.2175 11.6
    endloop
  endfacet
  facet normal 0 0 1
    outer loop
      vertex 30.6681 -8.2175 11.6
      vertex 29.3791 -6.69998 11.6
      vertex 30.6431 -8.29999 11.6
    endloop
  endfacet
  facet normal 0 0 1
    outer loop
      vertex 7.39999 -8.29999 11.6
      vertex 29.3791 -6.69998 11.6
      vertex 8.22835 -6.69998 11.6
    endloop
  endfacet
  facet normal 0 0 1
    outer loop
      vertex 29.3791 -6.69998 11.6
      vertex 7.39999 -8.29999 11.6
      vertex 30.6431 -8.29999 11.6
    endloop
  endfacet
  facet normal -0 0 1
    outer loop
      vertex 3.29999 -2.5 11.6
      vertex 8.22835 -6.69998 11.6
      vertex 4.12834 -0.899994 11.6
    endloop
  endfacet
  facet normal 0 0 1
    outer loop
      vertex 8.22835 -6.69998 11.6
      vertex 3.29999 -2.5 11.6
      vertex 7.39999 -8.29999 11.6
    endloop
  endfacet
  facet normal -0 0 1
    outer loop
      vertex -30.1197 -0.899994 11.6
      vertex 3.29999 -2.5 11.6
      vertex 4.12834 -0.899994 11.6
    endloop
  endfacet
  facet normal 0 0 1
    outer loop
      vertex -30.0846 1.97166 11.6
      vertex -31.682 2.07654 11.6
      vertex -30.1492 0 11.6
    endloop
  endfacet
  facet normal 0 0 1
    outer loop
      vertex -30.1197 -0.899994 11.6
      vertex -31.6403 -2.5 11.6
      vertex 3.29999 -2.5 11.6
    endloop
  endfacet
  facet normal 0 0 1
    outer loop
      vertex -31.75 0 11.6
      vertex -30.1492 0 11.6
      vertex -31.682 2.07654 11.6
    endloop
  endfacet
  facet normal 0 0 1
    outer loop
      vertex -30.1492 0 11.6
      vertex -31.75 0 11.6
      vertex -30.1197 -0.899994 11.6
    endloop
  endfacet
  facet normal 0 -0 1
    outer loop
      vertex -31.682 -2.07654 11.6
      vertex -30.1197 -0.899994 11.6
      vertex -31.75 0 11.6
    endloop
  endfacet
  facet normal 0 0 1
    outer loop
      vertex -30.1197 -0.899994 11.6
      vertex -31.682 -2.07654 11.6
      vertex -31.6403 -2.5 11.6
    endloop
  endfacet
  facet normal 0 0 -1
    outer loop
      vertex 7.39999 -8.29999 5.72205e-07
      vertex 31.75 0 5.72205e-07
      vertex 31.682 -2.07654 5.72205e-07
    endloop
  endfacet
  facet normal 0 0 -1
    outer loop
      vertex 7.39999 -8.29999 5.72205e-07
      vertex 31.682 -2.07654 5.72205e-07
      vertex 31.4784 -4.1442 5.72205e-07
    endloop
  endfacet
  facet normal -0 0 -1
    outer loop
      vertex 31.75 0 5.72205e-07
      vertex 7.39999 -8.29999 5.72205e-07
      vertex 31.682 2.07654 5.72205e-07
    endloop
  endfacet
  facet normal 0 0 -1
    outer loop
      vertex 7.39999 -8.29999 5.72205e-07
      vertex 31.4784 -4.1442 5.72205e-07
      vertex 31.1399 -6.19411 5.72205e-07
    endloop
  endfacet
  facet normal -0 0 -1
    outer loop
      vertex 31.682 2.07654 5.72205e-07
      vertex 7.39999 -8.29999 5.72205e-07
      vertex 31.4784 4.1442 5.72205e-07
    endloop
  endfacet
  facet normal 0 0 -1
    outer loop
      vertex 7.39999 -8.29999 5.72205e-07
      vertex 31.1399 -6.19411 5.72205e-07
      vertex 30.6681 -8.2175 5.72205e-07
    endloop
  endfacet
  facet normal -0 0 -1
    outer loop
      vertex 31.4784 4.1442 5.72205e-07
      vertex 7.39999 -8.29999 5.72205e-07
      vertex 31.1399 6.19411 5.72205e-07
    endloop
  endfacet
  facet normal 0 0 -1
    outer loop
      vertex 7.39999 -8.29999 5.72205e-07
      vertex 30.6681 -8.2175 5.72205e-07
      vertex 30.6431 -8.29999 5.72205e-07
    endloop
  endfacet
  facet normal 0 0 -1
    outer loop
      vertex 3.29999 -2.5 5.72205e-07
      vertex 31.1399 6.19411 5.72205e-07
      vertex 7.39999 -8.29999 5.72205e-07
    endloop
  endfacet
  facet normal -0 0 -1
    outer loop
      vertex 31.1399 6.19411 5.72205e-07
      vertex 3.29999 -2.5 5.72205e-07
      vertex 30.6681 8.2175 5.72205e-07
    endloop
  endfacet
  facet normal -0 0 -1
    outer loop
      vertex 30.6681 8.2175 5.72205e-07
      vertex 3.29999 -2.5 5.72205e-07
      vertex 30.065 10.2057 5.72205e-07
    endloop
  endfacet
  facet normal -0 0 -1
    outer loop
      vertex 30.065 10.2057 5.72205e-07
      vertex 3.29999 -2.5 5.72205e-07
      vertex 29.3332 12.1502 5.72205e-07
    endloop
  endfacet
  facet normal -0 0 -1
    outer loop
      vertex 29.3332 12.1502 5.72205e-07
      vertex 3.29999 -2.5 5.72205e-07
      vertex 28.4757 14.0427 5.72205e-07
    endloop
  endfacet
  facet normal -0 0 -1
    outer loop
      vertex 28.4757 14.0427 5.72205e-07
      vertex 3.29999 -2.5 5.72205e-07
      vertex 27.4963 15.875 5.72205e-07
    endloop
  endfacet
  facet normal -0 0 -1
    outer loop
      vertex 27.4963 15.875 5.72205e-07
      vertex 3.29999 -2.5 5.72205e-07
      vertex 26.3992 17.6393 5.72205e-07
    endloop
  endfacet
  facet normal -0 0 -1
    outer loop
      vertex 25.189 19.3282 5.72205e-07
      vertex 3.29999 -2.5 5.72205e-07
      vertex 23.8709 20.9342 5.72205e-07
    endloop
  endfacet
  facet normal -0 0 -1
    outer loop
      vertex 23.8709 20.9342 5.72205e-07
      vertex 3.29999 -2.5 5.72205e-07
      vertex 22.4506 22.4506 5.72205e-07
    endloop
  endfacet
  facet normal -0 0 -1
    outer loop
      vertex 22.4506 22.4506 5.72205e-07
      vertex 3.29999 -2.5 5.72205e-07
      vertex 20.9342 23.8709 5.72205e-07
    endloop
  endfacet
  facet normal -0 0 -1
    outer loop
      vertex 20.9342 23.8709 5.72205e-07
      vertex 3.29999 -2.5 5.72205e-07
      vertex 19.3282 25.189 5.72205e-07
    endloop
  endfacet
  facet normal -0 0 -1
    outer loop
      vertex 19.3282 25.189 5.72205e-07
      vertex 3.29999 -2.5 5.72205e-07
      vertex 17.6393 26.3992 5.72205e-07
    endloop
  endfacet
  facet normal -0 0 -1
    outer loop
      vertex 17.6393 26.3992 5.72205e-07
      vertex 3.29999 -2.5 5.72205e-07
      vertex 15.875 27.4963 5.72205e-07
    endloop
  endfacet
  facet normal -0 0 -1
    outer loop
      vertex 15.875 27.4963 5.72205e-07
      vertex 3.29999 -2.5 5.72205e-07
      vertex 14.0427 28.4757 5.72205e-07
    endloop
  endfacet
  facet normal -0 0 -1
    outer loop
      vertex 14.0427 28.4757 5.72205e-07
      vertex 3.29999 -2.5 5.72205e-07
      vertex 12.1502 29.3332 5.72205e-07
    endloop
  endfacet
  facet normal 0 0 -1
    outer loop
      vertex -10.2 13.4 5.72205e-07
      vertex 12.1502 29.3332 5.72205e-07
      vertex 3.29999 -2.5 5.72205e-07
    endloop
  endfacet
  facet normal -0 0 -1
    outer loop
      vertex 26.3992 17.6393 5.72205e-07
      vertex 3.29999 -2.5 5.72205e-07
      vertex 25.189 19.3282 5.72205e-07
    endloop
  endfacet
  facet normal -0 0 -1
    outer loop
      vertex 12.1502 29.3332 5.72205e-07
      vertex -10.2032 13.4981 5.72205e-07
      vertex 10.2057 30.065 5.72205e-07
    endloop
  endfacet
  facet normal 0 0 -1
    outer loop
      vertex -10.2128 13.5958 5.72205e-07
      vertex 10.2057 30.065 5.72205e-07
      vertex -10.2032 13.4981 5.72205e-07
    endloop
  endfacet
  facet normal -0 0 -1
    outer loop
      vertex 10.2057 30.065 5.72205e-07
      vertex -10.2128 13.5958 5.72205e-07
      vertex 8.2175 30.6681 5.72205e-07
    endloop
  endfacet
  facet normal 0 0 -1
    outer loop
      vertex -10.2288 13.6926 5.72205e-07
      vertex 8.2175 30.6681 5.72205e-07
      vertex -10.2128 13.5958 5.72205e-07
    endloop
  endfacet
  facet normal -0 0 -1
    outer loop
      vertex 8.2175 30.6681 5.72205e-07
      vertex -10.2288 13.6926 5.72205e-07
      vertex 6.19411 31.1399 5.72205e-07
    endloop
  endfacet
  facet normal -0 0 -1
    outer loop
      vertex 6.19411 31.1399 5.72205e-07
      vertex -10.2511 13.7882 5.72205e-07
      vertex 4.1442 31.4784 5.72205e-07
    endloop
  endfacet
  facet normal 0 0 -1
    outer loop
      vertex -10.2796 13.8822 5.72205e-07
      vertex 4.1442 31.4784 5.72205e-07
      vertex -10.2511 13.7882 5.72205e-07
    endloop
  endfacet
  facet normal 0 0 -1
    outer loop
      vertex -10.3142 13.974 5.72205e-07
      vertex 4.1442 31.4784 5.72205e-07
      vertex -10.2796 13.8822 5.72205e-07
    endloop
  endfacet
  facet normal 0 0 -1
    outer loop
      vertex -10.3547 14.0634 5.72205e-07
      vertex 2.07654 31.682 5.72205e-07
      vertex -10.3142 13.974 5.72205e-07
    endloop
  endfacet
  facet normal 0 0 -1
    outer loop
      vertex 12.1502 29.3332 5.72205e-07
      vertex -10.2 13.4 5.72205e-07
      vertex -10.2032 13.4981 5.72205e-07
    endloop
  endfacet
  facet normal 0 0 -1
    outer loop
      vertex 3.29999 -2.5 5.72205e-07
      vertex -10.2032 13.3019 5.72205e-07
      vertex -10.2 13.4 5.72205e-07
    endloop
  endfacet
  facet normal 0 0 -1
    outer loop
      vertex 3.29999 -2.5 5.72205e-07
      vertex -10.2128 13.2042 5.72205e-07
      vertex -10.2032 13.3019 5.72205e-07
    endloop
  endfacet
  facet normal 0 0 -1
    outer loop
      vertex 3.29999 -2.5 5.72205e-07
      vertex -10.2288 13.1074 5.72205e-07
      vertex -10.2128 13.2042 5.72205e-07
    endloop
  endfacet
  facet normal 0 0 -1
    outer loop
      vertex 3.29999 -2.5 5.72205e-07
      vertex -10.2511 13.0118 5.72205e-07
      vertex -10.2288 13.1074 5.72205e-07
    endloop
  endfacet
  facet normal 0 0 -1
    outer loop
      vertex 3.29999 -2.5 5.72205e-07
      vertex -10.2796 12.9178 5.72205e-07
      vertex -10.2511 13.0118 5.72205e-07
    endloop
  endfacet
  facet normal 0 0 -1
    outer loop
      vertex -10.4511 5.78823 5.72205e-07
      vertex -10.2796 12.9178 5.72205e-07
      vertex 3.29999 -2.5 5.72205e-07
    endloop
  endfacet
  facet normal 0 0 -1
    outer loop
      vertex -10.4796 5.88216 5.72205e-07
      vertex -10.2796 12.9178 5.72205e-07
      vertex -10.4511 5.78823 5.72205e-07
    endloop
  endfacet
  facet normal 0 0 -1
    outer loop
      vertex -10.4032 5.4981 5.72205e-07
      vertex 3.29999 -2.5 5.72205e-07
      vertex -10.4 5.4 5.72205e-07
    endloop
  endfacet
  facet normal 0 0 -1
    outer loop
      vertex 3.29999 -2.5 5.72205e-07
      vertex -10.4032 5.3019 5.72205e-07
      vertex -10.4 5.4 5.72205e-07
    endloop
  endfacet
  facet normal 0 0 -1
    outer loop
      vertex 3.29999 -2.5 5.72205e-07
      vertex -10.4128 5.20421 5.72205e-07
      vertex -10.4032 5.3019 5.72205e-07
    endloop
  endfacet
  facet normal 0 0 -1
    outer loop
      vertex 3.29999 -2.5 5.72205e-07
      vertex -10.4288 5.10736 5.72205e-07
      vertex -10.4128 5.20421 5.72205e-07
    endloop
  endfacet
  facet normal 0 0 -1
    outer loop
      vertex 3.29999 -2.5 5.72205e-07
      vertex -10.4511 5.01177 5.72205e-07
      vertex -10.4288 5.10736 5.72205e-07
    endloop
  endfacet
  facet normal 0 0 -1
    outer loop
      vertex 3.29999 -2.5 5.72205e-07
      vertex -10.4796 4.91784 5.72205e-07
      vertex -10.4511 5.01177 5.72205e-07
    endloop
  endfacet
  facet normal 0 0 -1
    outer loop
      vertex 3.29999 -2.5 5.72205e-07
      vertex -10.5142 4.82597 5.72205e-07
      vertex -10.4796 4.91784 5.72205e-07
    endloop
  endfacet
  facet normal 0 0 -1
    outer loop
      vertex 3.29999 -2.5 5.72205e-07
      vertex -10.5547 4.73657 5.72205e-07
      vertex -10.5142 4.82597 5.72205e-07
    endloop
  endfacet
  facet normal 0 0 -1
    outer loop
      vertex 3.29999 -2.5 5.72205e-07
      vertex -10.601 4.65 5.72205e-07
      vertex -10.5547 4.73657 5.72205e-07
    endloop
  endfacet
  facet normal 0 0 -1
    outer loop
      vertex 3.29999 -2.5 5.72205e-07
      vertex -10.6528 4.56664 5.72205e-07
      vertex -10.601 4.65 5.72205e-07
    endloop
  endfacet
  facet normal 0 0 -1
    outer loop
      vertex 3.29999 -2.5 5.72205e-07
      vertex -10.71 4.48686 5.72205e-07
      vertex -10.6528 4.56664 5.72205e-07
    endloop
  endfacet
  facet normal 0 0 -1
    outer loop
      vertex 3.29999 -2.5 5.72205e-07
      vertex -10.7722 4.41098 5.72205e-07
      vertex -10.71 4.48686 5.72205e-07
    endloop
  endfacet
  facet normal 0 0 -1
    outer loop
      vertex 3.29999 -2.5 5.72205e-07
      vertex -10.8393 4.33934 5.72205e-07
      vertex -10.7722 4.41098 5.72205e-07
    endloop
  endfacet
  facet normal 0 0 -1
    outer loop
      vertex 3.29999 -2.5 5.72205e-07
      vertex -10.911 4.27224 5.72205e-07
      vertex -10.8393 4.33934 5.72205e-07
    endloop
  endfacet
  facet normal 0 0 -1
    outer loop
      vertex 3.29999 -2.5 5.72205e-07
      vertex -10.9869 4.20997 5.72205e-07
      vertex -10.911 4.27224 5.72205e-07
    endloop
  endfacet
  facet normal 0 0 -1
    outer loop
      vertex 3.29999 -2.5 5.72205e-07
      vertex -11.0666 4.15279 5.72205e-07
      vertex -10.9869 4.20997 5.72205e-07
    endloop
  endfacet
  facet normal 0 0 -1
    outer loop
      vertex 3.29999 -2.5 5.72205e-07
      vertex -11.15 4.10096 5.72205e-07
      vertex -11.0666 4.15279 5.72205e-07
    endloop
  endfacet
  facet normal 0 0 -1
    outer loop
      vertex 3.29999 -2.5 5.72205e-07
      vertex -11.2366 4.05469 5.72205e-07
      vertex -11.15 4.10096 5.72205e-07
    endloop
  endfacet
  facet normal 0 0 -1
    outer loop
      vertex 3.29999 -2.5 5.72205e-07
      vertex -11.326 4.01418 5.72205e-07
      vertex -11.2366 4.05469 5.72205e-07
    endloop
  endfacet
  facet normal 0 0 -1
    outer loop
      vertex 3.29999 -2.5 5.72205e-07
      vertex -11.4178 3.9796 5.72205e-07
      vertex -11.326 4.01418 5.72205e-07
    endloop
  endfacet
  facet normal 0 0 -1
    outer loop
      vertex 3.29999 -2.5 5.72205e-07
      vertex -11.5118 3.95111 5.72205e-07
      vertex -11.4178 3.9796 5.72205e-07
    endloop
  endfacet
  facet normal 0 0 -1
    outer loop
      vertex 3.29999 -2.5 5.72205e-07
      vertex -11.6074 3.92882 5.72205e-07
      vertex -11.5118 3.95111 5.72205e-07
    endloop
  endfacet
  facet normal 0 0 -1
    outer loop
      vertex 3.29999 -2.5 5.72205e-07
      vertex -11.7042 3.91283 5.72205e-07
      vertex -11.6074 3.92882 5.72205e-07
    endloop
  endfacet
  facet normal 0 0 -1
    outer loop
      vertex 3.29999 -2.5 5.72205e-07
      vertex -11.8019 3.90321 5.72205e-07
      vertex -11.7042 3.91283 5.72205e-07
    endloop
  endfacet
  facet normal 0 0 -1
    outer loop
      vertex 3.29999 -2.5 5.72205e-07
      vertex -11.9 3.9 5.72205e-07
      vertex -11.8019 3.90321 5.72205e-07
    endloop
  endfacet
  facet normal 0 0 -1
    outer loop
      vertex 3.29999 -2.5 5.72205e-07
      vertex -11.9981 3.90321 5.72205e-07
      vertex -11.9 3.9 5.72205e-07
    endloop
  endfacet
  facet normal 0 0 -1
    outer loop
      vertex -31.6403 -2.5 5.72205e-07
      vertex -11.9981 3.90321 5.72205e-07
      vertex 3.29999 -2.5 5.72205e-07
    endloop
  endfacet
  facet normal -0 0 -1
    outer loop
      vertex -11.9981 3.90321 5.72205e-07
      vertex -31.6403 -2.5 5.72205e-07
      vertex -12.0958 3.91283 5.72205e-07
    endloop
  endfacet
  facet normal -0 0 -1
    outer loop
      vertex -12.0958 3.91283 5.72205e-07
      vertex -31.6403 -2.5 5.72205e-07
      vertex -12.1926 3.92882 5.72205e-07
    endloop
  endfacet
  facet normal -0 0 -1
    outer loop
      vertex -12.1926 3.92882 5.72205e-07
      vertex -31.6403 -2.5 5.72205e-07
      vertex -12.2882 3.95111 5.72205e-07
    endloop
  endfacet
  facet normal -0 0 -1
    outer loop
      vertex -12.2882 3.95111 5.72205e-07
      vertex -31.6403 -2.5 5.72205e-07
      vertex -12.3822 3.9796 5.72205e-07
    endloop
  endfacet
  facet normal 0 0 -1
    outer loop
      vertex -11.7 14.9 5.72205e-07
      vertex -15.875 27.4963 5.72205e-07
      vertex -14.0427 28.4757 5.72205e-07
    endloop
  endfacet
  facet normal 0 0 -1
    outer loop
      vertex -31.1399 6.19411 5.72205e-07
      vertex -13.4 5.4 5.72205e-07
      vertex -13.3968 5.3019 5.72205e-07
    endloop
  endfacet
  facet normal 0 0 -1
    outer loop
      vertex -31.1399 6.19411 5.72205e-07
      vertex -13.3968 5.3019 5.72205e-07
      vertex -13.3872 5.20421 5.72205e-07
    endloop
  endfacet
  facet normal 0 0 -1
    outer loop
      vertex -13.3968 5.4981 5.72205e-07
      vertex -17.6393 26.3992 5.72205e-07
      vertex -15.875 27.4963 5.72205e-07
    endloop
  endfacet
  facet normal 0 0 -1
    outer loop
      vertex -31.1399 6.19411 5.72205e-07
      vertex -13.3872 5.20421 5.72205e-07
      vertex -13.3712 5.10736 5.72205e-07
    endloop
  endfacet
  facet normal 0 0 -1
    outer loop
      vertex -13.3968 5.4981 5.72205e-07
      vertex -19.3282 25.189 5.72205e-07
      vertex -17.6393 26.3992 5.72205e-07
    endloop
  endfacet
  facet normal 0 0 -1
    outer loop
      vertex -31.4784 4.1442 5.72205e-07
      vertex -13.3712 5.10736 5.72205e-07
      vertex -13.3489 5.01177 5.72205e-07
    endloop
  endfacet
  facet normal 0 0 -1
    outer loop
      vertex -13.3968 5.4981 5.72205e-07
      vertex -20.9342 23.8709 5.72205e-07
      vertex -19.3282 25.189 5.72205e-07
    endloop
  endfacet
  facet normal 0 0 -1
    outer loop
      vertex -31.4784 4.1442 5.72205e-07
      vertex -13.3489 5.01177 5.72205e-07
      vertex -13.3204 4.91784 5.72205e-07
    endloop
  endfacet
  facet normal 0 0 -1
    outer loop
      vertex -31.682 2.07654 5.72205e-07
      vertex -13.3204 4.91784 5.72205e-07
      vertex -13.2858 4.82597 5.72205e-07
    endloop
  endfacet
  facet normal 0 0 -1
    outer loop
      vertex -13.3968 5.4981 5.72205e-07
      vertex -22.4506 22.4506 5.72205e-07
      vertex -20.9342 23.8709 5.72205e-07
    endloop
  endfacet
  facet normal 0 0 -1
    outer loop
      vertex -31.682 2.07654 5.72205e-07
      vertex -13.2858 4.82597 5.72205e-07
      vertex -13.2453 4.73657 5.72205e-07
    endloop
  endfacet
  facet normal 0 0 -1
    outer loop
      vertex -13.3968 5.4981 5.72205e-07
      vertex -23.8709 20.9342 5.72205e-07
      vertex -22.4506 22.4506 5.72205e-07
    endloop
  endfacet
  facet normal 0 0 -1
    outer loop
      vertex -31.75 0 5.72205e-07
      vertex -13.2453 4.73657 5.72205e-07
      vertex -13.199 4.65 5.72205e-07
    endloop
  endfacet
  facet normal 0 0 -1
    outer loop
      vertex -31.75 0 5.72205e-07
      vertex -13.199 4.65 5.72205e-07
      vertex -13.1472 4.56664 5.72205e-07
    endloop
  endfacet
  facet normal 0 0 -1
    outer loop
      vertex -13.3968 5.4981 5.72205e-07
      vertex -25.189 19.3282 5.72205e-07
      vertex -23.8709 20.9342 5.72205e-07
    endloop
  endfacet
  facet normal 0 0 -1
    outer loop
      vertex -31.6403 -2.5 5.72205e-07
      vertex -13.1472 4.56664 5.72205e-07
      vertex -13.09 4.48686 5.72205e-07
    endloop
  endfacet
  facet normal 0 0 -1
    outer loop
      vertex -13.3968 5.4981 5.72205e-07
      vertex -26.3992 17.6393 5.72205e-07
      vertex -25.189 19.3282 5.72205e-07
    endloop
  endfacet
  facet normal 0 0 -1
    outer loop
      vertex -31.6403 -2.5 5.72205e-07
      vertex -13.09 4.48686 5.72205e-07
      vertex -13.0278 4.41098 5.72205e-07
    endloop
  endfacet
  facet normal 0 0 -1
    outer loop
      vertex -31.6403 -2.5 5.72205e-07
      vertex -13.0278 4.41098 5.72205e-07
      vertex -12.9607 4.33934 5.72205e-07
    endloop
  endfacet
  facet normal 0 0 -1
    outer loop
      vertex -13.3968 5.4981 5.72205e-07
      vertex -27.4963 15.875 5.72205e-07
      vertex -26.3992 17.6393 5.72205e-07
    endloop
  endfacet
  facet normal 0 0 -1
    outer loop
      vertex -31.6403 -2.5 5.72205e-07
      vertex -12.9607 4.33934 5.72205e-07
      vertex -12.889 4.27224 5.72205e-07
    endloop
  endfacet
  facet normal 0 0 -1
    outer loop
      vertex -31.6403 -2.5 5.72205e-07
      vertex -12.889 4.27224 5.72205e-07
      vertex -12.8131 4.20997 5.72205e-07
    endloop
  endfacet
  facet normal 0 0 -1
    outer loop
      vertex -13.3968 5.4981 5.72205e-07
      vertex -28.4757 14.0427 5.72205e-07
      vertex -27.4963 15.875 5.72205e-07
    endloop
  endfacet
  facet normal 0 0 -1
    outer loop
      vertex -31.6403 -2.5 5.72205e-07
      vertex -12.8131 4.20997 5.72205e-07
      vertex -12.7334 4.15279 5.72205e-07
    endloop
  endfacet
  facet normal 0 0 -1
    outer loop
      vertex -13.3968 5.4981 5.72205e-07
      vertex -29.3332 12.1502 5.72205e-07
      vertex -28.4757 14.0427 5.72205e-07
    endloop
  endfacet
  facet normal 0 0 -1
    outer loop
      vertex -31.6403 -2.5 5.72205e-07
      vertex -12.7334 4.15279 5.72205e-07
      vertex -12.65 4.10096 5.72205e-07
    endloop
  endfacet
  facet normal 0 0 -1
    outer loop
      vertex -31.6403 -2.5 5.72205e-07
      vertex -12.65 4.10096 5.72205e-07
      vertex -12.5634 4.05469 5.72205e-07
    endloop
  endfacet
  facet normal 0 0 -1
    outer loop
      vertex -13.3968 5.4981 5.72205e-07
      vertex -30.065 10.2057 5.72205e-07
      vertex -29.3332 12.1502 5.72205e-07
    endloop
  endfacet
  facet normal 0 0 -1
    outer loop
      vertex -31.6403 -2.5 5.72205e-07
      vertex -12.5634 4.05469 5.72205e-07
      vertex -12.474 4.01418 5.72205e-07
    endloop
  endfacet
  facet normal -0 0 -1
    outer loop
      vertex -12.3822 3.9796 5.72205e-07
      vertex -31.6403 -2.5 5.72205e-07
      vertex -12.474 4.01418 5.72205e-07
    endloop
  endfacet
  facet normal 0 0 -1
    outer loop
      vertex -13.3968 5.4981 5.72205e-07
      vertex -30.6681 8.2175 5.72205e-07
      vertex -30.065 10.2057 5.72205e-07
    endloop
  endfacet
  facet normal 0 0 -1
    outer loop
      vertex -13.4 5.4 5.72205e-07
      vertex -31.1399 6.19411 5.72205e-07
      vertex -30.6681 8.2175 5.72205e-07
    endloop
  endfacet
  facet normal -0 0 -1
    outer loop
      vertex -13.3712 5.10736 5.72205e-07
      vertex -31.4784 4.1442 5.72205e-07
      vertex -31.1399 6.19411 5.72205e-07
    endloop
  endfacet
  facet normal 0 0 -1
    outer loop
      vertex -13.1472 4.56664 5.72205e-07
      vertex -31.6403 -2.5 5.72205e-07
      vertex -31.682 -2.07654 5.72205e-07
    endloop
  endfacet
  facet normal 0 0 -1
    outer loop
      vertex -13.1472 4.56664 5.72205e-07
      vertex -31.682 -2.07654 5.72205e-07
      vertex -31.75 0 5.72205e-07
    endloop
  endfacet
  facet normal 0 0 -1
    outer loop
      vertex -13.3204 4.91784 5.72205e-07
      vertex -31.682 2.07654 5.72205e-07
      vertex -31.4784 4.1442 5.72205e-07
    endloop
  endfacet
  facet normal 0 0 -1
    outer loop
      vertex -13.2453 4.73657 5.72205e-07
      vertex -31.75 0 5.72205e-07
      vertex -31.682 2.07654 5.72205e-07
    endloop
  endfacet
  facet normal 0 0 -1
    outer loop
      vertex -10.2511 13.7882 5.72205e-07
      vertex 6.19411 31.1399 5.72205e-07
      vertex -10.2288 13.6926 5.72205e-07
    endloop
  endfacet
  facet normal -0 0 -1
    outer loop
      vertex 4.1442 31.4784 5.72205e-07
      vertex -10.3142 13.974 5.72205e-07
      vertex 2.07654 31.682 5.72205e-07
    endloop
  endfacet
  facet normal -0 0 -1
    outer loop
      vertex 2.07654 31.682 5.72205e-07
      vertex -10.3547 14.0634 5.72205e-07
      vertex 0 31.75 5.72205e-07
    endloop
  endfacet
  facet normal 0 0 -1
    outer loop
      vertex -10.401 14.15 5.72205e-07
      vertex 0 31.75 5.72205e-07
      vertex -10.3547 14.0634 5.72205e-07
    endloop
  endfacet
  facet normal 0 0 -1
    outer loop
      vertex 0 31.75 5.72205e-07
      vertex -10.401 14.15 5.72205e-07
      vertex -2.07654 31.682 5.72205e-07
    endloop
  endfacet
  facet normal 0 0 -1
    outer loop
      vertex -10.4528 14.2334 5.72205e-07
      vertex -2.07654 31.682 5.72205e-07
      vertex -10.401 14.15 5.72205e-07
    endloop
  endfacet
  facet normal 0 0 -1
    outer loop
      vertex -10.51 14.3131 5.72205e-07
      vertex -2.07654 31.682 5.72205e-07
      vertex -10.4528 14.2334 5.72205e-07
    endloop
  endfacet
  facet normal 0 0 -1
    outer loop
      vertex -2.07654 31.682 5.72205e-07
      vertex -10.51 14.3131 5.72205e-07
      vertex -4.1442 31.4784 5.72205e-07
    endloop
  endfacet
  facet normal 0 0 -1
    outer loop
      vertex -10.5722 14.389 5.72205e-07
      vertex -4.1442 31.4784 5.72205e-07
      vertex -10.51 14.3131 5.72205e-07
    endloop
  endfacet
  facet normal 0 0 -1
    outer loop
      vertex -10.6393 14.4607 5.72205e-07
      vertex -4.1442 31.4784 5.72205e-07
      vertex -10.5722 14.389 5.72205e-07
    endloop
  endfacet
  facet normal 0 0 -1
    outer loop
      vertex -4.1442 31.4784 5.72205e-07
      vertex -10.6393 14.4607 5.72205e-07
      vertex -6.19411 31.1399 5.72205e-07
    endloop
  endfacet
  facet normal 0 0 -1
    outer loop
      vertex -10.711 14.5278 5.72205e-07
      vertex -6.19411 31.1399 5.72205e-07
      vertex -10.6393 14.4607 5.72205e-07
    endloop
  endfacet
  facet normal 0 0 -1
    outer loop
      vertex -10.7869 14.59 5.72205e-07
      vertex -6.19411 31.1399 5.72205e-07
      vertex -10.711 14.5278 5.72205e-07
    endloop
  endfacet
  facet normal 0 0 -1
    outer loop
      vertex -6.19411 31.1399 5.72205e-07
      vertex -10.7869 14.59 5.72205e-07
      vertex -8.2175 30.6681 5.72205e-07
    endloop
  endfacet
  facet normal 0 0 -1
    outer loop
      vertex -10.8666 14.6472 5.72205e-07
      vertex -8.2175 30.6681 5.72205e-07
      vertex -10.7869 14.59 5.72205e-07
    endloop
  endfacet
  facet normal 0 0 -1
    outer loop
      vertex -10.95 14.699 5.72205e-07
      vertex -8.2175 30.6681 5.72205e-07
      vertex -10.8666 14.6472 5.72205e-07
    endloop
  endfacet
  facet normal 0 0 -1
    outer loop
      vertex -8.2175 30.6681 5.72205e-07
      vertex -10.95 14.699 5.72205e-07
      vertex -10.2057 30.065 5.72205e-07
    endloop
  endfacet
  facet normal 0 0 -1
    outer loop
      vertex -11.0366 14.7453 5.72205e-07
      vertex -10.2057 30.065 5.72205e-07
      vertex -10.95 14.699 5.72205e-07
    endloop
  endfacet
  facet normal 0 0 -1
    outer loop
      vertex -11.126 14.7858 5.72205e-07
      vertex -10.2057 30.065 5.72205e-07
      vertex -11.0366 14.7453 5.72205e-07
    endloop
  endfacet
  facet normal 0 0 -1
    outer loop
      vertex -11.2178 14.8204 5.72205e-07
      vertex -10.2057 30.065 5.72205e-07
      vertex -11.126 14.7858 5.72205e-07
    endloop
  endfacet
  facet normal 0 0 -1
    outer loop
      vertex -12.1502 29.3332 5.72205e-07
      vertex -11.2178 14.8204 5.72205e-07
      vertex -11.3118 14.8489 5.72205e-07
    endloop
  endfacet
  facet normal 0 0 -1
    outer loop
      vertex -12.1502 29.3332 5.72205e-07
      vertex -11.3118 14.8489 5.72205e-07
      vertex -11.4074 14.8712 5.72205e-07
    endloop
  endfacet
  facet normal 0 0 -1
    outer loop
      vertex -14.0427 28.4757 5.72205e-07
      vertex -11.4074 14.8712 5.72205e-07
      vertex -11.5042 14.8872 5.72205e-07
    endloop
  endfacet
  facet normal 0 0 -1
    outer loop
      vertex -14.0427 28.4757 5.72205e-07
      vertex -11.5042 14.8872 5.72205e-07
      vertex -11.6019 14.8968 5.72205e-07
    endloop
  endfacet
  facet normal 0 0 -1
    outer loop
      vertex -14.0427 28.4757 5.72205e-07
      vertex -11.6019 14.8968 5.72205e-07
      vertex -11.7 14.9 5.72205e-07
    endloop
  endfacet
  facet normal 0 0 -1
    outer loop
      vertex -15.875 27.4963 5.72205e-07
      vertex -11.7 14.9 5.72205e-07
      vertex -11.7981 14.8968 5.72205e-07
    endloop
  endfacet
  facet normal 0 0 -1
    outer loop
      vertex -15.875 27.4963 5.72205e-07
      vertex -11.7981 14.8968 5.72205e-07
      vertex -11.8958 14.8872 5.72205e-07
    endloop
  endfacet
  facet normal 0 0 -1
    outer loop
      vertex -15.875 27.4963 5.72205e-07
      vertex -11.8958 14.8872 5.72205e-07
      vertex -11.9926 14.8712 5.72205e-07
    endloop
  endfacet
  facet normal 0 0 -1
    outer loop
      vertex -15.875 27.4963 5.72205e-07
      vertex -11.9926 14.8712 5.72205e-07
      vertex -12.0882 14.8489 5.72205e-07
    endloop
  endfacet
  facet normal 0 0 -1
    outer loop
      vertex -11.2178 14.8204 5.72205e-07
      vertex -12.1502 29.3332 5.72205e-07
      vertex -10.2057 30.065 5.72205e-07
    endloop
  endfacet
  facet normal 0 0 -1
    outer loop
      vertex -15.875 27.4963 5.72205e-07
      vertex -12.0882 14.8489 5.72205e-07
      vertex -12.1822 14.8204 5.72205e-07
    endloop
  endfacet
  facet normal 0 0 -1
    outer loop
      vertex -15.875 27.4963 5.72205e-07
      vertex -12.1822 14.8204 5.72205e-07
      vertex -12.274 14.7858 5.72205e-07
    endloop
  endfacet
  facet normal 0 0 -1
    outer loop
      vertex -15.875 27.4963 5.72205e-07
      vertex -12.274 14.7858 5.72205e-07
      vertex -12.3634 14.7453 5.72205e-07
    endloop
  endfacet
  facet normal 0 0 -1
    outer loop
      vertex -15.875 27.4963 5.72205e-07
      vertex -12.3634 14.7453 5.72205e-07
      vertex -12.45 14.699 5.72205e-07
    endloop
  endfacet
  facet normal 0 0 -1
    outer loop
      vertex -15.875 27.4963 5.72205e-07
      vertex -12.45 14.699 5.72205e-07
      vertex -12.5334 14.6472 5.72205e-07
    endloop
  endfacet
  facet normal 0 0 -1
    outer loop
      vertex -15.875 27.4963 5.72205e-07
      vertex -12.5334 14.6472 5.72205e-07
      vertex -12.6131 14.59 5.72205e-07
    endloop
  endfacet
  facet normal 0 0 -1
    outer loop
      vertex -15.875 27.4963 5.72205e-07
      vertex -12.6131 14.59 5.72205e-07
      vertex -12.689 14.5278 5.72205e-07
    endloop
  endfacet
  facet normal 0 0 -1
    outer loop
      vertex -15.875 27.4963 5.72205e-07
      vertex -12.689 14.5278 5.72205e-07
      vertex -12.7607 14.4607 5.72205e-07
    endloop
  endfacet
  facet normal 0 0 -1
    outer loop
      vertex -15.875 27.4963 5.72205e-07
      vertex -12.7607 14.4607 5.72205e-07
      vertex -12.8278 14.389 5.72205e-07
    endloop
  endfacet
  facet normal 0 0 -1
    outer loop
      vertex -15.875 27.4963 5.72205e-07
      vertex -12.8278 14.389 5.72205e-07
      vertex -12.89 14.3131 5.72205e-07
    endloop
  endfacet
  facet normal 0 0 -1
    outer loop
      vertex -15.875 27.4963 5.72205e-07
      vertex -12.89 14.3131 5.72205e-07
      vertex -12.9472 14.2334 5.72205e-07
    endloop
  endfacet
  facet normal 0 0 -1
    outer loop
      vertex -15.875 27.4963 5.72205e-07
      vertex -12.9472 14.2334 5.72205e-07
      vertex -12.999 14.15 5.72205e-07
    endloop
  endfacet
  facet normal 0 0 -1
    outer loop
      vertex -15.875 27.4963 5.72205e-07
      vertex -12.999 14.15 5.72205e-07
      vertex -13.0453 14.0634 5.72205e-07
    endloop
  endfacet
  facet normal 0 0 -1
    outer loop
      vertex -15.875 27.4963 5.72205e-07
      vertex -13.0453 14.0634 5.72205e-07
      vertex -13.0858 13.974 5.72205e-07
    endloop
  endfacet
  facet normal 0 0 -1
    outer loop
      vertex -15.875 27.4963 5.72205e-07
      vertex -13.0858 13.974 5.72205e-07
      vertex -13.1204 13.8822 5.72205e-07
    endloop
  endfacet
  facet normal 0 0 -1
    outer loop
      vertex -15.875 27.4963 5.72205e-07
      vertex -13.1204 13.8822 5.72205e-07
      vertex -13.1489 13.7882 5.72205e-07
    endloop
  endfacet
  facet normal 0 0 -1
    outer loop
      vertex -15.875 27.4963 5.72205e-07
      vertex -13.1489 13.7882 5.72205e-07
      vertex -13.1712 13.6926 5.72205e-07
    endloop
  endfacet
  facet normal 0 0 -1
    outer loop
      vertex -15.875 27.4963 5.72205e-07
      vertex -13.1712 13.6926 5.72205e-07
      vertex -13.1872 13.5958 5.72205e-07
    endloop
  endfacet
  facet normal 0 0 -1
    outer loop
      vertex -15.875 27.4963 5.72205e-07
      vertex -13.1872 13.5958 5.72205e-07
      vertex -13.1968 13.4981 5.72205e-07
    endloop
  endfacet
  facet normal 0 0 -1
    outer loop
      vertex -13.3712 5.69263 5.72205e-07
      vertex -13.1712 13.1074 5.72205e-07
      vertex -13.3489 5.78823 5.72205e-07
    endloop
  endfacet
  facet normal -0 0 -1
    outer loop
      vertex -13.1712 13.1074 5.72205e-07
      vertex -13.3712 5.69263 5.72205e-07
      vertex -13.1872 13.2042 5.72205e-07
    endloop
  endfacet
  facet normal 0 0 -1
    outer loop
      vertex -13.3872 5.59579 5.72205e-07
      vertex -13.1872 13.2042 5.72205e-07
      vertex -13.3712 5.69263 5.72205e-07
    endloop
  endfacet
  facet normal -0 0 -1
    outer loop
      vertex -13.1872 13.2042 5.72205e-07
      vertex -13.3872 5.59579 5.72205e-07
      vertex -13.1968 13.3019 5.72205e-07
    endloop
  endfacet
  facet normal 0 0 -1
    outer loop
      vertex -13.3968 5.4981 5.72205e-07
      vertex -13.1968 13.3019 5.72205e-07
      vertex -13.3872 5.59579 5.72205e-07
    endloop
  endfacet
  facet normal 0 0 -1
    outer loop
      vertex -15.875 27.4963 5.72205e-07
      vertex -13.1968 13.3019 5.72205e-07
      vertex -13.3968 5.4981 5.72205e-07
    endloop
  endfacet
  facet normal 0 0 -1
    outer loop
      vertex -30.6681 8.2175 5.72205e-07
      vertex -13.3968 5.4981 5.72205e-07
      vertex -13.4 5.4 5.72205e-07
    endloop
  endfacet
  facet normal 0 0 -1
    outer loop
      vertex -11.4074 14.8712 5.72205e-07
      vertex -14.0427 28.4757 5.72205e-07
      vertex -12.1502 29.3332 5.72205e-07
    endloop
  endfacet
  facet normal 0 0 -1
    outer loop
      vertex -15.875 27.4963 5.72205e-07
      vertex -13.1968 13.4981 5.72205e-07
      vertex -13.2 13.4 5.72205e-07
    endloop
  endfacet
  facet normal 0 0 -1
    outer loop
      vertex -13.1968 13.3019 5.72205e-07
      vertex -15.875 27.4963 5.72205e-07
      vertex -13.2 13.4 5.72205e-07
    endloop
  endfacet
  facet normal 0 0 -1
    outer loop
      vertex -10.4128 5.59579 5.72205e-07
      vertex 3.29999 -2.5 5.72205e-07
      vertex -10.4032 5.4981 5.72205e-07
    endloop
  endfacet
  facet normal 0 0 -1
    outer loop
      vertex -10.4288 5.69263 5.72205e-07
      vertex 3.29999 -2.5 5.72205e-07
      vertex -10.4128 5.59579 5.72205e-07
    endloop
  endfacet
  facet normal 0 0 -1
    outer loop
      vertex -10.4511 5.78823 5.72205e-07
      vertex 3.29999 -2.5 5.72205e-07
      vertex -10.4288 5.69263 5.72205e-07
    endloop
  endfacet
  facet normal 0 0 -1
    outer loop
      vertex -10.2796 12.9178 5.72205e-07
      vertex -10.4796 5.88216 5.72205e-07
      vertex -10.3142 12.826 5.72205e-07
    endloop
  endfacet
  facet normal 0 0 -1
    outer loop
      vertex -10.5142 5.97402 5.72205e-07
      vertex -10.3142 12.826 5.72205e-07
      vertex -10.4796 5.88216 5.72205e-07
    endloop
  endfacet
  facet normal 0 0 -1
    outer loop
      vertex -10.3142 12.826 5.72205e-07
      vertex -10.5142 5.97402 5.72205e-07
      vertex -10.3547 12.7366 5.72205e-07
    endloop
  endfacet
  facet normal 0 0 -1
    outer loop
      vertex -10.5547 6.06343 5.72205e-07
      vertex -10.3547 12.7366 5.72205e-07
      vertex -10.5142 5.97402 5.72205e-07
    endloop
  endfacet
  facet normal 0 0 -1
    outer loop
      vertex -10.3547 12.7366 5.72205e-07
      vertex -10.5547 6.06343 5.72205e-07
      vertex -10.401 12.65 5.72205e-07
    endloop
  endfacet
  facet normal 0 0 -1
    outer loop
      vertex -10.601 6.15 5.72205e-07
      vertex -10.401 12.65 5.72205e-07
      vertex -10.5547 6.06343 5.72205e-07
    endloop
  endfacet
  facet normal 0 0 -1
    outer loop
      vertex -10.401 12.65 5.72205e-07
      vertex -10.601 6.15 5.72205e-07
      vertex -10.4528 12.5666 5.72205e-07
    endloop
  endfacet
  facet normal 0 0 -1
    outer loop
      vertex -10.6528 6.23335 5.72205e-07
      vertex -10.4528 12.5666 5.72205e-07
      vertex -10.601 6.15 5.72205e-07
    endloop
  endfacet
  facet normal 0 0 -1
    outer loop
      vertex -10.4528 12.5666 5.72205e-07
      vertex -10.6528 6.23335 5.72205e-07
      vertex -10.51 12.4869 5.72205e-07
    endloop
  endfacet
  facet normal 0 0 -1
    outer loop
      vertex -10.71 6.31314 5.72205e-07
      vertex -10.51 12.4869 5.72205e-07
      vertex -10.6528 6.23335 5.72205e-07
    endloop
  endfacet
  facet normal 0 0 -1
    outer loop
      vertex -10.51 12.4869 5.72205e-07
      vertex -10.71 6.31314 5.72205e-07
      vertex -10.5722 12.411 5.72205e-07
    endloop
  endfacet
  facet normal 0 0 -1
    outer loop
      vertex -10.7722 6.38902 5.72205e-07
      vertex -10.5722 12.411 5.72205e-07
      vertex -10.71 6.31314 5.72205e-07
    endloop
  endfacet
  facet normal 0 0 -1
    outer loop
      vertex -10.5722 12.411 5.72205e-07
      vertex -10.7722 6.38902 5.72205e-07
      vertex -10.6393 12.3393 5.72205e-07
    endloop
  endfacet
  facet normal 0 0 -1
    outer loop
      vertex -10.8393 6.46066 5.72205e-07
      vertex -10.6393 12.3393 5.72205e-07
      vertex -10.7722 6.38902 5.72205e-07
    endloop
  endfacet
  facet normal 0 0 -1
    outer loop
      vertex -10.6393 12.3393 5.72205e-07
      vertex -10.8393 6.46066 5.72205e-07
      vertex -10.711 12.2722 5.72205e-07
    endloop
  endfacet
  facet normal 0 0 -1
    outer loop
      vertex -10.911 6.52776 5.72205e-07
      vertex -10.711 12.2722 5.72205e-07
      vertex -10.8393 6.46066 5.72205e-07
    endloop
  endfacet
  facet normal 0 0 -1
    outer loop
      vertex -10.711 12.2722 5.72205e-07
      vertex -10.911 6.52776 5.72205e-07
      vertex -10.7869 12.21 5.72205e-07
    endloop
  endfacet
  facet normal 0 0 -1
    outer loop
      vertex -10.9869 6.59003 5.72205e-07
      vertex -10.7869 12.21 5.72205e-07
      vertex -10.911 6.52776 5.72205e-07
    endloop
  endfacet
  facet normal 0 0 -1
    outer loop
      vertex -10.7869 12.21 5.72205e-07
      vertex -10.9869 6.59003 5.72205e-07
      vertex -10.8666 12.1528 5.72205e-07
    endloop
  endfacet
  facet normal 0 0 -1
    outer loop
      vertex -11.0666 6.6472 5.72205e-07
      vertex -10.8666 12.1528 5.72205e-07
      vertex -10.9869 6.59003 5.72205e-07
    endloop
  endfacet
  facet normal 0 0 -1
    outer loop
      vertex -10.8666 12.1528 5.72205e-07
      vertex -11.0666 6.6472 5.72205e-07
      vertex -10.95 12.101 5.72205e-07
    endloop
  endfacet
  facet normal 0 0 -1
    outer loop
      vertex -11.15 6.69904 5.72205e-07
      vertex -10.95 12.101 5.72205e-07
      vertex -11.0666 6.6472 5.72205e-07
    endloop
  endfacet
  facet normal 0 0 -1
    outer loop
      vertex -10.95 12.101 5.72205e-07
      vertex -11.15 6.69904 5.72205e-07
      vertex -11.0366 12.0547 5.72205e-07
    endloop
  endfacet
  facet normal 0 0 -1
    outer loop
      vertex -11.2366 6.74531 5.72205e-07
      vertex -11.0366 12.0547 5.72205e-07
      vertex -11.15 6.69904 5.72205e-07
    endloop
  endfacet
  facet normal 0 0 -1
    outer loop
      vertex -11.0366 12.0547 5.72205e-07
      vertex -11.2366 6.74531 5.72205e-07
      vertex -11.126 12.0142 5.72205e-07
    endloop
  endfacet
  facet normal 0 0 -1
    outer loop
      vertex -11.326 6.78582 5.72205e-07
      vertex -11.126 12.0142 5.72205e-07
      vertex -11.2366 6.74531 5.72205e-07
    endloop
  endfacet
  facet normal 0 0 -1
    outer loop
      vertex -11.126 12.0142 5.72205e-07
      vertex -11.326 6.78582 5.72205e-07
      vertex -11.2178 11.9796 5.72205e-07
    endloop
  endfacet
  facet normal 0 0 -1
    outer loop
      vertex -11.4178 6.82039 5.72205e-07
      vertex -11.2178 11.9796 5.72205e-07
      vertex -11.326 6.78582 5.72205e-07
    endloop
  endfacet
  facet normal 0 0 -1
    outer loop
      vertex -11.2178 11.9796 5.72205e-07
      vertex -11.4178 6.82039 5.72205e-07
      vertex -11.3118 11.9511 5.72205e-07
    endloop
  endfacet
  facet normal 0 0 -1
    outer loop
      vertex -11.5118 6.84889 5.72205e-07
      vertex -11.3118 11.9511 5.72205e-07
      vertex -11.4178 6.82039 5.72205e-07
    endloop
  endfacet
  facet normal 0 0 -1
    outer loop
      vertex -11.3118 11.9511 5.72205e-07
      vertex -11.5118 6.84889 5.72205e-07
      vertex -11.4074 11.9288 5.72205e-07
    endloop
  endfacet
  facet normal 0 0 -1
    outer loop
      vertex -11.6074 6.87118 5.72205e-07
      vertex -11.4074 11.9288 5.72205e-07
      vertex -11.5118 6.84889 5.72205e-07
    endloop
  endfacet
  facet normal 0 0 -1
    outer loop
      vertex -11.4074 11.9288 5.72205e-07
      vertex -11.6074 6.87118 5.72205e-07
      vertex -11.5042 11.9128 5.72205e-07
    endloop
  endfacet
  facet normal 0 0 -1
    outer loop
      vertex -11.7042 6.88717 5.72205e-07
      vertex -11.5042 11.9128 5.72205e-07
      vertex -11.6074 6.87118 5.72205e-07
    endloop
  endfacet
  facet normal 0 0 -1
    outer loop
      vertex -11.5042 11.9128 5.72205e-07
      vertex -11.7042 6.88717 5.72205e-07
      vertex -11.6019 11.9032 5.72205e-07
    endloop
  endfacet
  facet normal 0 0 -1
    outer loop
      vertex -11.8019 6.89679 5.72205e-07
      vertex -11.6019 11.9032 5.72205e-07
      vertex -11.7042 6.88717 5.72205e-07
    endloop
  endfacet
  facet normal 0 0 -1
    outer loop
      vertex -11.6019 11.9032 5.72205e-07
      vertex -11.8019 6.89679 5.72205e-07
      vertex -11.7 11.9 5.72205e-07
    endloop
  endfacet
  facet normal 0 0 -1
    outer loop
      vertex -11.9 6.9 5.72205e-07
      vertex -11.7 11.9 5.72205e-07
      vertex -11.8019 6.89679 5.72205e-07
    endloop
  endfacet
  facet normal -0 0 -1
    outer loop
      vertex -11.7 11.9 5.72205e-07
      vertex -11.9 6.9 5.72205e-07
      vertex -11.7981 11.9032 5.72205e-07
    endloop
  endfacet
  facet normal 0 0 -1
    outer loop
      vertex -11.9981 6.89679 5.72205e-07
      vertex -11.7981 11.9032 5.72205e-07
      vertex -11.9 6.9 5.72205e-07
    endloop
  endfacet
  facet normal -0 0 -1
    outer loop
      vertex -11.7981 11.9032 5.72205e-07
      vertex -11.9981 6.89679 5.72205e-07
      vertex -11.8958 11.9128 5.72205e-07
    endloop
  endfacet
  facet normal 0 0 -1
    outer loop
      vertex -12.0958 6.88717 5.72205e-07
      vertex -11.8958 11.9128 5.72205e-07
      vertex -11.9981 6.89679 5.72205e-07
    endloop
  endfacet
  facet normal -0 0 -1
    outer loop
      vertex -11.8958 11.9128 5.72205e-07
      vertex -12.0958 6.88717 5.72205e-07
      vertex -11.9926 11.9288 5.72205e-07
    endloop
  endfacet
  facet normal 0 0 -1
    outer loop
      vertex -12.1926 6.87118 5.72205e-07
      vertex -11.9926 11.9288 5.72205e-07
      vertex -12.0958 6.88717 5.72205e-07
    endloop
  endfacet
  facet normal -0 0 -1
    outer loop
      vertex -11.9926 11.9288 5.72205e-07
      vertex -12.1926 6.87118 5.72205e-07
      vertex -12.0882 11.9511 5.72205e-07
    endloop
  endfacet
  facet normal 0 0 -1
    outer loop
      vertex -12.2882 6.84889 5.72205e-07
      vertex -12.0882 11.9511 5.72205e-07
      vertex -12.1926 6.87118 5.72205e-07
    endloop
  endfacet
  facet normal -0 0 -1
    outer loop
      vertex -12.0882 11.9511 5.72205e-07
      vertex -12.2882 6.84889 5.72205e-07
      vertex -12.1822 11.9796 5.72205e-07
    endloop
  endfacet
  facet normal 0 0 -1
    outer loop
      vertex -12.3822 6.82039 5.72205e-07
      vertex -12.1822 11.9796 5.72205e-07
      vertex -12.2882 6.84889 5.72205e-07
    endloop
  endfacet
  facet normal -0 0 -1
    outer loop
      vertex -12.1822 11.9796 5.72205e-07
      vertex -12.3822 6.82039 5.72205e-07
      vertex -12.274 12.0142 5.72205e-07
    endloop
  endfacet
  facet normal 0 0 -1
    outer loop
      vertex -12.474 6.78582 5.72205e-07
      vertex -12.274 12.0142 5.72205e-07
      vertex -12.3822 6.82039 5.72205e-07
    endloop
  endfacet
  facet normal -0 0 -1
    outer loop
      vertex -12.274 12.0142 5.72205e-07
      vertex -12.474 6.78582 5.72205e-07
      vertex -12.3634 12.0547 5.72205e-07
    endloop
  endfacet
  facet normal 0 0 -1
    outer loop
      vertex -12.5634 6.74531 5.72205e-07
      vertex -12.3634 12.0547 5.72205e-07
      vertex -12.474 6.78582 5.72205e-07
    endloop
  endfacet
  facet normal -0 0 -1
    outer loop
      vertex -12.3634 12.0547 5.72205e-07
      vertex -12.5634 6.74531 5.72205e-07
      vertex -12.45 12.101 5.72205e-07
    endloop
  endfacet
  facet normal 0 0 -1
    outer loop
      vertex -12.65 6.69904 5.72205e-07
      vertex -12.45 12.101 5.72205e-07
      vertex -12.5634 6.74531 5.72205e-07
    endloop
  endfacet
  facet normal -0 0 -1
    outer loop
      vertex -12.45 12.101 5.72205e-07
      vertex -12.65 6.69904 5.72205e-07
      vertex -12.5334 12.1528 5.72205e-07
    endloop
  endfacet
  facet normal 0 0 -1
    outer loop
      vertex -12.7334 6.6472 5.72205e-07
      vertex -12.5334 12.1528 5.72205e-07
      vertex -12.65 6.69904 5.72205e-07
    endloop
  endfacet
  facet normal -0 0 -1
    outer loop
      vertex -12.5334 12.1528 5.72205e-07
      vertex -12.7334 6.6472 5.72205e-07
      vertex -12.6131 12.21 5.72205e-07
    endloop
  endfacet
  facet normal 0 0 -1
    outer loop
      vertex -12.8131 6.59003 5.72205e-07
      vertex -12.6131 12.21 5.72205e-07
      vertex -12.7334 6.6472 5.72205e-07
    endloop
  endfacet
  facet normal -0 0 -1
    outer loop
      vertex -12.6131 12.21 5.72205e-07
      vertex -12.8131 6.59003 5.72205e-07
      vertex -12.689 12.2722 5.72205e-07
    endloop
  endfacet
  facet normal 0 0 -1
    outer loop
      vertex -12.889 6.52776 5.72205e-07
      vertex -12.689 12.2722 5.72205e-07
      vertex -12.8131 6.59003 5.72205e-07
    endloop
  endfacet
  facet normal -0 0 -1
    outer loop
      vertex -12.689 12.2722 5.72205e-07
      vertex -12.889 6.52776 5.72205e-07
      vertex -12.7607 12.3393 5.72205e-07
    endloop
  endfacet
  facet normal 0 0 -1
    outer loop
      vertex -12.9607 6.46066 5.72205e-07
      vertex -12.7607 12.3393 5.72205e-07
      vertex -12.889 6.52776 5.72205e-07
    endloop
  endfacet
  facet normal -0 0 -1
    outer loop
      vertex -12.7607 12.3393 5.72205e-07
      vertex -12.9607 6.46066 5.72205e-07
      vertex -12.8278 12.411 5.72205e-07
    endloop
  endfacet
  facet normal 0 0 -1
    outer loop
      vertex -13.0278 6.38902 5.72205e-07
      vertex -12.8278 12.411 5.72205e-07
      vertex -12.9607 6.46066 5.72205e-07
    endloop
  endfacet
  facet normal -0 0 -1
    outer loop
      vertex -12.8278 12.411 5.72205e-07
      vertex -13.0278 6.38902 5.72205e-07
      vertex -12.89 12.4869 5.72205e-07
    endloop
  endfacet
  facet normal 0 0 -1
    outer loop
      vertex -13.09 6.31314 5.72205e-07
      vertex -12.89 12.4869 5.72205e-07
      vertex -13.0278 6.38902 5.72205e-07
    endloop
  endfacet
  facet normal -0 0 -1
    outer loop
      vertex -12.89 12.4869 5.72205e-07
      vertex -13.09 6.31314 5.72205e-07
      vertex -12.9472 12.5666 5.72205e-07
    endloop
  endfacet
  facet normal 0 0 -1
    outer loop
      vertex -13.1472 6.23335 5.72205e-07
      vertex -12.9472 12.5666 5.72205e-07
      vertex -13.09 6.31314 5.72205e-07
    endloop
  endfacet
  facet normal -0 0 -1
    outer loop
      vertex -12.9472 12.5666 5.72205e-07
      vertex -13.1472 6.23335 5.72205e-07
      vertex -12.999 12.65 5.72205e-07
    endloop
  endfacet
  facet normal 0 0 -1
    outer loop
      vertex -13.199 6.15 5.72205e-07
      vertex -12.999 12.65 5.72205e-07
      vertex -13.1472 6.23335 5.72205e-07
    endloop
  endfacet
  facet normal -0 0 -1
    outer loop
      vertex -12.999 12.65 5.72205e-07
      vertex -13.199 6.15 5.72205e-07
      vertex -13.0453 12.7366 5.72205e-07
    endloop
  endfacet
  facet normal 0 0 -1
    outer loop
      vertex -13.2453 6.06343 5.72205e-07
      vertex -13.0453 12.7366 5.72205e-07
      vertex -13.199 6.15 5.72205e-07
    endloop
  endfacet
  facet normal -0 0 -1
    outer loop
      vertex -13.0453 12.7366 5.72205e-07
      vertex -13.2453 6.06343 5.72205e-07
      vertex -13.0858 12.826 5.72205e-07
    endloop
  endfacet
  facet normal 0 0 -1
    outer loop
      vertex -13.2858 5.97402 5.72205e-07
      vertex -13.0858 12.826 5.72205e-07
      vertex -13.2453 6.06343 5.72205e-07
    endloop
  endfacet
  facet normal -0 0 -1
    outer loop
      vertex -13.0858 12.826 5.72205e-07
      vertex -13.2858 5.97402 5.72205e-07
      vertex -13.1204 12.9178 5.72205e-07
    endloop
  endfacet
  facet normal 0 0 -1
    outer loop
      vertex -13.3204 5.88216 5.72205e-07
      vertex -13.1204 12.9178 5.72205e-07
      vertex -13.2858 5.97402 5.72205e-07
    endloop
  endfacet
  facet normal -0 0 -1
    outer loop
      vertex -13.1204 12.9178 5.72205e-07
      vertex -13.3204 5.88216 5.72205e-07
      vertex -13.1489 13.0118 5.72205e-07
    endloop
  endfacet
  facet normal 0 0 -1
    outer loop
      vertex -13.3489 5.78823 5.72205e-07
      vertex -13.1489 13.0118 5.72205e-07
      vertex -13.3204 5.88216 5.72205e-07
    endloop
  endfacet
  facet normal -0 0 -1
    outer loop
      vertex -13.1489 13.0118 5.72205e-07
      vertex -13.3489 5.78823 5.72205e-07
      vertex -13.1712 13.1074 5.72205e-07
    endloop
  endfacet
  facet normal 0.0979949 0.995187 -0
    outer loop
      vertex 4.1442 31.4784 5.72205e-07
      vertex 2.07654 31.682 11.6
      vertex 4.1442 31.4784 11.6
    endloop
  endfacet
  facet normal 0.0979949 0.995187 0
    outer loop
      vertex 2.07654 31.682 11.6
      vertex 4.1442 31.4784 5.72205e-07
      vertex 2.07654 31.682 5.72205e-07
    endloop
  endfacet
  facet normal 0.162923 0.986639 -0
    outer loop
      vertex 6.19411 31.1399 5.72205e-07
      vertex 4.1442 31.4784 11.6
      vertex 6.19411 31.1399 11.6
    endloop
  endfacet
  facet normal 0.162923 0.986639 0
    outer loop
      vertex 4.1442 31.4784 11.6
      vertex 6.19411 31.1399 5.72205e-07
      vertex 4.1442 31.4784 5.72205e-07
    endloop
  endfacet
  facet normal 0.227082 0.973876 -0
    outer loop
      vertex 8.2175 30.6681 5.72205e-07
      vertex 6.19411 31.1399 11.6
      vertex 8.2175 30.6681 11.6
    endloop
  endfacet
  facet normal 0.227082 0.973876 0
    outer loop
      vertex 6.19411 31.1399 11.6
      vertex 8.2175 30.6681 5.72205e-07
      vertex 6.19411 31.1399 5.72205e-07
    endloop
  endfacet
  facet normal 0.290279 0.956942 -0
    outer loop
      vertex 10.2057 30.065 5.72205e-07
      vertex 8.2175 30.6681 11.6
      vertex 10.2057 30.065 11.6
    endloop
  endfacet
  facet normal 0.290279 0.956942 0
    outer loop
      vertex 8.2175 30.6681 11.6
      vertex 10.2057 30.065 5.72205e-07
      vertex 8.2175 30.6681 5.72205e-07
    endloop
  endfacet
  facet normal 0.352226 0.935915 -0
    outer loop
      vertex 12.1502 29.3332 5.72205e-07
      vertex 10.2057 30.065 11.6
      vertex 12.1502 29.3332 11.6
    endloop
  endfacet
  facet normal 0.352226 0.935915 0
    outer loop
      vertex 10.2057 30.065 11.6
      vertex 12.1502 29.3332 5.72205e-07
      vertex 10.2057 30.065 5.72205e-07
    endloop
  endfacet
  facet normal 0.412715 0.91086 -0
    outer loop
      vertex 14.0427 28.4757 5.72205e-07
      vertex 12.1502 29.3332 11.6
      vertex 14.0427 28.4757 11.6
    endloop
  endfacet
  facet normal 0.412715 0.91086 0
    outer loop
      vertex 12.1502 29.3332 11.6
      vertex 14.0427 28.4757 5.72205e-07
      vertex 12.1502 29.3332 5.72205e-07
    endloop
  endfacet
  facet normal 0.471402 0.881918 -0
    outer loop
      vertex 15.875 27.4963 5.72205e-07
      vertex 14.0427 28.4757 11.6
      vertex 15.875 27.4963 11.6
    endloop
  endfacet
  facet normal 0.471402 0.881918 0
    outer loop
      vertex 14.0427 28.4757 11.6
      vertex 15.875 27.4963 5.72205e-07
      vertex 14.0427 28.4757 5.72205e-07
    endloop
  endfacet
  facet normal 0.528064 0.849205 -0
    outer loop
      vertex 17.6393 26.3992 5.72205e-07
      vertex 15.875 27.4963 11.6
      vertex 17.6393 26.3992 11.6
    endloop
  endfacet
  facet normal 0.528064 0.849205 0
    outer loop
      vertex 15.875 27.4963 11.6
      vertex 17.6393 26.3992 5.72205e-07
      vertex 15.875 27.4963 5.72205e-07
    endloop
  endfacet
  facet normal 0.582462 0.812858 -0
    outer loop
      vertex 19.3282 25.189 5.72205e-07
      vertex 17.6393 26.3992 11.6
      vertex 19.3282 25.189 11.6
    endloop
  endfacet
  facet normal 0.582462 0.812858 0
    outer loop
      vertex 17.6393 26.3992 11.6
      vertex 19.3282 25.189 5.72205e-07
      vertex 17.6393 26.3992 5.72205e-07
    endloop
  endfacet
  facet normal 0.634419 0.772989 -0
    outer loop
      vertex 20.9342 23.8709 5.72205e-07
      vertex 19.3282 25.189 11.6
      vertex 20.9342 23.8709 11.6
    endloop
  endfacet
  facet normal 0.634419 0.772989 0
    outer loop
      vertex 19.3282 25.189 11.6
      vertex 20.9342 23.8709 5.72205e-07
      vertex 19.3282 25.189 5.72205e-07
    endloop
  endfacet
  facet normal 0.683602 0.729855 -0
    outer loop
      vertex 22.4506 22.4506 5.72205e-07
      vertex 20.9342 23.8709 11.6
      vertex 22.4506 22.4506 11.6
    endloop
  endfacet
  facet normal 0.683602 0.729855 0
    outer loop
      vertex 20.9342 23.8709 11.6
      vertex 22.4506 22.4506 5.72205e-07
      vertex 20.9342 23.8709 5.72205e-07
    endloop
  endfacet
  facet normal 0.729855 0.683602 0
    outer loop
      vertex 23.8709 20.9342 11.6
      vertex 22.4506 22.4506 5.72205e-07
      vertex 22.4506 22.4506 11.6
    endloop
  endfacet
  facet normal 0.729855 0.683602 0
    outer loop
      vertex 22.4506 22.4506 5.72205e-07
      vertex 23.8709 20.9342 11.6
      vertex 23.8709 20.9342 5.72205e-07
    endloop
  endfacet
  facet normal 0.772989 0.634419 0
    outer loop
      vertex 25.189 19.3282 11.6
      vertex 23.8709 20.9342 5.72205e-07
      vertex 23.8709 20.9342 11.6
    endloop
  endfacet
  facet normal 0.772989 0.634419 0
    outer loop
      vertex 23.8709 20.9342 5.72205e-07
      vertex 25.189 19.3282 11.6
      vertex 25.189 19.3282 5.72205e-07
    endloop
  endfacet
  facet normal 0.812858 0.582462 0
    outer loop
      vertex 26.3992 17.6393 11.6
      vertex 25.189 19.3282 5.72205e-07
      vertex 25.189 19.3282 11.6
    endloop
  endfacet
  facet normal 0.812858 0.582462 0
    outer loop
      vertex 25.189 19.3282 5.72205e-07
      vertex 26.3992 17.6393 11.6
      vertex 26.3992 17.6393 5.72205e-07
    endloop
  endfacet
  facet normal 0.849205 0.528064 0
    outer loop
      vertex 27.4963 15.875 11.6
      vertex 26.3992 17.6393 5.72205e-07
      vertex 26.3992 17.6393 11.6
    endloop
  endfacet
  facet normal 0.849205 0.528064 0
    outer loop
      vertex 26.3992 17.6393 5.72205e-07
      vertex 27.4963 15.875 11.6
      vertex 27.4963 15.875 5.72205e-07
    endloop
  endfacet
  facet normal 0.881918 0.471402 0
    outer loop
      vertex 28.4757 14.0427 11.6
      vertex 27.4963 15.875 5.72205e-07
      vertex 27.4963 15.875 11.6
    endloop
  endfacet
  facet normal 0.881918 0.471402 0
    outer loop
      vertex 27.4963 15.875 5.72205e-07
      vertex 28.4757 14.0427 11.6
      vertex 28.4757 14.0427 5.72205e-07
    endloop
  endfacet
  facet normal 0.91086 0.412715 0
    outer loop
      vertex 29.3332 12.1502 11.6
      vertex 28.4757 14.0427 5.72205e-07
      vertex 28.4757 14.0427 11.6
    endloop
  endfacet
  facet normal 0.91086 0.412715 0
    outer loop
      vertex 28.4757 14.0427 5.72205e-07
      vertex 29.3332 12.1502 11.6
      vertex 29.3332 12.1502 5.72205e-07
    endloop
  endfacet
  facet normal 0.935915 0.352226 0
    outer loop
      vertex 30.065 10.2057 11.6
      vertex 29.3332 12.1502 5.72205e-07
      vertex 29.3332 12.1502 11.6
    endloop
  endfacet
  facet normal 0.935915 0.352226 0
    outer loop
      vertex 29.3332 12.1502 5.72205e-07
      vertex 30.065 10.2057 11.6
      vertex 30.065 10.2057 5.72205e-07
    endloop
  endfacet
  facet normal 0.956942 0.290279 0
    outer loop
      vertex 30.6681 8.2175 11.6
      vertex 30.065 10.2057 5.72205e-07
      vertex 30.065 10.2057 11.6
    endloop
  endfacet
  facet normal 0.956942 0.290279 0
    outer loop
      vertex 30.065 10.2057 5.72205e-07
      vertex 30.6681 8.2175 11.6
      vertex 30.6681 8.2175 5.72205e-07
    endloop
  endfacet
  facet normal 0.973876 0.227082 0
    outer loop
      vertex 31.1399 6.19411 11.6
      vertex 30.6681 8.2175 5.72205e-07
      vertex 30.6681 8.2175 11.6
    endloop
  endfacet
  facet normal 0.973876 0.227082 0
    outer loop
      vertex 30.6681 8.2175 5.72205e-07
      vertex 31.1399 6.19411 11.6
      vertex 31.1399 6.19411 5.72205e-07
    endloop
  endfacet
  facet normal 0.986639 0.162923 0
    outer loop
      vertex 31.4784 4.1442 11.6
      vertex 31.1399 6.19411 5.72205e-07
      vertex 31.1399 6.19411 11.6
    endloop
  endfacet
  facet normal 0.986639 0.162923 0
    outer loop
      vertex 31.1399 6.19411 5.72205e-07
      vertex 31.4784 4.1442 11.6
      vertex 31.4784 4.1442 5.72205e-07
    endloop
  endfacet
  facet normal 0.995187 0.0979949 0
    outer loop
      vertex 31.682 2.07654 11.6
      vertex 31.4784 4.1442 5.72205e-07
      vertex 31.4784 4.1442 11.6
    endloop
  endfacet
  facet normal 0.995187 0.0979949 0
    outer loop
      vertex 31.4784 4.1442 5.72205e-07
      vertex 31.682 2.07654 11.6
      vertex 31.682 2.07654 5.72205e-07
    endloop
  endfacet
  facet normal 0.999464 0.0327292 0
    outer loop
      vertex 31.75 0 11.6
      vertex 31.682 2.07654 5.72205e-07
      vertex 31.682 2.07654 11.6
    endloop
  endfacet
  facet normal 0.999464 0.0327292 0
    outer loop
      vertex 31.682 2.07654 5.72205e-07
      vertex 31.75 0 11.6
      vertex 31.75 0 5.72205e-07
    endloop
  endfacet
  facet normal 0.999464 -0.0327292 0
    outer loop
      vertex 31.682 -2.07654 11.6
      vertex 31.75 0 5.72205e-07
      vertex 31.75 0 11.6
    endloop
  endfacet
  facet normal 0.999464 -0.0327292 0
    outer loop
      vertex 31.75 0 5.72205e-07
      vertex 31.682 -2.07654 11.6
      vertex 31.682 -2.07654 5.72205e-07
    endloop
  endfacet
  facet normal 0.995187 -0.0979949 0
    outer loop
      vertex 31.4784 -4.1442 11.6
      vertex 31.682 -2.07654 5.72205e-07
      vertex 31.682 -2.07654 11.6
    endloop
  endfacet
  facet normal 0.995187 -0.0979949 0
    outer loop
      vertex 31.682 -2.07654 5.72205e-07
      vertex 31.4784 -4.1442 11.6
      vertex 31.4784 -4.1442 5.72205e-07
    endloop
  endfacet
  facet normal 0.986639 -0.162923 0
    outer loop
      vertex 31.1399 -6.19411 11.6
      vertex 31.4784 -4.1442 5.72205e-07
      vertex 31.4784 -4.1442 11.6
    endloop
  endfacet
  facet normal 0.986639 -0.162923 0
    outer loop
      vertex 31.4784 -4.1442 5.72205e-07
      vertex 31.1399 -6.19411 11.6
      vertex 31.1399 -6.19411 5.72205e-07
    endloop
  endfacet
  facet normal 0.973876 -0.227082 0
    outer loop
      vertex 30.6681 -8.2175 11.6
      vertex 31.1399 -6.19411 5.72205e-07
      vertex 31.1399 -6.19411 11.6
    endloop
  endfacet
  facet normal 0.973876 -0.227082 0
    outer loop
      vertex 31.1399 -6.19411 5.72205e-07
      vertex 30.6681 -8.2175 11.6
      vertex 30.6681 -8.2175 5.72205e-07
    endloop
  endfacet
  facet normal 0.957015 -0.29004 0
    outer loop
      vertex 30.6431 -8.29999 11.6
      vertex 30.6681 -8.2175 5.72205e-07
      vertex 30.6681 -8.2175 11.6
    endloop
  endfacet
  facet normal 0.957015 -0.29004 0
    outer loop
      vertex 30.6681 -8.2175 5.72205e-07
      vertex 30.6431 -8.29999 11.6
      vertex 30.6431 -8.29999 5.72205e-07
    endloop
  endfacet
  facet normal 0 -1 0
    outer loop
      vertex 7.39999 -8.29999 5.72205e-07
      vertex 30.6431 -8.29999 11.6
      vertex 7.39999 -8.29999 11.6
    endloop
  endfacet
  facet normal 0 -1 -0
    outer loop
      vertex 30.6431 -8.29999 11.6
      vertex 7.39999 -8.29999 5.72205e-07
      vertex 30.6431 -8.29999 5.72205e-07
    endloop
  endfacet
  facet normal -0.816577 -0.577236 0
    outer loop
      vertex 7.39999 -8.29999 5.72205e-07
      vertex 3.29999 -2.5 11.6
      vertex 3.29999 -2.5 5.72205e-07
    endloop
  endfacet
  facet normal -0.816577 -0.577236 0
    outer loop
      vertex 3.29999 -2.5 11.6
      vertex 7.39999 -8.29999 5.72205e-07
      vertex 7.39999 -8.29999 11.6
    endloop
  endfacet
  facet normal 0 -1 0
    outer loop
      vertex -31.6403 -2.5 5.72205e-07
      vertex 3.29999 -2.5 11.6
      vertex -31.6403 -2.5 11.6
    endloop
  endfacet
  facet normal 0 -1 -0
    outer loop
      vertex 3.29999 -2.5 11.6
      vertex -31.6403 -2.5 5.72205e-07
      vertex 3.29999 -2.5 5.72205e-07
    endloop
  endfacet
  facet normal -0.995186 -0.0980005 0
    outer loop
      vertex -31.6403 -2.5 5.72205e-07
      vertex -31.682 -2.07654 11.6
      vertex -31.682 -2.07654 5.72205e-07
    endloop
  endfacet
  facet normal -0.995186 -0.0980005 0
    outer loop
      vertex -31.682 -2.07654 11.6
      vertex -31.6403 -2.5 5.72205e-07
      vertex -31.6403 -2.5 11.6
    endloop
  endfacet
  facet normal -0.999464 -0.0327292 0
    outer loop
      vertex -31.682 -2.07654 5.72205e-07
      vertex -31.75 0 11.6
      vertex -31.75 0 5.72205e-07
    endloop
  endfacet
  facet normal -0.999464 -0.0327292 0
    outer loop
      vertex -31.75 0 11.6
      vertex -31.682 -2.07654 5.72205e-07
      vertex -31.682 -2.07654 11.6
    endloop
  endfacet
  facet normal -0.999464 0.0327292 0
    outer loop
      vertex -31.75 0 5.72205e-07
      vertex -31.682 2.07654 11.6
      vertex -31.682 2.07654 5.72205e-07
    endloop
  endfacet
  facet normal -0.999464 0.0327292 0
    outer loop
      vertex -31.682 2.07654 11.6
      vertex -31.75 0 5.72205e-07
      vertex -31.75 0 11.6
    endloop
  endfacet
  facet normal -0.99519 0.0979629 0
    outer loop
      vertex -31.4784 4.1442 5.72205e-07
      vertex -31.5615 3.3 1.6
      vertex -31.4784 4.1442 1.6
    endloop
  endfacet
  facet normal -0.995187 0.0979949 1.70186e-05
    outer loop
      vertex -31.682 2.07654 5.72205e-07
      vertex -31.5615 3.3 1.6
      vertex -31.4784 4.1442 5.72205e-07
    endloop
  endfacet
  facet normal -0.995185 0.0980169 0
    outer loop
      vertex -31.682 2.07654 11.6
      vertex -31.5615 3.3 1.6
      vertex -31.682 2.07654 5.72205e-07
    endloop
  endfacet
  facet normal -0.995185 0.0980169 0
    outer loop
      vertex -31.5615 3.3 1.6
      vertex -31.682 2.07654 11.6
      vertex -31.5615 3.3 11.6
    endloop
  endfacet
  facet normal -0.986639 0.162923 0
    outer loop
      vertex -31.4784 4.1442 5.72205e-07
      vertex -31.1399 6.19411 1.6
      vertex -31.1399 6.19411 5.72205e-07
    endloop
  endfacet
  facet normal -0.986639 0.162923 0
    outer loop
      vertex -31.1399 6.19411 1.6
      vertex -31.4784 4.1442 5.72205e-07
      vertex -31.4784 4.1442 1.6
    endloop
  endfacet
  facet normal -0.973876 0.227082 0
    outer loop
      vertex -31.1399 6.19411 5.72205e-07
      vertex -30.6681 8.2175 1.6
      vertex -30.6681 8.2175 5.72205e-07
    endloop
  endfacet
  facet normal -0.973876 0.227082 0
    outer loop
      vertex -30.6681 8.2175 1.6
      vertex -31.1399 6.19411 5.72205e-07
      vertex -31.1399 6.19411 1.6
    endloop
  endfacet
  facet normal -0.956942 0.290279 0
    outer loop
      vertex -30.6681 8.2175 5.72205e-07
      vertex -30.065 10.2057 1.6
      vertex -30.065 10.2057 5.72205e-07
    endloop
  endfacet
  facet normal -0.956942 0.290279 0
    outer loop
      vertex -30.065 10.2057 1.6
      vertex -30.6681 8.2175 5.72205e-07
      vertex -30.6681 8.2175 1.6
    endloop
  endfacet
  facet normal -0.935915 0.352226 0
    outer loop
      vertex -30.065 10.2057 5.72205e-07
      vertex -29.3332 12.1502 1.6
      vertex -29.3332 12.1502 5.72205e-07
    endloop
  endfacet
  facet normal -0.935915 0.352226 0
    outer loop
      vertex -29.3332 12.1502 1.6
      vertex -30.065 10.2057 5.72205e-07
      vertex -30.065 10.2057 1.6
    endloop
  endfacet
  facet normal -0.91086 0.412715 0
    outer loop
      vertex -29.3332 12.1502 5.72205e-07
      vertex -28.4757 14.0427 1.6
      vertex -28.4757 14.0427 5.72205e-07
    endloop
  endfacet
  facet normal -0.91086 0.412715 0
    outer loop
      vertex -28.4757 14.0427 1.6
      vertex -29.3332 12.1502 5.72205e-07
      vertex -29.3332 12.1502 1.6
    endloop
  endfacet
  facet normal -0.881918 0.471402 0
    outer loop
      vertex -28.4757 14.0427 5.72205e-07
      vertex -27.4963 15.875 1.6
      vertex -27.4963 15.875 5.72205e-07
    endloop
  endfacet
  facet normal -0.881918 0.471402 0
    outer loop
      vertex -27.4963 15.875 1.6
      vertex -28.4757 14.0427 5.72205e-07
      vertex -28.4757 14.0427 1.6
    endloop
  endfacet
  facet normal -0.849211 0.528054 0
    outer loop
      vertex -26.3992 17.6393 5.72205e-07
      vertex -27.232 16.3 1.6
      vertex -26.3992 17.6393 11.6
    endloop
  endfacet
  facet normal -0.849205 0.528064 1.11277e-05
    outer loop
      vertex -27.4963 15.875 5.72205e-07
      vertex -27.232 16.3 1.6
      vertex -26.3992 17.6393 5.72205e-07
    endloop
  endfacet
  facet normal -0.849186 0.528094 0
    outer loop
      vertex -27.232 16.3 1.6
      vertex -27.4963 15.875 5.72205e-07
      vertex -27.4963 15.875 1.6
    endloop
  endfacet
  facet normal -0.849211 0.528054 0
    outer loop
      vertex -26.3992 17.6393 11.6
      vertex -27.232 16.3 1.6
      vertex -27.232 16.3 11.6
    endloop
  endfacet
  facet normal -0.812858 0.582462 0
    outer loop
      vertex -26.3992 17.6393 5.72205e-07
      vertex -25.189 19.3282 11.6
      vertex -25.189 19.3282 5.72205e-07
    endloop
  endfacet
  facet normal -0.812858 0.582462 0
    outer loop
      vertex -25.189 19.3282 11.6
      vertex -26.3992 17.6393 5.72205e-07
      vertex -26.3992 17.6393 11.6
    endloop
  endfacet
  facet normal -0.772989 0.634419 0
    outer loop
      vertex -25.189 19.3282 5.72205e-07
      vertex -23.8709 20.9342 11.6
      vertex -23.8709 20.9342 5.72205e-07
    endloop
  endfacet
  facet normal -0.772989 0.634419 0
    outer loop
      vertex -23.8709 20.9342 11.6
      vertex -25.189 19.3282 5.72205e-07
      vertex -25.189 19.3282 11.6
    endloop
  endfacet
  facet normal -0.729855 0.683602 0
    outer loop
      vertex -23.8709 20.9342 5.72205e-07
      vertex -22.4506 22.4506 11.6
      vertex -22.4506 22.4506 5.72205e-07
    endloop
  endfacet
  facet normal -0.729855 0.683602 0
    outer loop
      vertex -22.4506 22.4506 11.6
      vertex -23.8709 20.9342 5.72205e-07
      vertex -23.8709 20.9342 11.6
    endloop
  endfacet
  facet normal -0.683602 0.729855 0
    outer loop
      vertex -20.9342 23.8709 5.72205e-07
      vertex -22.4506 22.4506 11.6
      vertex -20.9342 23.8709 11.6
    endloop
  endfacet
  facet normal -0.683602 0.729855 0
    outer loop
      vertex -22.4506 22.4506 11.6
      vertex -20.9342 23.8709 5.72205e-07
      vertex -22.4506 22.4506 5.72205e-07
    endloop
  endfacet
  facet normal -0.634419 0.772989 0
    outer loop
      vertex -19.3282 25.189 5.72205e-07
      vertex -20.9342 23.8709 11.6
      vertex -19.3282 25.189 11.6
    endloop
  endfacet
  facet normal -0.634419 0.772989 0
    outer loop
      vertex -20.9342 23.8709 11.6
      vertex -19.3282 25.189 5.72205e-07
      vertex -20.9342 23.8709 5.72205e-07
    endloop
  endfacet
  facet normal -0.582462 0.812858 0
    outer loop
      vertex -17.6393 26.3992 5.72205e-07
      vertex -19.3282 25.189 11.6
      vertex -17.6393 26.3992 11.6
    endloop
  endfacet
  facet normal -0.582462 0.812858 0
    outer loop
      vertex -19.3282 25.189 11.6
      vertex -17.6393 26.3992 5.72205e-07
      vertex -19.3282 25.189 5.72205e-07
    endloop
  endfacet
  facet normal -0.528064 0.849205 0
    outer loop
      vertex -15.875 27.4963 5.72205e-07
      vertex -17.6393 26.3992 11.6
      vertex -15.875 27.4963 11.6
    endloop
  endfacet
  facet normal -0.528064 0.849205 0
    outer loop
      vertex -17.6393 26.3992 11.6
      vertex -15.875 27.4963 5.72205e-07
      vertex -17.6393 26.3992 5.72205e-07
    endloop
  endfacet
  facet normal -0.471402 0.881918 0
    outer loop
      vertex -14.0427 28.4757 5.72205e-07
      vertex -15.875 27.4963 11.6
      vertex -14.0427 28.4757 11.6
    endloop
  endfacet
  facet normal -0.471402 0.881918 0
    outer loop
      vertex -15.875 27.4963 11.6
      vertex -14.0427 28.4757 5.72205e-07
      vertex -15.875 27.4963 5.72205e-07
    endloop
  endfacet
  facet normal -0.412715 0.91086 0
    outer loop
      vertex -12.1502 29.3332 5.72205e-07
      vertex -14.0427 28.4757 11.6
      vertex -12.1502 29.3332 11.6
    endloop
  endfacet
  facet normal -0.412715 0.91086 0
    outer loop
      vertex -14.0427 28.4757 11.6
      vertex -12.1502 29.3332 5.72205e-07
      vertex -14.0427 28.4757 5.72205e-07
    endloop
  endfacet
  facet normal -0.352226 0.935915 0
    outer loop
      vertex -10.2057 30.065 5.72205e-07
      vertex -12.1502 29.3332 11.6
      vertex -10.2057 30.065 11.6
    endloop
  endfacet
  facet normal -0.352226 0.935915 0
    outer loop
      vertex -12.1502 29.3332 11.6
      vertex -10.2057 30.065 5.72205e-07
      vertex -12.1502 29.3332 5.72205e-07
    endloop
  endfacet
  facet normal -0.290279 0.956942 0
    outer loop
      vertex -8.2175 30.6681 5.72205e-07
      vertex -10.2057 30.065 11.6
      vertex -8.2175 30.6681 11.6
    endloop
  endfacet
  facet normal -0.290279 0.956942 0
    outer loop
      vertex -10.2057 30.065 11.6
      vertex -8.2175 30.6681 5.72205e-07
      vertex -10.2057 30.065 5.72205e-07
    endloop
  endfacet
  facet normal -0.227082 0.973876 0
    outer loop
      vertex -6.19411 31.1399 5.72205e-07
      vertex -8.2175 30.6681 11.6
      vertex -6.19411 31.1399 11.6
    endloop
  endfacet
  facet normal -0.227082 0.973876 0
    outer loop
      vertex -8.2175 30.6681 11.6
      vertex -6.19411 31.1399 5.72205e-07
      vertex -8.2175 30.6681 5.72205e-07
    endloop
  endfacet
  facet normal -0.162923 0.986639 0
    outer loop
      vertex -4.1442 31.4784 5.72205e-07
      vertex -6.19411 31.1399 11.6
      vertex -4.1442 31.4784 11.6
    endloop
  endfacet
  facet normal -0.162923 0.986639 0
    outer loop
      vertex -6.19411 31.1399 11.6
      vertex -4.1442 31.4784 5.72205e-07
      vertex -6.19411 31.1399 5.72205e-07
    endloop
  endfacet
  facet normal -0.0979949 0.995187 0
    outer loop
      vertex -2.07654 31.682 5.72205e-07
      vertex -4.1442 31.4784 11.6
      vertex -2.07654 31.682 11.6
    endloop
  endfacet
  facet normal -0.0979949 0.995187 0
    outer loop
      vertex -4.1442 31.4784 11.6
      vertex -2.07654 31.682 5.72205e-07
      vertex -4.1442 31.4784 5.72205e-07
    endloop
  endfacet
  facet normal -0.0327292 0.999464 0
    outer loop
      vertex 0 31.75 5.72205e-07
      vertex -2.07654 31.682 11.6
      vertex 0 31.75 11.6
    endloop
  endfacet
  facet normal -0.0327292 0.999464 0
    outer loop
      vertex -2.07654 31.682 11.6
      vertex 0 31.75 5.72205e-07
      vertex -2.07654 31.682 5.72205e-07
    endloop
  endfacet
  facet normal 0.0327292 0.999464 -0
    outer loop
      vertex 2.07654 31.682 5.72205e-07
      vertex 0 31.75 11.6
      vertex 2.07654 31.682 11.6
    endloop
  endfacet
  facet normal 0.0327292 0.999464 0
    outer loop
      vertex 0 31.75 11.6
      vertex 2.07654 31.682 5.72205e-07
      vertex 0 31.75 5.72205e-07
    endloop
  endfacet
  facet normal -0 0 1
    outer loop
      vertex -30.6681 8.2175 1.6
      vertex -22.2 4.3 1.6
      vertex -30.065 10.2057 1.6
    endloop
  endfacet
  facet normal 0 0 1
    outer loop
      vertex -22.2 4.3 1.6
      vertex -30.6681 8.2175 1.6
      vertex -29.9538 3.3 1.6
    endloop
  endfacet
  facet normal -0 0 1
    outer loop
      vertex -31.1399 6.19411 1.6
      vertex -29.9538 3.3 1.6
      vertex -30.6681 8.2175 1.6
    endloop
  endfacet
  facet normal -0 0 1
    outer loop
      vertex -31.4784 4.1442 1.6
      vertex -29.9538 3.3 1.6
      vertex -31.1399 6.19411 1.6
    endloop
  endfacet
  facet normal 0 0 1
    outer loop
      vertex -29.9538 3.3 1.6
      vertex -31.4784 4.1442 1.6
      vertex -31.5615 3.3 1.6
    endloop
  endfacet
  facet normal -0 0 1
    outer loop
      vertex -22.2 0.8 1.6
      vertex -21.2 0.6 1.6
      vertex -21.2 0.8 1.6
    endloop
  endfacet
  facet normal 0 0 1
    outer loop
      vertex -21.2 0.6 1.6
      vertex -22.2 0.8 1.6
      vertex -22.2 0.6 1.6
    endloop
  endfacet
  facet normal -0 0 1
    outer loop
      vertex -22.2 15.3 1.6
      vertex -21.2 4.3 1.6
      vertex -21.2 15.3 1.6
    endloop
  endfacet
  facet normal 0 0 1
    outer loop
      vertex -21.2 4.3 1.6
      vertex -22.2 15.3 1.6
      vertex -22.2 4.3 1.6
    endloop
  endfacet
  facet normal -0 0 1
    outer loop
      vertex -22.2 19 1.6
      vertex -21.2 18.8 1.6
      vertex -21.2 19 1.6
    endloop
  endfacet
  facet normal 0 0 1
    outer loop
      vertex -21.2 18.8 1.6
      vertex -22.2 19 1.6
      vertex -22.2 18.8 1.6
    endloop
  endfacet
  facet normal 0 0 1
    outer loop
      vertex -13.1968 13.4981 1.6
      vertex -18.4 17.5 1.6
      vertex -13.2 13.4 1.6
    endloop
  endfacet
  facet normal -0 0 1
    outer loop
      vertex -21.2 15.3 1.6
      vertex -13.2 13.4 1.6
      vertex -18.4 17.5 1.6
    endloop
  endfacet
  facet normal 0 0 1
    outer loop
      vertex -21.2 4.3 1.6
      vertex -13.2 13.4 1.6
      vertex -21.2 15.3 1.6
    endloop
  endfacet
  facet normal 0 0 1
    outer loop
      vertex -13.2 13.4 1.6
      vertex -21.2 4.3 1.6
      vertex -13.2858 5.97402 1.6
    endloop
  endfacet
  facet normal 0 0 1
    outer loop
      vertex -13.2858 5.97402 1.6
      vertex -21.2 4.3 1.6
      vertex -13.3204 5.88216 1.6
    endloop
  endfacet
  facet normal 0 0 1
    outer loop
      vertex -13.3204 5.88216 1.6
      vertex -21.2 4.3 1.6
      vertex -13.3489 5.78823 1.6
    endloop
  endfacet
  facet normal 0 0 1
    outer loop
      vertex -13.3489 5.78823 1.6
      vertex -21.2 4.3 1.6
      vertex -13.3712 5.69263 1.6
    endloop
  endfacet
  facet normal 0 0 1
    outer loop
      vertex -13.3712 5.69263 1.6
      vertex -21.2 4.3 1.6
      vertex -13.3872 5.59579 1.6
    endloop
  endfacet
  facet normal 0 0 1
    outer loop
      vertex -13.3872 5.59579 1.6
      vertex -21.2 4.3 1.6
      vertex -13.3968 5.4981 1.6
    endloop
  endfacet
  facet normal -0 0 1
    outer loop
      vertex -21.2 18.8 1.6
      vertex -18.4 17.5 1.6
      vertex -21 19 1.6
    endloop
  endfacet
  facet normal 0 0 1
    outer loop
      vertex -13.3968 5.4981 1.6
      vertex -21.2 4.3 1.6
      vertex -13.4 5.4 1.6
    endloop
  endfacet
  facet normal -0 0 1
    outer loop
      vertex -18.3536 23.919 1.6
      vertex -17.5 20 1.6
      vertex -16.75 25.0681 1.6
    endloop
  endfacet
  facet normal -0 0 1
    outer loop
      vertex -19.8787 22.6674 1.6
      vertex -17.5 20 1.6
      vertex -18.3536 23.919 1.6
    endloop
  endfacet
  facet normal 0 0 1
    outer loop
      vertex -19.8787 22.6674 1.6
      vertex -21 20 1.6
      vertex -17.5 20 1.6
    endloop
  endfacet
  facet normal 0 0 1
    outer loop
      vertex -21.2 19 1.6
      vertex -21 19 1.6
      vertex -21 20 1.6
    endloop
  endfacet
  facet normal 0 0 1
    outer loop
      vertex -13.4 5.4 1.6
      vertex -21.2 4.3 1.6
      vertex -17.5 0.6 1.6
    endloop
  endfacet
  facet normal 0 0 1
    outer loop
      vertex -21.2 19 1.6
      vertex -21 20 1.6
      vertex -21.2 20 1.6
    endloop
  endfacet
  facet normal -0 0 1
    outer loop
      vertex -21.3187 21.3187 1.6
      vertex -21 20 1.6
      vertex -19.8787 22.6674 1.6
    endloop
  endfacet
  facet normal 0 0 1
    outer loop
      vertex -21 20 1.6
      vertex -21.3187 21.3187 1.6
      vertex -21.2 20 1.6
    endloop
  endfacet
  facet normal 0 0 1
    outer loop
      vertex -21.3187 21.3187 1.6
      vertex -22.2 20 1.6
      vertex -21.2 20 1.6
    endloop
  endfacet
  facet normal -0 0 1
    outer loop
      vertex -22.6674 19.8787 1.6
      vertex -22.2 19 1.6
      vertex -22.2 20 1.6
    endloop
  endfacet
  facet normal 0 0 1
    outer loop
      vertex -23.919 18.3536 1.6
      vertex -22.2 19 1.6
      vertex -22.6674 19.8787 1.6
    endloop
  endfacet
  facet normal 0 0 1
    outer loop
      vertex -22.2 18.8 1.6
      vertex -23.919 18.3536 1.6
      vertex -22.2 15.3 1.6
    endloop
  endfacet
  facet normal -0 0 1
    outer loop
      vertex -25.0681 16.75 1.6
      vertex -22.2 15.3 1.6
      vertex -23.919 18.3536 1.6
    endloop
  endfacet
  facet normal 0 0 1
    outer loop
      vertex -28.4757 14.0427 1.6
      vertex -22.2 15.3 1.6
      vertex -25.3479 16.3 1.6
    endloop
  endfacet
  facet normal 0 0 1
    outer loop
      vertex -22.2 15.3 1.6
      vertex -29.3332 12.1502 1.6
      vertex -22.2 4.3 1.6
    endloop
  endfacet
  facet normal 0 0 1
    outer loop
      vertex -22.2 19 1.6
      vertex -23.919 18.3536 1.6
      vertex -22.2 18.8 1.6
    endloop
  endfacet
  facet normal 0 0 1
    outer loop
      vertex -22.6674 19.8787 1.6
      vertex -22.2 20 1.6
      vertex -21.3187 21.3187 1.6
    endloop
  endfacet
  facet normal 0 0 1
    outer loop
      vertex -10.5547 6.06343 1.6
      vertex -10.3547 12.7366 1.6
      vertex -10.401 12.65 1.6
    endloop
  endfacet
  facet normal 0 0 1
    outer loop
      vertex -10.3547 12.7366 1.6
      vertex -10.4032 5.4981 1.6
      vertex -10.4 5.4 1.6
    endloop
  endfacet
  facet normal 0 0 1
    outer loop
      vertex -10.3547 12.7366 1.6
      vertex -10.4128 5.59579 1.6
      vertex -10.4032 5.4981 1.6
    endloop
  endfacet
  facet normal 0 0 1
    outer loop
      vertex -10.3547 12.7366 1.6
      vertex -10.4288 5.69263 1.6
      vertex -10.4128 5.59579 1.6
    endloop
  endfacet
  facet normal 0 0 1
    outer loop
      vertex -10.3547 12.7366 1.6
      vertex -10.4511 5.78823 1.6
      vertex -10.4288 5.69263 1.6
    endloop
  endfacet
  facet normal 0 0 1
    outer loop
      vertex -10.601 6.15 1.6
      vertex -10.401 12.65 1.6
      vertex -10.4528 12.5666 1.6
    endloop
  endfacet
  facet normal 0 0 1
    outer loop
      vertex -10.3547 12.7366 1.6
      vertex -10.4796 5.88216 1.6
      vertex -10.4511 5.78823 1.6
    endloop
  endfacet
  facet normal 0 0 1
    outer loop
      vertex -10.6528 6.23335 1.6
      vertex -10.4528 12.5666 1.6
      vertex -10.51 12.4869 1.6
    endloop
  endfacet
  facet normal 0 0 1
    outer loop
      vertex -10.3547 12.7366 1.6
      vertex -10.5142 5.97402 1.6
      vertex -10.4796 5.88216 1.6
    endloop
  endfacet
  facet normal 0 0 1
    outer loop
      vertex -10.3547 12.7366 1.6
      vertex -10.5547 6.06343 1.6
      vertex -10.5142 5.97402 1.6
    endloop
  endfacet
  facet normal 0 0 1
    outer loop
      vertex -10.71 6.31314 1.6
      vertex -10.51 12.4869 1.6
      vertex -10.5722 12.411 1.6
    endloop
  endfacet
  facet normal 0 0 1
    outer loop
      vertex -10.401 12.65 1.6
      vertex -10.601 6.15 1.6
      vertex -10.5547 6.06343 1.6
    endloop
  endfacet
  facet normal 0 0 1
    outer loop
      vertex -10.7722 6.38902 1.6
      vertex -10.5722 12.411 1.6
      vertex -10.6393 12.3393 1.6
    endloop
  endfacet
  facet normal 0 0 1
    outer loop
      vertex -10.4528 12.5666 1.6
      vertex -10.6528 6.23335 1.6
      vertex -10.601 6.15 1.6
    endloop
  endfacet
  facet normal 0 0 1
    outer loop
      vertex -10.51 12.4869 1.6
      vertex -10.71 6.31314 1.6
      vertex -10.6528 6.23335 1.6
    endloop
  endfacet
  facet normal 0 0 1
    outer loop
      vertex -10.8393 6.46066 1.6
      vertex -10.6393 12.3393 1.6
      vertex -10.711 12.2722 1.6
    endloop
  endfacet
  facet normal 0 0 1
    outer loop
      vertex -10.5722 12.411 1.6
      vertex -10.7722 6.38902 1.6
      vertex -10.71 6.31314 1.6
    endloop
  endfacet
  facet normal 0 0 1
    outer loop
      vertex -10.911 6.52776 1.6
      vertex -10.711 12.2722 1.6
      vertex -10.7869 12.21 1.6
    endloop
  endfacet
  facet normal 0 0 1
    outer loop
      vertex -10.6393 12.3393 1.6
      vertex -10.8393 6.46066 1.6
      vertex -10.7722 6.38902 1.6
    endloop
  endfacet
  facet normal 0 0 1
    outer loop
      vertex -10.9869 6.59003 1.6
      vertex -10.7869 12.21 1.6
      vertex -10.8666 12.1528 1.6
    endloop
  endfacet
  facet normal 0 0 1
    outer loop
      vertex -10.711 12.2722 1.6
      vertex -10.911 6.52776 1.6
      vertex -10.8393 6.46066 1.6
    endloop
  endfacet
  facet normal 0 0 1
    outer loop
      vertex -11.0666 6.6472 1.6
      vertex -10.8666 12.1528 1.6
      vertex -10.95 12.101 1.6
    endloop
  endfacet
  facet normal 0 0 1
    outer loop
      vertex -10.7869 12.21 1.6
      vertex -10.9869 6.59003 1.6
      vertex -10.911 6.52776 1.6
    endloop
  endfacet
  facet normal 0 0 1
    outer loop
      vertex -11.15 6.69904 1.6
      vertex -10.95 12.101 1.6
      vertex -11.0366 12.0547 1.6
    endloop
  endfacet
  facet normal 0 0 1
    outer loop
      vertex -10.8666 12.1528 1.6
      vertex -11.0666 6.6472 1.6
      vertex -10.9869 6.59003 1.6
    endloop
  endfacet
  facet normal 0 0 1
    outer loop
      vertex -11.2366 6.74531 1.6
      vertex -11.0366 12.0547 1.6
      vertex -11.126 12.0142 1.6
    endloop
  endfacet
  facet normal 0 0 1
    outer loop
      vertex -10.95 12.101 1.6
      vertex -11.15 6.69904 1.6
      vertex -11.0666 6.6472 1.6
    endloop
  endfacet
  facet normal 0 0 1
    outer loop
      vertex -11.326 6.78582 1.6
      vertex -11.126 12.0142 1.6
      vertex -11.2178 11.9796 1.6
    endloop
  endfacet
  facet normal 0 0 1
    outer loop
      vertex -11.0366 12.0547 1.6
      vertex -11.2366 6.74531 1.6
      vertex -11.15 6.69904 1.6
    endloop
  endfacet
  facet normal 0 0 1
    outer loop
      vertex -11.4178 6.82039 1.6
      vertex -11.2178 11.9796 1.6
      vertex -11.3118 11.9511 1.6
    endloop
  endfacet
  facet normal 0 0 1
    outer loop
      vertex -11.126 12.0142 1.6
      vertex -11.326 6.78582 1.6
      vertex -11.2366 6.74531 1.6
    endloop
  endfacet
  facet normal 0 0 1
    outer loop
      vertex -11.5118 6.84889 1.6
      vertex -11.3118 11.9511 1.6
      vertex -11.4074 11.9288 1.6
    endloop
  endfacet
  facet normal 0 0 1
    outer loop
      vertex -11.2178 11.9796 1.6
      vertex -11.4178 6.82039 1.6
      vertex -11.326 6.78582 1.6
    endloop
  endfacet
  facet normal 0 0 1
    outer loop
      vertex -11.6074 6.87118 1.6
      vertex -11.4074 11.9288 1.6
      vertex -11.5042 11.9128 1.6
    endloop
  endfacet
  facet normal 0 0 1
    outer loop
      vertex -11.3118 11.9511 1.6
      vertex -11.5118 6.84889 1.6
      vertex -11.4178 6.82039 1.6
    endloop
  endfacet
  facet normal 0 0 1
    outer loop
      vertex -11.7042 6.88717 1.6
      vertex -11.5042 11.9128 1.6
      vertex -11.6019 11.9032 1.6
    endloop
  endfacet
  facet normal 0 0 1
    outer loop
      vertex -11.4074 11.9288 1.6
      vertex -11.6074 6.87118 1.6
      vertex -11.5118 6.84889 1.6
    endloop
  endfacet
  facet normal 0 0 1
    outer loop
      vertex -11.8019 6.89679 1.6
      vertex -11.6019 11.9032 1.6
      vertex -11.7 11.9 1.6
    endloop
  endfacet
  facet normal 0 0 1
    outer loop
      vertex -11.5042 11.9128 1.6
      vertex -11.7042 6.88717 1.6
      vertex -11.6074 6.87118 1.6
    endloop
  endfacet
  facet normal 0 0 1
    outer loop
      vertex -11.9 6.9 1.6
      vertex -11.7 11.9 1.6
      vertex -11.7981 11.9032 1.6
    endloop
  endfacet
  facet normal 0 0 1
    outer loop
      vertex -11.6019 11.9032 1.6
      vertex -11.8019 6.89679 1.6
      vertex -11.7042 6.88717 1.6
    endloop
  endfacet
  facet normal 0 0 1
    outer loop
      vertex -11.9981 6.89679 1.6
      vertex -11.7981 11.9032 1.6
      vertex -11.8958 11.9128 1.6
    endloop
  endfacet
  facet normal 0 0 1
    outer loop
      vertex -11.7 11.9 1.6
      vertex -11.9 6.9 1.6
      vertex -11.8019 6.89679 1.6
    endloop
  endfacet
  facet normal 0 0 1
    outer loop
      vertex -12.0958 6.88717 1.6
      vertex -11.8958 11.9128 1.6
      vertex -11.9926 11.9288 1.6
    endloop
  endfacet
  facet normal 0 0 1
    outer loop
      vertex -11.7981 11.9032 1.6
      vertex -11.9981 6.89679 1.6
      vertex -11.9 6.9 1.6
    endloop
  endfacet
  facet normal 0 0 1
    outer loop
      vertex -12.1926 6.87118 1.6
      vertex -11.9926 11.9288 1.6
      vertex -12.0882 11.9511 1.6
    endloop
  endfacet
  facet normal 0 0 1
    outer loop
      vertex -11.8958 11.9128 1.6
      vertex -12.0958 6.88717 1.6
      vertex -11.9981 6.89679 1.6
    endloop
  endfacet
  facet normal 0 0 1
    outer loop
      vertex -12.2882 6.84889 1.6
      vertex -12.0882 11.9511 1.6
      vertex -12.1822 11.9796 1.6
    endloop
  endfacet
  facet normal 0 0 1
    outer loop
      vertex -11.9926 11.9288 1.6
      vertex -12.1926 6.87118 1.6
      vertex -12.0958 6.88717 1.6
    endloop
  endfacet
  facet normal 0 0 1
    outer loop
      vertex -12.3822 6.82039 1.6
      vertex -12.1822 11.9796 1.6
      vertex -12.274 12.0142 1.6
    endloop
  endfacet
  facet normal 0 0 1
    outer loop
      vertex -12.0882 11.9511 1.6
      vertex -12.2882 6.84889 1.6
      vertex -12.1926 6.87118 1.6
    endloop
  endfacet
  facet normal 0 0 1
    outer loop
      vertex -12.474 6.78582 1.6
      vertex -12.274 12.0142 1.6
      vertex -12.3634 12.0547 1.6
    endloop
  endfacet
  facet normal 0 0 1
    outer loop
      vertex -12.1822 11.9796 1.6
      vertex -12.3822 6.82039 1.6
      vertex -12.2882 6.84889 1.6
    endloop
  endfacet
  facet normal 0 0 1
    outer loop
      vertex -12.5634 6.74531 1.6
      vertex -12.3634 12.0547 1.6
      vertex -12.45 12.101 1.6
    endloop
  endfacet
  facet normal 0 0 1
    outer loop
      vertex -12.274 12.0142 1.6
      vertex -12.474 6.78582 1.6
      vertex -12.3822 6.82039 1.6
    endloop
  endfacet
  facet normal 0 0 1
    outer loop
      vertex -12.65 6.69904 1.6
      vertex -12.45 12.101 1.6
      vertex -12.5334 12.1528 1.6
    endloop
  endfacet
  facet normal 0 0 1
    outer loop
      vertex -12.3634 12.0547 1.6
      vertex -12.5634 6.74531 1.6
      vertex -12.474 6.78582 1.6
    endloop
  endfacet
  facet normal 0 0 1
    outer loop
      vertex -12.7334 6.6472 1.6
      vertex -12.5334 12.1528 1.6
      vertex -12.6131 12.21 1.6
    endloop
  endfacet
  facet normal 0 0 1
    outer loop
      vertex -12.45 12.101 1.6
      vertex -12.65 6.69904 1.6
      vertex -12.5634 6.74531 1.6
    endloop
  endfacet
  facet normal 0 0 1
    outer loop
      vertex -12.8131 6.59003 1.6
      vertex -12.6131 12.21 1.6
      vertex -12.689 12.2722 1.6
    endloop
  endfacet
  facet normal 0 0 1
    outer loop
      vertex -12.5334 12.1528 1.6
      vertex -12.7334 6.6472 1.6
      vertex -12.65 6.69904 1.6
    endloop
  endfacet
  facet normal 0 0 1
    outer loop
      vertex -12.889 6.52776 1.6
      vertex -12.689 12.2722 1.6
      vertex -12.7607 12.3393 1.6
    endloop
  endfacet
  facet normal 0 0 1
    outer loop
      vertex -12.6131 12.21 1.6
      vertex -12.8131 6.59003 1.6
      vertex -12.7334 6.6472 1.6
    endloop
  endfacet
  facet normal 0 0 1
    outer loop
      vertex -12.9607 6.46066 1.6
      vertex -12.7607 12.3393 1.6
      vertex -12.8278 12.411 1.6
    endloop
  endfacet
  facet normal 0 0 1
    outer loop
      vertex -12.689 12.2722 1.6
      vertex -12.889 6.52776 1.6
      vertex -12.8131 6.59003 1.6
    endloop
  endfacet
  facet normal 0 0 1
    outer loop
      vertex -13.0278 6.38902 1.6
      vertex -12.8278 12.411 1.6
      vertex -12.89 12.4869 1.6
    endloop
  endfacet
  facet normal 0 0 1
    outer loop
      vertex -13.09 6.31314 1.6
      vertex -12.89 12.4869 1.6
      vertex -12.9472 12.5666 1.6
    endloop
  endfacet
  facet normal 0 0 1
    outer loop
      vertex -12.7607 12.3393 1.6
      vertex -12.9607 6.46066 1.6
      vertex -12.889 6.52776 1.6
    endloop
  endfacet
  facet normal 0 0 1
    outer loop
      vertex -13.1472 6.23335 1.6
      vertex -12.9472 12.5666 1.6
      vertex -12.999 12.65 1.6
    endloop
  endfacet
  facet normal 0 0 1
    outer loop
      vertex -12.8278 12.411 1.6
      vertex -13.0278 6.38902 1.6
      vertex -12.9607 6.46066 1.6
    endloop
  endfacet
  facet normal 0 0 1
    outer loop
      vertex -13.199 6.15 1.6
      vertex -12.999 12.65 1.6
      vertex -13.0453 12.7366 1.6
    endloop
  endfacet
  facet normal 0 0 1
    outer loop
      vertex -13.2453 6.06343 1.6
      vertex -13.0453 12.7366 1.6
      vertex -13.0858 12.826 1.6
    endloop
  endfacet
  facet normal 0 0 1
    outer loop
      vertex -12.89 12.4869 1.6
      vertex -13.09 6.31314 1.6
      vertex -13.0278 6.38902 1.6
    endloop
  endfacet
  facet normal 0 0 1
    outer loop
      vertex -13.2858 5.97402 1.6
      vertex -13.0858 12.826 1.6
      vertex -13.1204 12.9178 1.6
    endloop
  endfacet
  facet normal 0 0 1
    outer loop
      vertex -12.9472 12.5666 1.6
      vertex -13.1472 6.23335 1.6
      vertex -13.09 6.31314 1.6
    endloop
  endfacet
  facet normal 0 0 1
    outer loop
      vertex -13.2858 5.97402 1.6
      vertex -13.1204 12.9178 1.6
      vertex -13.1489 13.0118 1.6
    endloop
  endfacet
  facet normal 0 0 1
    outer loop
      vertex -13.2858 5.97402 1.6
      vertex -13.1489 13.0118 1.6
      vertex -13.1712 13.1074 1.6
    endloop
  endfacet
  facet normal 0 0 1
    outer loop
      vertex -13.2858 5.97402 1.6
      vertex -13.1712 13.1074 1.6
      vertex -13.1872 13.2042 1.6
    endloop
  endfacet
  facet normal 0 0 1
    outer loop
      vertex -13.2858 5.97402 1.6
      vertex -13.1872 13.2042 1.6
      vertex -13.1968 13.3019 1.6
    endloop
  endfacet
  facet normal 0 0 1
    outer loop
      vertex -12.999 12.65 1.6
      vertex -13.199 6.15 1.6
      vertex -13.1472 6.23335 1.6
    endloop
  endfacet
  facet normal 0 0 1
    outer loop
      vertex -13.2858 5.97402 1.6
      vertex -13.1968 13.3019 1.6
      vertex -13.2 13.4 1.6
    endloop
  endfacet
  facet normal 0 0 1
    outer loop
      vertex -13.0453 12.7366 1.6
      vertex -13.2453 6.06343 1.6
      vertex -13.199 6.15 1.6
    endloop
  endfacet
  facet normal 0 0 1
    outer loop
      vertex 0 30.1492 1.6
      vertex -4.25589 25.6799 1.6
      vertex -4.25 25.5 1.6
    endloop
  endfacet
  facet normal 0 0 1
    outer loop
      vertex -1.97166 30.0846 1.6
      vertex -4.27353 25.8589 1.6
      vertex -4.25589 25.6799 1.6
    endloop
  endfacet
  facet normal 0 0 1
    outer loop
      vertex -1.97166 30.0846 1.6
      vertex -4.30284 26.0365 1.6
      vertex -4.27353 25.8589 1.6
    endloop
  endfacet
  facet normal 0 0 1
    outer loop
      vertex -1.97166 30.0846 1.6
      vertex -4.3437 26.2118 1.6
      vertex -4.30284 26.0365 1.6
    endloop
  endfacet
  facet normal 0 0 1
    outer loop
      vertex -1.97166 30.0846 1.6
      vertex -4.39594 26.384 1.6
      vertex -4.3437 26.2118 1.6
    endloop
  endfacet
  facet normal 0 0 1
    outer loop
      vertex -1.97166 30.0846 1.6
      vertex -4.45933 26.5524 1.6
      vertex -4.39594 26.384 1.6
    endloop
  endfacet
  facet normal 0 0 1
    outer loop
      vertex -1.97166 30.0846 1.6
      vertex -4.5336 26.7163 1.6
      vertex -4.45933 26.5524 1.6
    endloop
  endfacet
  facet normal 0 0 1
    outer loop
      vertex -1.97166 30.0846 1.6
      vertex -4.61843 26.875 1.6
      vertex -4.5336 26.7163 1.6
    endloop
  endfacet
  facet normal 0 0 1
    outer loop
      vertex -3.93532 29.8912 1.6
      vertex -4.71346 27.0278 1.6
      vertex -4.61843 26.875 1.6
    endloop
  endfacet
  facet normal 0 0 1
    outer loop
      vertex -3.93532 29.8912 1.6
      vertex -4.81828 27.1741 1.6
      vertex -4.71346 27.0278 1.6
    endloop
  endfacet
  facet normal 0 0 1
    outer loop
      vertex -3.93532 29.8912 1.6
      vertex -4.93244 27.3132 1.6
      vertex -4.81828 27.1741 1.6
    endloop
  endfacet
  facet normal 0 0 1
    outer loop
      vertex -3.93532 29.8912 1.6
      vertex -5.05546 27.4445 1.6
      vertex -4.93244 27.3132 1.6
    endloop
  endfacet
  facet normal 0 0 1
    outer loop
      vertex -3.93532 29.8912 1.6
      vertex -5.1868 27.5676 1.6
      vertex -5.05546 27.4445 1.6
    endloop
  endfacet
  facet normal 0 0 1
    outer loop
      vertex -3.93532 29.8912 1.6
      vertex -5.32591 27.6817 1.6
      vertex -5.1868 27.5676 1.6
    endloop
  endfacet
  facet normal 0 0 1
    outer loop
      vertex -3.93532 29.8912 1.6
      vertex -5.47218 27.7865 1.6
      vertex -5.32591 27.6817 1.6
    endloop
  endfacet
  facet normal -0 0 1
    outer loop
      vertex -5.88187 29.5698 1.6
      vertex -5.47218 27.7865 1.6
      vertex -3.93532 29.8912 1.6
    endloop
  endfacet
  facet normal 0 0 1
    outer loop
      vertex -5.47218 27.7865 1.6
      vertex -5.88187 29.5698 1.6
      vertex -5.625 27.8816 1.6
    endloop
  endfacet
  facet normal 0 0 1
    outer loop
      vertex -5.625 27.8816 1.6
      vertex -5.88187 29.5698 1.6
      vertex -5.78371 27.9664 1.6
    endloop
  endfacet
  facet normal 0 0 1
    outer loop
      vertex -5.88187 29.5698 1.6
      vertex -5.94762 28.0407 1.6
      vertex -5.78371 27.9664 1.6
    endloop
  endfacet
  facet normal 0 0 1
    outer loop
      vertex -5.88187 29.5698 1.6
      vertex -6.11604 28.1041 1.6
      vertex -5.94762 28.0407 1.6
    endloop
  endfacet
  facet normal 0 0 1
    outer loop
      vertex -5.88187 29.5698 1.6
      vertex -6.28825 28.1563 1.6
      vertex -6.11604 28.1041 1.6
    endloop
  endfacet
  facet normal 0 0 1
    outer loop
      vertex -5.88187 29.5698 1.6
      vertex -6.4635 28.1972 1.6
      vertex -6.28825 28.1563 1.6
    endloop
  endfacet
  facet normal 0 0 1
    outer loop
      vertex -5.88187 29.5698 1.6
      vertex -6.64105 28.2265 1.6
      vertex -6.4635 28.1972 1.6
    endloop
  endfacet
  facet normal 0 0 1
    outer loop
      vertex -5.88187 29.5698 1.6
      vertex -6.82014 28.2441 1.6
      vertex -6.64105 28.2265 1.6
    endloop
  endfacet
  facet normal -0 0 1
    outer loop
      vertex -7.80316 29.1218 1.6
      vertex -6.82014 28.2441 1.6
      vertex -5.88187 29.5698 1.6
    endloop
  endfacet
  facet normal 0 0 1
    outer loop
      vertex -6.82014 28.2441 1.6
      vertex -7.80316 29.1218 1.6
      vertex -7 28.25 1.6
    endloop
  endfacet
  facet normal 0 0 1
    outer loop
      vertex -7 28.25 1.6
      vertex -7.80316 29.1218 1.6
      vertex -7.17986 28.2441 1.6
    endloop
  endfacet
  facet normal 0 0 1
    outer loop
      vertex -7.17986 28.2441 1.6
      vertex -7.80316 29.1218 1.6
      vertex -7.35895 28.2265 1.6
    endloop
  endfacet
  facet normal 0 0 1
    outer loop
      vertex -7.35895 28.2265 1.6
      vertex -7.80316 29.1218 1.6
      vertex -7.5365 28.1972 1.6
    endloop
  endfacet
  facet normal 0 0 1
    outer loop
      vertex -7.5365 28.1972 1.6
      vertex -7.80316 29.1218 1.6
      vertex -7.71175 28.1563 1.6
    endloop
  endfacet
  facet normal 0 0 1
    outer loop
      vertex -7.80316 29.1218 1.6
      vertex -7.88396 28.1041 1.6
      vertex -7.71175 28.1563 1.6
    endloop
  endfacet
  facet normal 0 0 1
    outer loop
      vertex -7.80316 29.1218 1.6
      vertex -8.05238 28.0407 1.6
      vertex -7.88396 28.1041 1.6
    endloop
  endfacet
  facet normal 0 0 1
    outer loop
      vertex -7.80316 29.1218 1.6
      vertex -8.21629 27.9664 1.6
      vertex -8.05238 28.0407 1.6
    endloop
  endfacet
  facet normal -0 0 1
    outer loop
      vertex -9.69101 28.5491 1.6
      vertex -8.21629 27.9664 1.6
      vertex -7.80316 29.1218 1.6
    endloop
  endfacet
  facet normal 0 0 1
    outer loop
      vertex -8.21629 27.9664 1.6
      vertex -9.69101 28.5491 1.6
      vertex -8.375 27.8816 1.6
    endloop
  endfacet
  facet normal 0 0 1
    outer loop
      vertex -8.375 27.8816 1.6
      vertex -9.69101 28.5491 1.6
      vertex -8.52782 27.7865 1.6
    endloop
  endfacet
  facet normal 0 0 1
    outer loop
      vertex -8.52782 27.7865 1.6
      vertex -9.69101 28.5491 1.6
      vertex -8.67409 27.6817 1.6
    endloop
  endfacet
  facet normal 0 0 1
    outer loop
      vertex -8.67409 27.6817 1.6
      vertex -9.69101 28.5491 1.6
      vertex -8.8132 27.5676 1.6
    endloop
  endfacet
  facet normal 0 0 1
    outer loop
      vertex -8.8132 27.5676 1.6
      vertex -9.69101 28.5491 1.6
      vertex -8.94454 27.4445 1.6
    endloop
  endfacet
  facet normal 0 0 1
    outer loop
      vertex -8.94454 27.4445 1.6
      vertex -9.69101 28.5491 1.6
      vertex -9.06756 27.3132 1.6
    endloop
  endfacet
  facet normal 0 0 1
    outer loop
      vertex -9.06756 27.3132 1.6
      vertex -9.69101 28.5491 1.6
      vertex -9.18172 27.1741 1.6
    endloop
  endfacet
  facet normal 0 0 1
    outer loop
      vertex -9.18172 27.1741 1.6
      vertex -9.69101 28.5491 1.6
      vertex -9.28654 27.0278 1.6
    endloop
  endfacet
  facet normal 0 0 1
    outer loop
      vertex -9.69101 28.5491 1.6
      vertex -9.38157 26.875 1.6
      vertex -9.28654 27.0278 1.6
    endloop
  endfacet
  facet normal -0 0 1
    outer loop
      vertex -11.5376 27.8541 1.6
      vertex -9.38157 26.875 1.6
      vertex -9.69101 28.5491 1.6
    endloop
  endfacet
  facet normal 0 0 1
    outer loop
      vertex -9.38157 26.875 1.6
      vertex -11.5376 27.8541 1.6
      vertex -9.4664 26.7163 1.6
    endloop
  endfacet
  facet normal 0 0 1
    outer loop
      vertex -9.4664 26.7163 1.6
      vertex -11.5376 27.8541 1.6
      vertex -9.54067 26.5524 1.6
    endloop
  endfacet
  facet normal 0 0 1
    outer loop
      vertex -9.54067 26.5524 1.6
      vertex -11.5376 27.8541 1.6
      vertex -9.60406 26.384 1.6
    endloop
  endfacet
  facet normal 0 0 1
    outer loop
      vertex -9.60406 26.384 1.6
      vertex -11.5376 27.8541 1.6
      vertex -9.6563 26.2118 1.6
    endloop
  endfacet
  facet normal 0 0 1
    outer loop
      vertex -9.6563 26.2118 1.6
      vertex -11.5376 27.8541 1.6
      vertex -9.69716 26.0365 1.6
    endloop
  endfacet
  facet normal 0 0 1
    outer loop
      vertex -9.69716 26.0365 1.6
      vertex -11.5376 27.8541 1.6
      vertex -9.72647 25.8589 1.6
    endloop
  endfacet
  facet normal 0 0 1
    outer loop
      vertex -9.72647 25.8589 1.6
      vertex -11.5376 27.8541 1.6
      vertex -9.74411 25.6799 1.6
    endloop
  endfacet
  facet normal -0 0 1
    outer loop
      vertex -13.3346 27.04 1.6
      vertex -9.74411 25.6799 1.6
      vertex -11.5376 27.8541 1.6
    endloop
  endfacet
  facet normal -0 0 1
    outer loop
      vertex -13.29 18.5 1.6
      vertex -10.29 17.5 1.6
      vertex -10.29 18.5 1.6
    endloop
  endfacet
  facet normal 0 0 1
    outer loop
      vertex -10.29 17.5 1.6
      vertex -10.3547 14.0634 1.6
      vertex -10.3142 13.974 1.6
    endloop
  endfacet
  facet normal 0 0 1
    outer loop
      vertex -10.29 17.5 1.6
      vertex -10.401 14.15 1.6
      vertex -10.3547 14.0634 1.6
    endloop
  endfacet
  facet normal 0 0 1
    outer loop
      vertex -10.29 17.5 1.6
      vertex -10.4528 14.2334 1.6
      vertex -10.401 14.15 1.6
    endloop
  endfacet
  facet normal 0 0 1
    outer loop
      vertex -10.29 17.5 1.6
      vertex -10.51 14.3131 1.6
      vertex -10.4528 14.2334 1.6
    endloop
  endfacet
  facet normal 0 0 1
    outer loop
      vertex -10.29 17.5 1.6
      vertex -10.5722 14.389 1.6
      vertex -10.51 14.3131 1.6
    endloop
  endfacet
  facet normal 0 0 1
    outer loop
      vertex -9.74411 25.6799 1.6
      vertex -13.3346 27.04 1.6
      vertex -9.75 25.5 1.6
    endloop
  endfacet
  facet normal 0 0 1
    outer loop
      vertex -10.29 17.5 1.6
      vertex -10.6393 14.4607 1.6
      vertex -10.5722 14.389 1.6
    endloop
  endfacet
  facet normal 0 0 1
    outer loop
      vertex -10.29 17.5 1.6
      vertex -10.711 14.5278 1.6
      vertex -10.6393 14.4607 1.6
    endloop
  endfacet
  facet normal 0 0 1
    outer loop
      vertex -13.29 17.5 1.6
      vertex -10.29 17.5 1.6
      vertex -13.29 18.5 1.6
    endloop
  endfacet
  facet normal 0 0 1
    outer loop
      vertex -10.29 17.5 1.6
      vertex -10.7869 14.59 1.6
      vertex -10.711 14.5278 1.6
    endloop
  endfacet
  facet normal 0 0 1
    outer loop
      vertex -10.29 17.5 1.6
      vertex -10.8666 14.6472 1.6
      vertex -10.7869 14.59 1.6
    endloop
  endfacet
  facet normal 0 0 1
    outer loop
      vertex -10.29 17.5 1.6
      vertex -10.95 14.699 1.6
      vertex -10.8666 14.6472 1.6
    endloop
  endfacet
  facet normal 0 0 1
    outer loop
      vertex -10.29 17.5 1.6
      vertex -11.0366 14.7453 1.6
      vertex -10.95 14.699 1.6
    endloop
  endfacet
  facet normal 0 0 1
    outer loop
      vertex -10.29 17.5 1.6
      vertex -11.126 14.7858 1.6
      vertex -11.0366 14.7453 1.6
    endloop
  endfacet
  facet normal 0 0 1
    outer loop
      vertex -10.29 17.5 1.6
      vertex -11.2178 14.8204 1.6
      vertex -11.126 14.7858 1.6
    endloop
  endfacet
  facet normal 0 0 1
    outer loop
      vertex -10.29 17.5 1.6
      vertex -11.3118 14.8489 1.6
      vertex -11.2178 14.8204 1.6
    endloop
  endfacet
  facet normal 0 0 1
    outer loop
      vertex -10.29 17.5 1.6
      vertex -11.4074 14.8712 1.6
      vertex -11.3118 14.8489 1.6
    endloop
  endfacet
  facet normal -0 0 1
    outer loop
      vertex -15.0746 26.1099 1.6
      vertex -9.75 25.5 1.6
      vertex -13.3346 27.04 1.6
    endloop
  endfacet
  facet normal 0 0 1
    outer loop
      vertex -10.29 17.5 1.6
      vertex -11.5042 14.8872 1.6
      vertex -11.4074 14.8712 1.6
    endloop
  endfacet
  facet normal 0 0 1
    outer loop
      vertex -10.29 17.5 1.6
      vertex -11.6019 14.8968 1.6
      vertex -11.5042 14.8872 1.6
    endloop
  endfacet
  facet normal 0 0 1
    outer loop
      vertex -10.29 17.5 1.6
      vertex -11.7 14.9 1.6
      vertex -11.6019 14.8968 1.6
    endloop
  endfacet
  facet normal 0 0 1
    outer loop
      vertex -10.29 17.5 1.6
      vertex -11.7981 14.8968 1.6
      vertex -11.7 14.9 1.6
    endloop
  endfacet
  facet normal -0 0 1
    outer loop
      vertex -13.29 17.5 1.6
      vertex -11.7981 14.8968 1.6
      vertex -10.29 17.5 1.6
    endloop
  endfacet
  facet normal 0 0 1
    outer loop
      vertex -11.7981 14.8968 1.6
      vertex -13.29 17.5 1.6
      vertex -11.8958 14.8872 1.6
    endloop
  endfacet
  facet normal 0 0 1
    outer loop
      vertex -11.8958 14.8872 1.6
      vertex -13.29 17.5 1.6
      vertex -11.9926 14.8712 1.6
    endloop
  endfacet
  facet normal 0 0 1
    outer loop
      vertex -11.9926 14.8712 1.6
      vertex -13.29 17.5 1.6
      vertex -12.0882 14.8489 1.6
    endloop
  endfacet
  facet normal 0 0 1
    outer loop
      vertex -12.0882 14.8489 1.6
      vertex -13.29 17.5 1.6
      vertex -12.1822 14.8204 1.6
    endloop
  endfacet
  facet normal 0 0 1
    outer loop
      vertex -12.1822 14.8204 1.6
      vertex -13.29 17.5 1.6
      vertex -12.274 14.7858 1.6
    endloop
  endfacet
  facet normal 0 0 1
    outer loop
      vertex -12.274 14.7858 1.6
      vertex -13.29 17.5 1.6
      vertex -12.3634 14.7453 1.6
    endloop
  endfacet
  facet normal 0 0 1
    outer loop
      vertex -12.3634 14.7453 1.6
      vertex -13.29 17.5 1.6
      vertex -12.45 14.699 1.6
    endloop
  endfacet
  facet normal 0 0 1
    outer loop
      vertex -12.45 14.699 1.6
      vertex -13.29 17.5 1.6
      vertex -12.5334 14.6472 1.6
    endloop
  endfacet
  facet normal 0 0 1
    outer loop
      vertex -12.5334 14.6472 1.6
      vertex -13.29 17.5 1.6
      vertex -12.6131 14.59 1.6
    endloop
  endfacet
  facet normal 0 0 1
    outer loop
      vertex -12.6131 14.59 1.6
      vertex -13.29 17.5 1.6
      vertex -12.689 14.5278 1.6
    endloop
  endfacet
  facet normal 0 0 1
    outer loop
      vertex -12.689 14.5278 1.6
      vertex -13.29 17.5 1.6
      vertex -12.7607 14.4607 1.6
    endloop
  endfacet
  facet normal 0 0 1
    outer loop
      vertex -12.7607 14.4607 1.6
      vertex -13.29 17.5 1.6
      vertex -12.8278 14.389 1.6
    endloop
  endfacet
  facet normal 0 0 1
    outer loop
      vertex -12.8278 14.389 1.6
      vertex -13.29 17.5 1.6
      vertex -12.89 14.3131 1.6
    endloop
  endfacet
  facet normal 0 0 1
    outer loop
      vertex -12.89 14.3131 1.6
      vertex -13.29 17.5 1.6
      vertex -12.9472 14.2334 1.6
    endloop
  endfacet
  facet normal 0 0 1
    outer loop
      vertex -12.9472 14.2334 1.6
      vertex -13.29 17.5 1.6
      vertex -12.999 14.15 1.6
    endloop
  endfacet
  facet normal 0 0 1
    outer loop
      vertex -12.999 14.15 1.6
      vertex -13.29 17.5 1.6
      vertex -13.0453 14.0634 1.6
    endloop
  endfacet
  facet normal -0 0 1
    outer loop
      vertex -18.4 17.5 1.6
      vertex -13.0453 14.0634 1.6
      vertex -13.29 17.5 1.6
    endloop
  endfacet
  facet normal 0 0 1
    outer loop
      vertex -13.0453 14.0634 1.6
      vertex -18.4 17.5 1.6
      vertex -13.0858 13.974 1.6
    endloop
  endfacet
  facet normal 0 0 1
    outer loop
      vertex -13.0858 13.974 1.6
      vertex -18.4 17.5 1.6
      vertex -13.1204 13.8822 1.6
    endloop
  endfacet
  facet normal 0 0 1
    outer loop
      vertex -13.0858 12.826 1.6
      vertex -13.2858 5.97402 1.6
      vertex -13.2453 6.06343 1.6
    endloop
  endfacet
  facet normal 0 0 1
    outer loop
      vertex -13.1872 13.5958 1.6
      vertex -18.4 17.5 1.6
      vertex -13.1968 13.4981 1.6
    endloop
  endfacet
  facet normal 0 0 1
    outer loop
      vertex -13.1712 13.6926 1.6
      vertex -18.4 17.5 1.6
      vertex -13.1872 13.5958 1.6
    endloop
  endfacet
  facet normal 0 0 1
    outer loop
      vertex -13.1489 13.7882 1.6
      vertex -18.4 17.5 1.6
      vertex -13.1712 13.6926 1.6
    endloop
  endfacet
  facet normal 0 0 1
    outer loop
      vertex -13.1204 13.8822 1.6
      vertex -18.4 17.5 1.6
      vertex -13.1489 13.7882 1.6
    endloop
  endfacet
  facet normal 0 0 1
    outer loop
      vertex -9.75 25.5 1.6
      vertex -13.29 18.5 1.6
      vertex -10.29 18.5 1.6
    endloop
  endfacet
  facet normal 0 0 1
    outer loop
      vertex -9.75 25.5 1.6
      vertex -15.0746 26.1099 1.6
      vertex -13.29 18.5 1.6
    endloop
  endfacet
  facet normal -0 0 1
    outer loop
      vertex -16.75 25.0681 1.6
      vertex -13.29 18.5 1.6
      vertex -15.0746 26.1099 1.6
    endloop
  endfacet
  facet normal -0 0 1
    outer loop
      vertex -17.5 20 1.6
      vertex -13.29 18.5 1.6
      vertex -16.75 25.0681 1.6
    endloop
  endfacet
  facet normal -0 0 1
    outer loop
      vertex -17.5 19 1.6
      vertex -13.29 18.5 1.6
      vertex -17.5 20 1.6
    endloop
  endfacet
  facet normal 0 0 1
    outer loop
      vertex -17.5 19 1.6
      vertex -18.4 18.5 1.6
      vertex -13.29 18.5 1.6
    endloop
  endfacet
  facet normal 0 0 1
    outer loop
      vertex -18.4 18.5 1.6
      vertex -21 19 1.6
      vertex -18.4 17.5 1.6
    endloop
  endfacet
  facet normal -0 0 1
    outer loop
      vertex -21 19 1.6
      vertex -18.4 18.5 1.6
      vertex -17.5 19 1.6
    endloop
  endfacet
  facet normal 0 0 1
    outer loop
      vertex -10.2288 13.1074 1.6
      vertex 5.24 15.3 1.6
      vertex -10.2128 13.2042 1.6
    endloop
  endfacet
  facet normal 0 0 1
    outer loop
      vertex -10.2511 13.0118 1.6
      vertex 5.24 15.3 1.6
      vertex -10.2288 13.1074 1.6
    endloop
  endfacet
  facet normal 0 0 1
    outer loop
      vertex -10.2796 12.9178 1.6
      vertex 5.24 15.3 1.6
      vertex -10.2511 13.0118 1.6
    endloop
  endfacet
  facet normal 0 0 1
    outer loop
      vertex 5.24 15.3 1.6
      vertex -10.2796 12.9178 1.6
      vertex 5.24 4.3 1.6
    endloop
  endfacet
  facet normal -0 0 1
    outer loop
      vertex -10.3142 12.826 1.6
      vertex 5.24 4.3 1.6
      vertex -10.2796 12.9178 1.6
    endloop
  endfacet
  facet normal -0 0 1
    outer loop
      vertex -10.3547 12.7366 1.6
      vertex 5.24 4.3 1.6
      vertex -10.3142 12.826 1.6
    endloop
  endfacet
  facet normal 0 0 1
    outer loop
      vertex 5.24 4.3 1.6
      vertex -10.3547 12.7366 1.6
      vertex -10.4 5.4 1.6
    endloop
  endfacet
  facet normal -0 0 1
    outer loop
      vertex -10.4032 5.3019 1.6
      vertex 5.24 4.3 1.6
      vertex -10.4 5.4 1.6
    endloop
  endfacet
  facet normal 0 0 1
    outer loop
      vertex 5.24 4.3 1.6
      vertex -10.4032 5.3019 1.6
      vertex 4.74 2.1 1.6
    endloop
  endfacet
  facet normal -0 0 1
    outer loop
      vertex -10.4128 5.20421 1.6
      vertex 4.74 2.1 1.6
      vertex -10.4032 5.3019 1.6
    endloop
  endfacet
  facet normal -0 0 1
    outer loop
      vertex -10.4288 5.10736 1.6
      vertex 4.74 2.1 1.6
      vertex -10.4128 5.20421 1.6
    endloop
  endfacet
  facet normal -0 0 1
    outer loop
      vertex -10.4511 5.01177 1.6
      vertex 4.74 2.1 1.6
      vertex -10.4288 5.10736 1.6
    endloop
  endfacet
  facet normal -0 0 1
    outer loop
      vertex -10.4796 4.91784 1.6
      vertex 4.74 2.1 1.6
      vertex -10.4511 5.01177 1.6
    endloop
  endfacet
  facet normal -0 0 1
    outer loop
      vertex -10.5142 4.82597 1.6
      vertex 4.74 2.1 1.6
      vertex -10.4796 4.91784 1.6
    endloop
  endfacet
  facet normal -0 0 1
    outer loop
      vertex -10.5547 4.73657 1.6
      vertex 4.74 2.1 1.6
      vertex -10.5142 4.82597 1.6
    endloop
  endfacet
  facet normal -0 0 1
    outer loop
      vertex -10.601 4.65 1.6
      vertex 4.74 2.1 1.6
      vertex -10.5547 4.73657 1.6
    endloop
  endfacet
  facet normal -0 0 1
    outer loop
      vertex -10.6528 4.56664 1.6
      vertex 4.74 2.1 1.6
      vertex -10.601 4.65 1.6
    endloop
  endfacet
  facet normal -0 0 1
    outer loop
      vertex -10.71 4.48686 1.6
      vertex 4.74 2.1 1.6
      vertex -10.6528 4.56664 1.6
    endloop
  endfacet
  facet normal -0 0 1
    outer loop
      vertex -10.7722 4.41098 1.6
      vertex 4.74 2.1 1.6
      vertex -10.71 4.48686 1.6
    endloop
  endfacet
  facet normal -0 0 1
    outer loop
      vertex -10.8393 4.33934 1.6
      vertex 4.74 2.1 1.6
      vertex -10.7722 4.41098 1.6
    endloop
  endfacet
  facet normal -0 0 1
    outer loop
      vertex -10.911 4.27224 1.6
      vertex 4.74 2.1 1.6
      vertex -10.8393 4.33934 1.6
    endloop
  endfacet
  facet normal 0 0 1
    outer loop
      vertex -12.83 2.1 1.6
      vertex -10.911 4.27224 1.6
      vertex -10.9869 4.20997 1.6
    endloop
  endfacet
  facet normal 0 0 1
    outer loop
      vertex -12.83 2.1 1.6
      vertex -10.9869 4.20997 1.6
      vertex -11.0666 4.15279 1.6
    endloop
  endfacet
  facet normal 0 0 1
    outer loop
      vertex -12.83 2.1 1.6
      vertex -11.0666 4.15279 1.6
      vertex -11.15 4.10096 1.6
    endloop
  endfacet
  facet normal 0 0 1
    outer loop
      vertex -12.83 2.1 1.6
      vertex -11.15 4.10096 1.6
      vertex -11.2366 4.05469 1.6
    endloop
  endfacet
  facet normal 0 0 1
    outer loop
      vertex -12.83 2.1 1.6
      vertex -11.2366 4.05469 1.6
      vertex -11.326 4.01418 1.6
    endloop
  endfacet
  facet normal 0 0 1
    outer loop
      vertex -12.83 2.1 1.6
      vertex -11.326 4.01418 1.6
      vertex -11.4178 3.9796 1.6
    endloop
  endfacet
  facet normal 0 0 1
    outer loop
      vertex -12.83 2.1 1.6
      vertex -11.4178 3.9796 1.6
      vertex -11.5118 3.95111 1.6
    endloop
  endfacet
  facet normal 0 0 1
    outer loop
      vertex -12.83 2.1 1.6
      vertex -11.5118 3.95111 1.6
      vertex -11.6074 3.92882 1.6
    endloop
  endfacet
  facet normal 0 0 1
    outer loop
      vertex -12.83 2.1 1.6
      vertex -11.6074 3.92882 1.6
      vertex -11.7042 3.91283 1.6
    endloop
  endfacet
  facet normal 0 0 1
    outer loop
      vertex -12.83 2.1 1.6
      vertex -11.7042 3.91283 1.6
      vertex -11.8019 3.90321 1.6
    endloop
  endfacet
  facet normal 0 0 1
    outer loop
      vertex -12.83 2.1 1.6
      vertex -11.8019 3.90321 1.6
      vertex -11.9 3.9 1.6
    endloop
  endfacet
  facet normal 0 0 1
    outer loop
      vertex -12.83 2.1 1.6
      vertex -11.9 3.9 1.6
      vertex -11.9981 3.90321 1.6
    endloop
  endfacet
  facet normal 0 0 1
    outer loop
      vertex -12.83 2.1 1.6
      vertex -11.9981 3.90321 1.6
      vertex -12.0958 3.91283 1.6
    endloop
  endfacet
  facet normal 0 0 1
    outer loop
      vertex -10.911 4.27224 1.6
      vertex -12.83 2.1 1.6
      vertex 4.74 2.1 1.6
    endloop
  endfacet
  facet normal 0 0 1
    outer loop
      vertex -12.1926 3.92882 1.6
      vertex -12.83 2.1 1.6
      vertex -12.0958 3.91283 1.6
    endloop
  endfacet
  facet normal 0 0 1
    outer loop
      vertex -12.2882 3.95111 1.6
      vertex -12.83 2.1 1.6
      vertex -12.1926 3.92882 1.6
    endloop
  endfacet
  facet normal 0 0 1
    outer loop
      vertex -12.3822 3.9796 1.6
      vertex -12.83 2.1 1.6
      vertex -12.2882 3.95111 1.6
    endloop
  endfacet
  facet normal 0 0 1
    outer loop
      vertex -12.474 4.01418 1.6
      vertex -12.83 2.1 1.6
      vertex -12.3822 3.9796 1.6
    endloop
  endfacet
  facet normal 0 0 1
    outer loop
      vertex -12.5634 4.05469 1.6
      vertex -12.83 2.1 1.6
      vertex -12.474 4.01418 1.6
    endloop
  endfacet
  facet normal 0 0 1
    outer loop
      vertex -12.65 4.10096 1.6
      vertex -12.83 2.1 1.6
      vertex -12.5634 4.05469 1.6
    endloop
  endfacet
  facet normal 0 0 1
    outer loop
      vertex -12.7334 4.15279 1.6
      vertex -12.83 2.1 1.6
      vertex -12.65 4.10096 1.6
    endloop
  endfacet
  facet normal 0 0 1
    outer loop
      vertex -12.8131 4.20997 1.6
      vertex -12.83 2.1 1.6
      vertex -12.7334 4.15279 1.6
    endloop
  endfacet
  facet normal 0 0 1
    outer loop
      vertex -12.9607 4.33934 1.6
      vertex -12.83 2.1 1.6
      vertex -12.889 4.27224 1.6
    endloop
  endfacet
  facet normal 0 0 1
    outer loop
      vertex -12.889 4.27224 1.6
      vertex -12.83 2.1 1.6
      vertex -12.8131 4.20997 1.6
    endloop
  endfacet
  facet normal 0 0 1
    outer loop
      vertex -10.2128 13.2042 1.6
      vertex 5.24 15.3 1.6
      vertex -10.2032 13.3019 1.6
    endloop
  endfacet
  facet normal 0 0 1
    outer loop
      vertex 5.24 15.3 1.6
      vertex -10.2032 13.4981 1.6
      vertex -10.2 13.4 1.6
    endloop
  endfacet
  facet normal 0 0 1
    outer loop
      vertex 5.24 15.3 1.6
      vertex -10.2128 13.5958 1.6
      vertex -10.2032 13.4981 1.6
    endloop
  endfacet
  facet normal 0 0 1
    outer loop
      vertex 4.74 17.5 1.6
      vertex -10.2288 13.6926 1.6
      vertex -10.2128 13.5958 1.6
    endloop
  endfacet
  facet normal 0 0 1
    outer loop
      vertex 4.74 17.5 1.6
      vertex -10.2511 13.7882 1.6
      vertex -10.2288 13.6926 1.6
    endloop
  endfacet
  facet normal -0 0 1
    outer loop
      vertex -10.29 17.5 1.6
      vertex -10.2511 13.7882 1.6
      vertex 4.74 17.5 1.6
    endloop
  endfacet
  facet normal 0 0 1
    outer loop
      vertex -10.2511 13.7882 1.6
      vertex -10.29 17.5 1.6
      vertex -10.2796 13.8822 1.6
    endloop
  endfacet
  facet normal 0 0 1
    outer loop
      vertex -10.2796 13.8822 1.6
      vertex -10.29 17.5 1.6
      vertex -10.3142 13.974 1.6
    endloop
  endfacet
  facet normal 0 0 1
    outer loop
      vertex -10.2128 13.5958 1.6
      vertex 5.24 15.3 1.6
      vertex 4.74 17.5 1.6
    endloop
  endfacet
  facet normal -0 0 1
    outer loop
      vertex 1.54 19 1.6
      vertex 4.74 18.5 1.6
      vertex 5.04 19 1.6
    endloop
  endfacet
  facet normal 0 0 1
    outer loop
      vertex -4.25589 25.3201 1.6
      vertex 0 30.1492 1.6
      vertex -4.25 25.5 1.6
    endloop
  endfacet
  facet normal 0 0 1
    outer loop
      vertex -4.61843 26.875 1.6
      vertex -1.97166 30.0846 1.6
      vertex -3.93532 29.8912 1.6
    endloop
  endfacet
  facet normal 0 0 1
    outer loop
      vertex 0 30.1492 1.6
      vertex -4.25589 25.3201 1.6
      vertex 1.54 20 1.6
    endloop
  endfacet
  facet normal -0 0 1
    outer loop
      vertex -4.27353 25.1411 1.6
      vertex 1.54 20 1.6
      vertex -4.25589 25.3201 1.6
    endloop
  endfacet
  facet normal -0 0 1
    outer loop
      vertex -4.30284 24.9635 1.6
      vertex 1.54 20 1.6
      vertex -4.27353 25.1411 1.6
    endloop
  endfacet
  facet normal -0 0 1
    outer loop
      vertex -4.3437 24.7882 1.6
      vertex 1.54 20 1.6
      vertex -4.30284 24.9635 1.6
    endloop
  endfacet
  facet normal -0 0 1
    outer loop
      vertex -4.39594 24.616 1.6
      vertex 1.54 20 1.6
      vertex -4.3437 24.7882 1.6
    endloop
  endfacet
  facet normal -0 0 1
    outer loop
      vertex -4.45933 24.4476 1.6
      vertex 1.54 20 1.6
      vertex -4.39594 24.616 1.6
    endloop
  endfacet
  facet normal -0 0 1
    outer loop
      vertex -4.5336 24.2837 1.6
      vertex 1.54 20 1.6
      vertex -4.45933 24.4476 1.6
    endloop
  endfacet
  facet normal -0 0 1
    outer loop
      vertex -4.61843 24.125 1.6
      vertex 1.54 20 1.6
      vertex -4.5336 24.2837 1.6
    endloop
  endfacet
  facet normal -0 0 1
    outer loop
      vertex -4.71346 23.9722 1.6
      vertex 1.54 20 1.6
      vertex -4.61843 24.125 1.6
    endloop
  endfacet
  facet normal -0 0 1
    outer loop
      vertex -4.81828 23.8259 1.6
      vertex 1.54 20 1.6
      vertex -4.71346 23.9722 1.6
    endloop
  endfacet
  facet normal -0 0 1
    outer loop
      vertex -4.93244 23.6868 1.6
      vertex 1.54 20 1.6
      vertex -4.81828 23.8259 1.6
    endloop
  endfacet
  facet normal -0 0 1
    outer loop
      vertex -5.05546 23.5555 1.6
      vertex 1.54 20 1.6
      vertex -4.93244 23.6868 1.6
    endloop
  endfacet
  facet normal -0 0 1
    outer loop
      vertex -5.1868 23.4324 1.6
      vertex 1.54 20 1.6
      vertex -5.05546 23.5555 1.6
    endloop
  endfacet
  facet normal -0 0 1
    outer loop
      vertex -5.32591 23.3183 1.6
      vertex 1.54 20 1.6
      vertex -5.1868 23.4324 1.6
    endloop
  endfacet
  facet normal -0 0 1
    outer loop
      vertex -5.47218 23.2135 1.6
      vertex 1.54 20 1.6
      vertex -5.32591 23.3183 1.6
    endloop
  endfacet
  facet normal 0 0 1
    outer loop
      vertex 1.54 20 1.6
      vertex -5.47218 23.2135 1.6
      vertex 1.54 19 1.6
    endloop
  endfacet
  facet normal -0 0 1
    outer loop
      vertex -5.625 23.1184 1.6
      vertex 1.54 19 1.6
      vertex -5.47218 23.2135 1.6
    endloop
  endfacet
  facet normal -0 0 1
    outer loop
      vertex -5.78371 23.0336 1.6
      vertex 1.54 19 1.6
      vertex -5.625 23.1184 1.6
    endloop
  endfacet
  facet normal -0 0 1
    outer loop
      vertex -5.94762 22.9593 1.6
      vertex 1.54 19 1.6
      vertex -5.78371 23.0336 1.6
    endloop
  endfacet
  facet normal -0 0 1
    outer loop
      vertex -6.11604 22.8959 1.6
      vertex 1.54 19 1.6
      vertex -5.94762 22.9593 1.6
    endloop
  endfacet
  facet normal 0 0 1
    outer loop
      vertex -10.29 18.5 1.6
      vertex -6.11604 22.8959 1.6
      vertex -6.28825 22.8437 1.6
    endloop
  endfacet
  facet normal 0 0 1
    outer loop
      vertex -10.29 18.5 1.6
      vertex -6.28825 22.8437 1.6
      vertex -6.4635 22.8028 1.6
    endloop
  endfacet
  facet normal 0 0 1
    outer loop
      vertex -10.29 18.5 1.6
      vertex -6.4635 22.8028 1.6
      vertex -6.64105 22.7735 1.6
    endloop
  endfacet
  facet normal 0 0 1
    outer loop
      vertex -10.29 18.5 1.6
      vertex -6.64105 22.7735 1.6
      vertex -6.82014 22.7559 1.6
    endloop
  endfacet
  facet normal 0 0 1
    outer loop
      vertex -10.29 18.5 1.6
      vertex -6.82014 22.7559 1.6
      vertex -7 22.75 1.6
    endloop
  endfacet
  facet normal 0 0 1
    outer loop
      vertex -10.29 18.5 1.6
      vertex -7 22.75 1.6
      vertex -7.17986 22.7559 1.6
    endloop
  endfacet
  facet normal 0 0 1
    outer loop
      vertex -10.29 18.5 1.6
      vertex -7.17986 22.7559 1.6
      vertex -7.35895 22.7735 1.6
    endloop
  endfacet
  facet normal 0 0 1
    outer loop
      vertex -10.29 18.5 1.6
      vertex -7.35895 22.7735 1.6
      vertex -7.5365 22.8028 1.6
    endloop
  endfacet
  facet normal 0 0 1
    outer loop
      vertex -10.29 18.5 1.6
      vertex -7.5365 22.8028 1.6
      vertex -7.71175 22.8437 1.6
    endloop
  endfacet
  facet normal 0 0 1
    outer loop
      vertex -10.29 18.5 1.6
      vertex -7.71175 22.8437 1.6
      vertex -7.88396 22.8959 1.6
    endloop
  endfacet
  facet normal 0 0 1
    outer loop
      vertex -10.29 18.5 1.6
      vertex -7.88396 22.8959 1.6
      vertex -8.05238 22.9593 1.6
    endloop
  endfacet
  facet normal 0 0 1
    outer loop
      vertex 1.54 19 1.6
      vertex -10.29 18.5 1.6
      vertex 4.74 18.5 1.6
    endloop
  endfacet
  facet normal 0 0 1
    outer loop
      vertex -6.11604 22.8959 1.6
      vertex -10.29 18.5 1.6
      vertex 1.54 19 1.6
    endloop
  endfacet
  facet normal 0 0 1
    outer loop
      vertex -8.21629 23.0336 1.6
      vertex -10.29 18.5 1.6
      vertex -8.05238 22.9593 1.6
    endloop
  endfacet
  facet normal 0 0 1
    outer loop
      vertex -8.375 23.1184 1.6
      vertex -10.29 18.5 1.6
      vertex -8.21629 23.0336 1.6
    endloop
  endfacet
  facet normal 0 0 1
    outer loop
      vertex -8.52782 23.2135 1.6
      vertex -10.29 18.5 1.6
      vertex -8.375 23.1184 1.6
    endloop
  endfacet
  facet normal 0 0 1
    outer loop
      vertex -8.67409 23.3183 1.6
      vertex -10.29 18.5 1.6
      vertex -8.52782 23.2135 1.6
    endloop
  endfacet
  facet normal 0 0 1
    outer loop
      vertex -8.8132 23.4324 1.6
      vertex -10.29 18.5 1.6
      vertex -8.67409 23.3183 1.6
    endloop
  endfacet
  facet normal 0 0 1
    outer loop
      vertex -8.94454 23.5555 1.6
      vertex -10.29 18.5 1.6
      vertex -8.8132 23.4324 1.6
    endloop
  endfacet
  facet normal 0 0 1
    outer loop
      vertex -9.06756 23.6868 1.6
      vertex -10.29 18.5 1.6
      vertex -8.94454 23.5555 1.6
    endloop
  endfacet
  facet normal 0 0 1
    outer loop
      vertex -9.18172 23.8259 1.6
      vertex -10.29 18.5 1.6
      vertex -9.06756 23.6868 1.6
    endloop
  endfacet
  facet normal 0 0 1
    outer loop
      vertex -9.28654 23.9722 1.6
      vertex -10.29 18.5 1.6
      vertex -9.18172 23.8259 1.6
    endloop
  endfacet
  facet normal 0 0 1
    outer loop
      vertex -9.38157 24.125 1.6
      vertex -10.29 18.5 1.6
      vertex -9.28654 23.9722 1.6
    endloop
  endfacet
  facet normal 0 0 1
    outer loop
      vertex -9.4664 24.2837 1.6
      vertex -10.29 18.5 1.6
      vertex -9.38157 24.125 1.6
    endloop
  endfacet
  facet normal 0 0 1
    outer loop
      vertex -9.54067 24.4476 1.6
      vertex -10.29 18.5 1.6
      vertex -9.4664 24.2837 1.6
    endloop
  endfacet
  facet normal 0 0 1
    outer loop
      vertex -9.60406 24.616 1.6
      vertex -10.29 18.5 1.6
      vertex -9.54067 24.4476 1.6
    endloop
  endfacet
  facet normal 0 0 1
    outer loop
      vertex -9.6563 24.7882 1.6
      vertex -10.29 18.5 1.6
      vertex -9.60406 24.616 1.6
    endloop
  endfacet
  facet normal 0 0 1
    outer loop
      vertex -9.69716 24.9635 1.6
      vertex -10.29 18.5 1.6
      vertex -9.6563 24.7882 1.6
    endloop
  endfacet
  facet normal 0 0 1
    outer loop
      vertex -9.72647 25.1411 1.6
      vertex -10.29 18.5 1.6
      vertex -9.69716 24.9635 1.6
    endloop
  endfacet
  facet normal 0 0 1
    outer loop
      vertex -9.74411 25.3201 1.6
      vertex -10.29 18.5 1.6
      vertex -9.72647 25.1411 1.6
    endloop
  endfacet
  facet normal 0 0 1
    outer loop
      vertex -10.29 18.5 1.6
      vertex -9.74411 25.3201 1.6
      vertex -9.75 25.5 1.6
    endloop
  endfacet
  facet normal -0 0 1
    outer loop
      vertex 5.24 0.8 1.6
      vertex 6.24 0.6 1.6
      vertex 6.24 0.8 1.6
    endloop
  endfacet
  facet normal 0 0 1
    outer loop
      vertex 6.24 0.6 1.6
      vertex 5.24 0.8 1.6
      vertex 5.24 0.6 1.6
    endloop
  endfacet
  facet normal -0 0 1
    outer loop
      vertex 5.24 15.3 1.6
      vertex 6.24 4.3 1.6
      vertex 6.24 15.3 1.6
    endloop
  endfacet
  facet normal 0 0 1
    outer loop
      vertex 6.24 4.3 1.6
      vertex 5.24 15.3 1.6
      vertex 5.24 4.3 1.6
    endloop
  endfacet
  facet normal -0 0 1
    outer loop
      vertex 5.24 19 1.6
      vertex 6.24 18.8 1.6
      vertex 6.24 19 1.6
    endloop
  endfacet
  facet normal 0 0 1
    outer loop
      vertex 6.24 18.8 1.6
      vertex 5.24 19 1.6
      vertex 5.24 18.8 1.6
    endloop
  endfacet
  facet normal 0 0 1
    outer loop
      vertex 5.88187 29.5698 1.6
      vertex 6.24 20 1.6
      vertex 7.80316 29.1218 1.6
    endloop
  endfacet
  facet normal 0 0 1
    outer loop
      vertex 5.88187 29.5698 1.6
      vertex 5.24 20 1.6
      vertex 6.24 20 1.6
    endloop
  endfacet
  facet normal 0 0 1
    outer loop
      vertex 5.04 19 1.6
      vertex 5.24 19 1.6
      vertex 5.24 20 1.6
    endloop
  endfacet
  facet normal 0 0 1
    outer loop
      vertex 5.24 19 1.6
      vertex 5.04 19 1.6
      vertex 5.24 18.8 1.6
    endloop
  endfacet
  facet normal 0 0 1
    outer loop
      vertex 4.74 18.5 1.6
      vertex 5.24 18.8 1.6
      vertex 5.04 19 1.6
    endloop
  endfacet
  facet normal 0 0 1
    outer loop
      vertex 4.74 17.5 1.6
      vertex 5.24 18.8 1.6
      vertex 4.74 18.5 1.6
    endloop
  endfacet
  facet normal 0 0 1
    outer loop
      vertex 5.24 18.8 1.6
      vertex 4.74 17.5 1.6
      vertex 5.24 15.3 1.6
    endloop
  endfacet
  facet normal 0 0 1
    outer loop
      vertex 5.24 4.3 1.6
      vertex 5.04 0.6 1.6
      vertex 5.24 0.8 1.6
    endloop
  endfacet
  facet normal 0 0 1
    outer loop
      vertex 5.04 19 1.6
      vertex 5.24 20 1.6
      vertex 5.04 20 1.6
    endloop
  endfacet
  facet normal 0 0 1
    outer loop
      vertex 5.88187 29.5698 1.6
      vertex 5.04 20 1.6
      vertex 5.24 20 1.6
    endloop
  endfacet
  facet normal 0 0 1
    outer loop
      vertex 3.93532 29.8912 1.6
      vertex 5.04 20 1.6
      vertex 5.88187 29.5698 1.6
    endloop
  endfacet
  facet normal 0 0 1
    outer loop
      vertex 1.54 20 1.6
      vertex 3.93532 29.8912 1.6
      vertex 1.97166 30.0846 1.6
    endloop
  endfacet
  facet normal 0 0 1
    outer loop
      vertex 3.93532 29.8912 1.6
      vertex 1.54 20 1.6
      vertex 5.04 20 1.6
    endloop
  endfacet
  facet normal 0 0 1
    outer loop
      vertex -4.25589 25.6799 1.6
      vertex 0 30.1492 1.6
      vertex -1.97166 30.0846 1.6
    endloop
  endfacet
  facet normal 0 0 1
    outer loop
      vertex 0 30.1492 1.6
      vertex 1.54 20 1.6
      vertex 1.97166 30.0846 1.6
    endloop
  endfacet
  facet normal 0 0 1
    outer loop
      vertex -10.2032 13.3019 1.6
      vertex 5.24 15.3 1.6
      vertex -10.2 13.4 1.6
    endloop
  endfacet
  facet normal 0 0 1
    outer loop
      vertex 5.24 4.3 1.6
      vertex 4.74 2.1 1.6
      vertex 5.04 0.6 1.6
    endloop
  endfacet
  facet normal -0 0 1
    outer loop
      vertex 4.74 1.1 1.6
      vertex 5.04 0.6 1.6
      vertex 4.74 2.1 1.6
    endloop
  endfacet
  facet normal 0 0 1
    outer loop
      vertex 4.74 1.1 1.6
      vertex 1.54 0.6 1.6
      vertex 5.04 0.6 1.6
    endloop
  endfacet
  facet normal 0 0 1
    outer loop
      vertex 1.54 0.6 1.6
      vertex -12.83 1.1 1.6
      vertex 1.54 -0.4 1.6
    endloop
  endfacet
  facet normal -0 0 1
    outer loop
      vertex -12.83 1.1 1.6
      vertex 1.54 0.6 1.6
      vertex 4.74 1.1 1.6
    endloop
  endfacet
  facet normal 0 0 1
    outer loop
      vertex 30.0846 1.97166 1.6
      vertex 28.7441 2.17986 1.6
      vertex 28.75 2 1.6
    endloop
  endfacet
  facet normal 0 0 1
    outer loop
      vertex 29.5698 5.88187 1.6
      vertex 28.7265 2.35895 1.6
      vertex 28.7441 2.17986 1.6
    endloop
  endfacet
  facet normal 0 0 1
    outer loop
      vertex 29.5698 5.88187 1.6
      vertex 28.6972 2.5365 1.6
      vertex 28.7265 2.35895 1.6
    endloop
  endfacet
  facet normal 0 0 1
    outer loop
      vertex 29.5698 5.88187 1.6
      vertex 28.6563 2.71175 1.6
      vertex 28.6972 2.5365 1.6
    endloop
  endfacet
  facet normal 0 0 1
    outer loop
      vertex 29.5698 5.88187 1.6
      vertex 28.6041 2.88396 1.6
      vertex 28.6563 2.71175 1.6
    endloop
  endfacet
  facet normal 0 0 1
    outer loop
      vertex 26 4.75 1.6
      vertex 29.1218 7.80316 1.6
      vertex 28.5491 9.69101 1.6
    endloop
  endfacet
  facet normal 0 0 1
    outer loop
      vertex 29.5698 5.88187 1.6
      vertex 28.5407 3.05238 1.6
      vertex 28.6041 2.88396 1.6
    endloop
  endfacet
  facet normal 0 0 1
    outer loop
      vertex 29.5698 5.88187 1.6
      vertex 28.4664 3.21629 1.6
      vertex 28.5407 3.05238 1.6
    endloop
  endfacet
  facet normal 0 0 1
    outer loop
      vertex 29.5698 5.88187 1.6
      vertex 28.3816 3.375 1.6
      vertex 28.4664 3.21629 1.6
    endloop
  endfacet
  facet normal 0 0 1
    outer loop
      vertex 29.5698 5.88187 1.6
      vertex 28.2865 3.52782 1.6
      vertex 28.3816 3.375 1.6
    endloop
  endfacet
  facet normal 0 0 1
    outer loop
      vertex 29.5698 5.88187 1.6
      vertex 28.1817 3.67409 1.6
      vertex 28.2865 3.52782 1.6
    endloop
  endfacet
  facet normal 0 0 1
    outer loop
      vertex 29.5698 5.88187 1.6
      vertex 28.0676 3.8132 1.6
      vertex 28.1817 3.67409 1.6
    endloop
  endfacet
  facet normal 0 0 1
    outer loop
      vertex 29.5698 5.88187 1.6
      vertex 27.9445 3.94454 1.6
      vertex 28.0676 3.8132 1.6
    endloop
  endfacet
  facet normal 0 0 1
    outer loop
      vertex 25.2882 4.6563 1.6
      vertex 28.5491 9.69101 1.6
      vertex 27.8541 11.5376 1.6
    endloop
  endfacet
  facet normal 0 0 1
    outer loop
      vertex 29.5698 5.88187 1.6
      vertex 27.8132 4.06756 1.6
      vertex 27.9445 3.94454 1.6
    endloop
  endfacet
  facet normal 0 0 1
    outer loop
      vertex 29.5698 5.88187 1.6
      vertex 27.6741 4.18172 1.6
      vertex 27.8132 4.06756 1.6
    endloop
  endfacet
  facet normal 0 0 1
    outer loop
      vertex 29.5698 5.88187 1.6
      vertex 27.5278 4.28654 1.6
      vertex 27.6741 4.18172 1.6
    endloop
  endfacet
  facet normal 0 0 1
    outer loop
      vertex 29.5698 5.88187 1.6
      vertex 27.375 4.38157 1.6
      vertex 27.5278 4.28654 1.6
    endloop
  endfacet
  facet normal 0 0 1
    outer loop
      vertex 29.5698 5.88187 1.6
      vertex 27.2163 4.4664 1.6
      vertex 27.375 4.38157 1.6
    endloop
  endfacet
  facet normal 0 0 1
    outer loop
      vertex 29.5698 5.88187 1.6
      vertex 27.0524 4.54067 1.6
      vertex 27.2163 4.4664 1.6
    endloop
  endfacet
  facet normal 0 0 1
    outer loop
      vertex 24.7837 4.4664 1.6
      vertex 27.8541 11.5376 1.6
      vertex 27.04 13.3346 1.6
    endloop
  endfacet
  facet normal 0 0 1
    outer loop
      vertex 29.1218 7.80316 1.6
      vertex 26.884 4.60406 1.6
      vertex 27.0524 4.54067 1.6
    endloop
  endfacet
  facet normal 0 0 1
    outer loop
      vertex 29.1218 7.80316 1.6
      vertex 26.7118 4.6563 1.6
      vertex 26.884 4.60406 1.6
    endloop
  endfacet
  facet normal 0 0 1
    outer loop
      vertex 29.1218 7.80316 1.6
      vertex 26.5365 4.69716 1.6
      vertex 26.7118 4.6563 1.6
    endloop
  endfacet
  facet normal 0 0 1
    outer loop
      vertex 29.1218 7.80316 1.6
      vertex 26.3589 4.72647 1.6
      vertex 26.5365 4.69716 1.6
    endloop
  endfacet
  facet normal 0 0 1
    outer loop
      vertex 29.1218 7.80316 1.6
      vertex 26.1799 4.74411 1.6
      vertex 26.3589 4.72647 1.6
    endloop
  endfacet
  facet normal 0 0 1
    outer loop
      vertex 24.3259 4.18172 1.6
      vertex 27.04 13.3346 1.6
      vertex 26.1099 15.0746 1.6
    endloop
  endfacet
  facet normal 0 0 1
    outer loop
      vertex 29.1218 7.80316 1.6
      vertex 26 4.75 1.6
      vertex 26.1799 4.74411 1.6
    endloop
  endfacet
  facet normal 0 0 1
    outer loop
      vertex 28.5491 9.69101 1.6
      vertex 25.8201 4.74411 1.6
      vertex 26 4.75 1.6
    endloop
  endfacet
  facet normal 0 0 1
    outer loop
      vertex 28.5491 9.69101 1.6
      vertex 25.6411 4.72647 1.6
      vertex 25.8201 4.74411 1.6
    endloop
  endfacet
  facet normal 0 0 1
    outer loop
      vertex 28.5491 9.69101 1.6
      vertex 25.4635 4.69716 1.6
      vertex 25.6411 4.72647 1.6
    endloop
  endfacet
  facet normal 0 0 1
    outer loop
      vertex 28.5491 9.69101 1.6
      vertex 25.2882 4.6563 1.6
      vertex 25.4635 4.69716 1.6
    endloop
  endfacet
  facet normal 0 0 1
    outer loop
      vertex 27.8541 11.5376 1.6
      vertex 25.116 4.60406 1.6
      vertex 25.2882 4.6563 1.6
    endloop
  endfacet
  facet normal 0 0 1
    outer loop
      vertex 24.1868 4.06756 1.6
      vertex 26.1099 15.0746 1.6
      vertex 25.0681 16.75 1.6
    endloop
  endfacet
  facet normal 0 0 1
    outer loop
      vertex 27.8541 11.5376 1.6
      vertex 24.9476 4.54067 1.6
      vertex 25.116 4.60406 1.6
    endloop
  endfacet
  facet normal 0 0 1
    outer loop
      vertex 27.8541 11.5376 1.6
      vertex 24.7837 4.4664 1.6
      vertex 24.9476 4.54067 1.6
    endloop
  endfacet
  facet normal 0 0 1
    outer loop
      vertex 27.04 13.3346 1.6
      vertex 24.625 4.38157 1.6
      vertex 24.7837 4.4664 1.6
    endloop
  endfacet
  facet normal 0 0 1
    outer loop
      vertex 27.04 13.3346 1.6
      vertex 24.4722 4.28654 1.6
      vertex 24.625 4.38157 1.6
    endloop
  endfacet
  facet normal 0 0 1
    outer loop
      vertex 27.04 13.3346 1.6
      vertex 24.3259 4.18172 1.6
      vertex 24.4722 4.28654 1.6
    endloop
  endfacet
  facet normal 0 0 1
    outer loop
      vertex 26.1099 15.0746 1.6
      vertex 24.1868 4.06756 1.6
      vertex 24.3259 4.18172 1.6
    endloop
  endfacet
  facet normal 0 0 1
    outer loop
      vertex 25.0681 16.75 1.6
      vertex 24.0555 3.94454 1.6
      vertex 24.1868 4.06756 1.6
    endloop
  endfacet
  facet normal 0 0 1
    outer loop
      vertex 25.0681 16.75 1.6
      vertex 23.9324 3.8132 1.6
      vertex 24.0555 3.94454 1.6
    endloop
  endfacet
  facet normal 0 0 1
    outer loop
      vertex 6.24 15.3 1.6
      vertex 25.0681 16.75 1.6
      vertex 23.919 18.3536 1.6
    endloop
  endfacet
  facet normal 0 0 1
    outer loop
      vertex 25.0681 16.75 1.6
      vertex 6.24 15.3 1.6
      vertex 23.9324 3.8132 1.6
    endloop
  endfacet
  facet normal 0 0 1
    outer loop
      vertex 23.9324 3.8132 1.6
      vertex 6.24 15.3 1.6
      vertex 23.8183 3.67409 1.6
    endloop
  endfacet
  facet normal 0 0 1
    outer loop
      vertex 23.8183 3.67409 1.6
      vertex 6.24 15.3 1.6
      vertex 23.7135 3.52782 1.6
    endloop
  endfacet
  facet normal -0 0 1
    outer loop
      vertex 6.24 4.3 1.6
      vertex 23.7135 3.52782 1.6
      vertex 6.24 15.3 1.6
    endloop
  endfacet
  facet normal 0 0 1
    outer loop
      vertex 23.7135 3.52782 1.6
      vertex 6.24 4.3 1.6
      vertex 23.6184 3.375 1.6
    endloop
  endfacet
  facet normal 0 0 1
    outer loop
      vertex 23.6184 3.375 1.6
      vertex 6.24 4.3 1.6
      vertex 23.5336 3.21629 1.6
    endloop
  endfacet
  facet normal 0 0 1
    outer loop
      vertex 23.5336 3.21629 1.6
      vertex 6.24 4.3 1.6
      vertex 23.4593 3.05238 1.6
    endloop
  endfacet
  facet normal 0 0 1
    outer loop
      vertex 23.4593 3.05238 1.6
      vertex 6.24 4.3 1.6
      vertex 23.3959 2.88396 1.6
    endloop
  endfacet
  facet normal 0 0 1
    outer loop
      vertex 23.3959 2.88396 1.6
      vertex 6.24 4.3 1.6
      vertex 23.3437 2.71175 1.6
    endloop
  endfacet
  facet normal 0 0 1
    outer loop
      vertex 23.3437 2.71175 1.6
      vertex 6.24 4.3 1.6
      vertex 23.3028 2.5365 1.6
    endloop
  endfacet
  facet normal 0 0 1
    outer loop
      vertex 23.3028 2.5365 1.6
      vertex 6.24 4.3 1.6
      vertex 23.2735 2.35895 1.6
    endloop
  endfacet
  facet normal 0 0 1
    outer loop
      vertex 6.24 15.3 1.6
      vertex 23.919 18.3536 1.6
      vertex 22.6674 19.8787 1.6
    endloop
  endfacet
  facet normal -0 0 1
    outer loop
      vertex 28.6563 1.28825 1.6
      vertex 30.1492 0 1.6
      vertex 30.0846 1.97166 1.6
    endloop
  endfacet
  facet normal -0 0 1
    outer loop
      vertex 28.7441 2.17986 1.6
      vertex 30.0846 1.97166 1.6
      vertex 29.8912 3.93532 1.6
    endloop
  endfacet
  facet normal 0 0 1
    outer loop
      vertex 28.6972 1.4635 1.6
      vertex 30.0846 1.97166 1.6
      vertex 28.7265 1.64105 1.6
    endloop
  endfacet
  facet normal 0 0 1
    outer loop
      vertex 28.7441 2.17986 1.6
      vertex 29.8912 3.93532 1.6
      vertex 29.5698 5.88187 1.6
    endloop
  endfacet
  facet normal 0 0 1
    outer loop
      vertex 30.0846 1.97166 1.6
      vertex 28.7441 1.82014 1.6
      vertex 28.7265 1.64105 1.6
    endloop
  endfacet
  facet normal 0 0 1
    outer loop
      vertex 28.6563 1.28825 1.6
      vertex 30.0846 1.97166 1.6
      vertex 28.6972 1.4635 1.6
    endloop
  endfacet
  facet normal 0 0 1
    outer loop
      vertex 27.0524 4.54067 1.6
      vertex 29.5698 5.88187 1.6
      vertex 29.1218 7.80316 1.6
    endloop
  endfacet
  facet normal 0 0 1
    outer loop
      vertex 30.0846 1.97166 1.6
      vertex 28.75 2 1.6
      vertex 28.7441 1.82014 1.6
    endloop
  endfacet
  facet normal 0 0 1
    outer loop
      vertex 30.1492 0 1.6
      vertex 28.6563 1.28825 1.6
      vertex 28.6041 1.11604 1.6
    endloop
  endfacet
  facet normal 0 0 1
    outer loop
      vertex 30.1492 0 1.6
      vertex 28.6041 1.11604 1.6
      vertex 28.5407 0.94762 1.6
    endloop
  endfacet
  facet normal 0 0 1
    outer loop
      vertex 30.1492 0 1.6
      vertex 28.5407 0.94762 1.6
      vertex 28.4664 0.783706 1.6
    endloop
  endfacet
  facet normal -0 0 1
    outer loop
      vertex 28.3816 0.625 1.6
      vertex 30.1492 0 1.6
      vertex 28.4664 0.783706 1.6
    endloop
  endfacet
  facet normal -0 0 1
    outer loop
      vertex 28.2865 0.472181 1.6
      vertex 30.1492 0 1.6
      vertex 28.3816 0.625 1.6
    endloop
  endfacet
  facet normal -0 0 1
    outer loop
      vertex 28.1817 0.325906 1.6
      vertex 30.1492 0 1.6
      vertex 28.2865 0.472181 1.6
    endloop
  endfacet
  facet normal -0 0 1
    outer loop
      vertex 28.0676 0.186798 1.6
      vertex 30.1492 0 1.6
      vertex 28.1817 0.325906 1.6
    endloop
  endfacet
  facet normal -0 0 1
    outer loop
      vertex 27.9445 0.0554562 1.6
      vertex 30.1492 0 1.6
      vertex 28.0676 0.186798 1.6
    endloop
  endfacet
  facet normal 0 0 1
    outer loop
      vertex 30.1492 0 1.6
      vertex 27.9445 0.0554562 1.6
      vertex 30.0846 -1.97166 1.6
    endloop
  endfacet
  facet normal -0 0 1
    outer loop
      vertex 27.8132 -0.0675592 1.6
      vertex 30.0846 -1.97166 1.6
      vertex 27.9445 0.0554562 1.6
    endloop
  endfacet
  facet normal -0 0 1
    outer loop
      vertex 27.6741 -0.181721 1.6
      vertex 30.0846 -1.97166 1.6
      vertex 27.8132 -0.0675592 1.6
    endloop
  endfacet
  facet normal -0 0 1
    outer loop
      vertex 27.5278 -0.286541 1.6
      vertex 30.0846 -1.97166 1.6
      vertex 27.6741 -0.181721 1.6
    endloop
  endfacet
  facet normal -0 0 1
    outer loop
      vertex 27.375 -0.381569 1.6
      vertex 30.0846 -1.97166 1.6
      vertex 27.5278 -0.286541 1.6
    endloop
  endfacet
  facet normal -0 0 1
    outer loop
      vertex 27.2163 -0.466399 1.6
      vertex 30.0846 -1.97166 1.6
      vertex 27.375 -0.381569 1.6
    endloop
  endfacet
  facet normal -0 0 1
    outer loop
      vertex 27.0524 -0.540668 1.6
      vertex 30.0846 -1.97166 1.6
      vertex 27.2163 -0.466399 1.6
    endloop
  endfacet
  facet normal 0 0 1
    outer loop
      vertex 30.0846 -1.97166 1.6
      vertex 27.0524 -0.540668 1.6
      vertex 29.8912 -3.93532 1.6
    endloop
  endfacet
  facet normal -0 0 1
    outer loop
      vertex 26.884 -0.604057 1.6
      vertex 29.8912 -3.93532 1.6
      vertex 27.0524 -0.540668 1.6
    endloop
  endfacet
  facet normal -0 0 1
    outer loop
      vertex 26.7118 -0.656296 1.6
      vertex 29.8912 -3.93532 1.6
      vertex 26.884 -0.604057 1.6
    endloop
  endfacet
  facet normal -0 0 1
    outer loop
      vertex 26.5365 -0.697159 1.6
      vertex 29.8912 -3.93532 1.6
      vertex 26.7118 -0.656296 1.6
    endloop
  endfacet
  facet normal -0 0 1
    outer loop
      vertex 26.3589 -0.726473 1.6
      vertex 29.8912 -3.93532 1.6
      vertex 26.5365 -0.697159 1.6
    endloop
  endfacet
  facet normal -0 0 1
    outer loop
      vertex 26.1799 -0.744112 1.6
      vertex 29.8912 -3.93532 1.6
      vertex 26.3589 -0.726473 1.6
    endloop
  endfacet
  facet normal 0 0 1
    outer loop
      vertex 29.8912 -3.93532 1.6
      vertex 26.1799 -0.744112 1.6
      vertex 29.5698 -5.88187 1.6
    endloop
  endfacet
  facet normal -0 0 1
    outer loop
      vertex 26 -0.75 1.6
      vertex 29.5698 -5.88187 1.6
      vertex 26.1799 -0.744112 1.6
    endloop
  endfacet
  facet normal 0 0 1
    outer loop
      vertex 25.8201 -0.744112 1.6
      vertex 29.5698 -5.88187 1.6
      vertex 26 -0.75 1.6
    endloop
  endfacet
  facet normal 0 0 1
    outer loop
      vertex 25.6411 -0.726473 1.6
      vertex 29.5698 -5.88187 1.6
      vertex 25.8201 -0.744112 1.6
    endloop
  endfacet
  facet normal 0 0 1
    outer loop
      vertex 29.5698 -5.88187 1.6
      vertex 25.6411 -0.726473 1.6
      vertex 29.3791 -6.69998 1.6
    endloop
  endfacet
  facet normal 0 0 1
    outer loop
      vertex 25.4635 -0.697159 1.6
      vertex 29.3791 -6.69998 1.6
      vertex 25.6411 -0.726473 1.6
    endloop
  endfacet
  facet normal 0 0 1
    outer loop
      vertex 25.2882 -0.656296 1.6
      vertex 29.3791 -6.69998 1.6
      vertex 25.4635 -0.697159 1.6
    endloop
  endfacet
  facet normal 0 0 1
    outer loop
      vertex 25.116 -0.604057 1.6
      vertex 29.3791 -6.69998 1.6
      vertex 25.2882 -0.656296 1.6
    endloop
  endfacet
  facet normal 0 0 1
    outer loop
      vertex 24.9476 -0.540668 1.6
      vertex 29.3791 -6.69998 1.6
      vertex 25.116 -0.604057 1.6
    endloop
  endfacet
  facet normal 0 0 1
    outer loop
      vertex 24.7837 -0.466399 1.6
      vertex 29.3791 -6.69998 1.6
      vertex 24.9476 -0.540668 1.6
    endloop
  endfacet
  facet normal 0 0 1
    outer loop
      vertex 24.625 -0.381569 1.6
      vertex 29.3791 -6.69998 1.6
      vertex 24.7837 -0.466399 1.6
    endloop
  endfacet
  facet normal 0 0 1
    outer loop
      vertex 24.4722 -0.286541 1.6
      vertex 29.3791 -6.69998 1.6
      vertex 24.625 -0.381569 1.6
    endloop
  endfacet
  facet normal 0 0 1
    outer loop
      vertex 8.22835 -6.69998 1.6
      vertex 24.4722 -0.286541 1.6
      vertex 24.3259 -0.181721 1.6
    endloop
  endfacet
  facet normal 0 0 1
    outer loop
      vertex 8.22835 -6.69998 1.6
      vertex 24.3259 -0.181721 1.6
      vertex 24.1868 -0.0675592 1.6
    endloop
  endfacet
  facet normal 0 0 1
    outer loop
      vertex 8.22835 -6.69998 1.6
      vertex 24.1868 -0.0675592 1.6
      vertex 24.0555 0.0554562 1.6
    endloop
  endfacet
  facet normal 0 0 1
    outer loop
      vertex 8.22835 -6.69998 1.6
      vertex 24.0555 0.0554562 1.6
      vertex 23.9324 0.186798 1.6
    endloop
  endfacet
  facet normal 0 0 1
    outer loop
      vertex 8.22835 -6.69998 1.6
      vertex 23.9324 0.186798 1.6
      vertex 23.8183 0.325906 1.6
    endloop
  endfacet
  facet normal 0 0 1
    outer loop
      vertex 6.24 15.3 1.6
      vertex 22.6674 19.8787 1.6
      vertex 21.3187 21.3187 1.6
    endloop
  endfacet
  facet normal 0 0 1
    outer loop
      vertex 23.2735 2.35895 1.6
      vertex 6.24 4.3 1.6
      vertex 23.2559 2.17986 1.6
    endloop
  endfacet
  facet normal 0 0 1
    outer loop
      vertex 6.24 0.8 1.6
      vertex 23.2559 2.17986 1.6
      vertex 6.24 4.3 1.6
    endloop
  endfacet
  facet normal 0 0 1
    outer loop
      vertex 6.24 15.3 1.6
      vertex 21.3187 21.3187 1.6
      vertex 19.8787 22.6674 1.6
    endloop
  endfacet
  facet normal 0 0 1
    outer loop
      vertex 6.24 18.8 1.6
      vertex 19.8787 22.6674 1.6
      vertex 18.3536 23.919 1.6
    endloop
  endfacet
  facet normal 0 0 1
    outer loop
      vertex 23.2559 2.17986 1.6
      vertex 6.24 0.8 1.6
      vertex 23.25 2 1.6
    endloop
  endfacet
  facet normal 0 0 1
    outer loop
      vertex 6.24 18.8 1.6
      vertex 18.3536 23.919 1.6
      vertex 16.75 25.0681 1.6
    endloop
  endfacet
  facet normal 0 0 1
    outer loop
      vertex 23.25 2 1.6
      vertex 6.24 0.8 1.6
      vertex 23.2559 1.82014 1.6
    endloop
  endfacet
  facet normal 0 0 1
    outer loop
      vertex 6.24 20 1.6
      vertex 16.75 25.0681 1.6
      vertex 15.0746 26.1099 1.6
    endloop
  endfacet
  facet normal 0 0 1
    outer loop
      vertex 23.2559 1.82014 1.6
      vertex 6.24 0.8 1.6
      vertex 23.2735 1.64105 1.6
    endloop
  endfacet
  facet normal 0 0 1
    outer loop
      vertex 6.24 20 1.6
      vertex 15.0746 26.1099 1.6
      vertex 13.3346 27.04 1.6
    endloop
  endfacet
  facet normal 0 0 1
    outer loop
      vertex 6.24 0.6 1.6
      vertex 23.2735 1.64105 1.6
      vertex 6.24 0.8 1.6
    endloop
  endfacet
  facet normal 0 0 1
    outer loop
      vertex 6.24 20 1.6
      vertex 13.3346 27.04 1.6
      vertex 11.5376 27.8541 1.6
    endloop
  endfacet
  facet normal 0 0 1
    outer loop
      vertex 6.24 20 1.6
      vertex 11.5376 27.8541 1.6
      vertex 9.69101 28.5491 1.6
    endloop
  endfacet
  facet normal 0 0 1
    outer loop
      vertex 19.8787 22.6674 1.6
      vertex 6.24 18.8 1.6
      vertex 6.24 15.3 1.6
    endloop
  endfacet
  facet normal 0 0 1
    outer loop
      vertex 24.4722 -0.286541 1.6
      vertex 8.22835 -6.69998 1.6
      vertex 29.3791 -6.69998 1.6
    endloop
  endfacet
  facet normal 0 0 1
    outer loop
      vertex 23.7135 0.472181 1.6
      vertex 8.22835 -6.69998 1.6
      vertex 23.8183 0.325906 1.6
    endloop
  endfacet
  facet normal 0 0 1
    outer loop
      vertex 23.6184 0.625 1.6
      vertex 8.22835 -6.69998 1.6
      vertex 23.7135 0.472181 1.6
    endloop
  endfacet
  facet normal 0 0 1
    outer loop
      vertex 23.5336 0.783706 1.6
      vertex 8.22835 -6.69998 1.6
      vertex 23.6184 0.625 1.6
    endloop
  endfacet
  facet normal 0 0 1
    outer loop
      vertex 23.2735 1.64105 1.6
      vertex 6.24 0.6 1.6
      vertex 23.3028 1.4635 1.6
    endloop
  endfacet
  facet normal 0 0 1
    outer loop
      vertex 6.24 20 1.6
      vertex 9.69101 28.5491 1.6
      vertex 7.80316 29.1218 1.6
    endloop
  endfacet
  facet normal 0 0 1
    outer loop
      vertex 16.75 25.0681 1.6
      vertex 6.24 20 1.6
      vertex 6.24 19 1.6
    endloop
  endfacet
  facet normal 0 0 1
    outer loop
      vertex 16.75 25.0681 1.6
      vertex 6.24 19 1.6
      vertex 6.24 18.8 1.6
    endloop
  endfacet
  facet normal 0 0 1
    outer loop
      vertex 6.24 -0.4 1.6
      vertex 23.3028 1.4635 1.6
      vertex 6.24 0.6 1.6
    endloop
  endfacet
  facet normal 0 0 1
    outer loop
      vertex 23.3028 1.4635 1.6
      vertex 6.24 -0.4 1.6
      vertex 23.3437 1.28825 1.6
    endloop
  endfacet
  facet normal 0 -0 1
    outer loop
      vertex 8.22835 -6.69998 1.6
      vertex 23.3437 1.28825 1.6
      vertex 6.24 -0.4 1.6
    endloop
  endfacet
  facet normal 0 0 1
    outer loop
      vertex 23.3437 1.28825 1.6
      vertex 8.22835 -6.69998 1.6
      vertex 23.3959 1.11604 1.6
    endloop
  endfacet
  facet normal 0 0 1
    outer loop
      vertex 23.3959 1.11604 1.6
      vertex 8.22835 -6.69998 1.6
      vertex 23.4593 0.94762 1.6
    endloop
  endfacet
  facet normal 0 0 1
    outer loop
      vertex 23.4593 0.94762 1.6
      vertex 8.22835 -6.69998 1.6
      vertex 23.5336 0.783706 1.6
    endloop
  endfacet
  facet normal 0 0 1
    outer loop
      vertex 4.12834 -0.899994 1.6
      vertex 6.24 -0.4 1.6
      vertex 5.24 -0.4 1.6
    endloop
  endfacet
  facet normal 0 0 1
    outer loop
      vertex 5.24 0.8 1.6
      vertex 5.04 0.6 1.6
      vertex 5.24 0.6 1.6
    endloop
  endfacet
  facet normal 0 0 1
    outer loop
      vertex 5.24 0.6 1.6
      vertex 5.04 0.6 1.6
      vertex 5.24 -0.4 1.6
    endloop
  endfacet
  facet normal 0 0 1
    outer loop
      vertex 5.04 -0.4 1.6
      vertex 5.24 -0.4 1.6
      vertex 5.04 0.6 1.6
    endloop
  endfacet
  facet normal 0 0 1
    outer loop
      vertex 4.12834 -0.899994 1.6
      vertex 5.24 -0.4 1.6
      vertex 5.04 -0.4 1.6
    endloop
  endfacet
  facet normal 0 0 1
    outer loop
      vertex 6.24 -0.4 1.6
      vertex 4.12834 -0.899994 1.6
      vertex 8.22835 -6.69998 1.6
    endloop
  endfacet
  facet normal -0 0 1
    outer loop
      vertex 1.54 -0.4 1.6
      vertex 4.12834 -0.899994 1.6
      vertex 5.04 -0.4 1.6
    endloop
  endfacet
  facet normal 0 0 1
    outer loop
      vertex -17.5 -0.4 1.6
      vertex 1.54 -0.4 1.6
      vertex -12.83 1.1 1.6
    endloop
  endfacet
  facet normal 0 0 1
    outer loop
      vertex -13.0278 4.41098 1.6
      vertex -12.83 2.1 1.6
      vertex -12.9607 4.33934 1.6
    endloop
  endfacet
  facet normal 0 0 1
    outer loop
      vertex -13.09 4.48686 1.6
      vertex -12.83 2.1 1.6
      vertex -13.0278 4.41098 1.6
    endloop
  endfacet
  facet normal 0 0 1
    outer loop
      vertex -13.1472 4.56664 1.6
      vertex -12.83 2.1 1.6
      vertex -13.09 4.48686 1.6
    endloop
  endfacet
  facet normal 0 0 1
    outer loop
      vertex -12.83 2.1 1.6
      vertex -13.1472 4.56664 1.6
      vertex -17.5 0.6 1.6
    endloop
  endfacet
  facet normal 0 0 1
    outer loop
      vertex -17.5 0.6 1.6
      vertex -13.1472 4.56664 1.6
      vertex -13.199 4.65 1.6
    endloop
  endfacet
  facet normal 0 0 1
    outer loop
      vertex -17.5 0.6 1.6
      vertex -13.199 4.65 1.6
      vertex -13.2453 4.73657 1.6
    endloop
  endfacet
  facet normal 0 0 1
    outer loop
      vertex -17.5 0.6 1.6
      vertex -13.2453 4.73657 1.6
      vertex -13.2858 4.82597 1.6
    endloop
  endfacet
  facet normal 0 0 1
    outer loop
      vertex -17.5 0.6 1.6
      vertex -13.2858 4.82597 1.6
      vertex -13.3204 4.91784 1.6
    endloop
  endfacet
  facet normal 0 0 1
    outer loop
      vertex -17.5 0.6 1.6
      vertex -13.3204 4.91784 1.6
      vertex -13.3489 5.01177 1.6
    endloop
  endfacet
  facet normal 0 0 1
    outer loop
      vertex -17.5 0.6 1.6
      vertex -13.3489 5.01177 1.6
      vertex -13.3712 5.10736 1.6
    endloop
  endfacet
  facet normal 0 0 1
    outer loop
      vertex -17.5 0.6 1.6
      vertex -13.3712 5.10736 1.6
      vertex -13.3872 5.20421 1.6
    endloop
  endfacet
  facet normal 0 0 1
    outer loop
      vertex -17.5 0.6 1.6
      vertex -13.3968 5.3019 1.6
      vertex -13.4 5.4 1.6
    endloop
  endfacet
  facet normal 0 0 1
    outer loop
      vertex -17.5 0.6 1.6
      vertex -13.3872 5.20421 1.6
      vertex -13.3968 5.3019 1.6
    endloop
  endfacet
  facet normal 0 0 1
    outer loop
      vertex -12.83 2.1 1.6
      vertex -17.5 0.6 1.6
      vertex -12.83 1.1 1.6
    endloop
  endfacet
  facet normal 0 0 1
    outer loop
      vertex -17.5 -0.4 1.6
      vertex -12.83 1.1 1.6
      vertex -17.5 0.6 1.6
    endloop
  endfacet
  facet normal 0 0 1
    outer loop
      vertex 1.54 -0.4 1.6
      vertex -17.5 -0.4 1.6
      vertex 4.12834 -0.899994 1.6
    endloop
  endfacet
  facet normal 0 0 1
    outer loop
      vertex -30.1197 -0.899994 1.6
      vertex -17.5 -0.4 1.6
      vertex -21 -0.4 1.6
    endloop
  endfacet
  facet normal 0 0 1
    outer loop
      vertex -21 19 1.6
      vertex -21.2 19 1.6
      vertex -21.2 18.8 1.6
    endloop
  endfacet
  facet normal 0 0 1
    outer loop
      vertex -18.4 17.5 1.6
      vertex -21.2 18.8 1.6
      vertex -21.2 15.3 1.6
    endloop
  endfacet
  facet normal 0 0 1
    outer loop
      vertex -17.5 0.6 1.6
      vertex -21.2 4.3 1.6
      vertex -21 0.6 1.6
    endloop
  endfacet
  facet normal -0 0 1
    outer loop
      vertex -21.2 0.8 1.6
      vertex -21 0.6 1.6
      vertex -21.2 4.3 1.6
    endloop
  endfacet
  facet normal 0 0 1
    outer loop
      vertex -21.2 0.6 1.6
      vertex -21 0.6 1.6
      vertex -21.2 0.8 1.6
    endloop
  endfacet
  facet normal 0 0 1
    outer loop
      vertex -21 0.6 1.6
      vertex -21.2 0.6 1.6
      vertex -21 -0.4 1.6
    endloop
  endfacet
  facet normal 0 0 1
    outer loop
      vertex -21.2 -0.4 1.6
      vertex -21 -0.4 1.6
      vertex -21.2 0.6 1.6
    endloop
  endfacet
  facet normal 0 0 1
    outer loop
      vertex -30.1197 -0.899994 1.6
      vertex -21 -0.4 1.6
      vertex -21.2 -0.4 1.6
    endloop
  endfacet
  facet normal 0 0 1
    outer loop
      vertex -30.1197 -0.899994 1.6
      vertex -21.2 -0.4 1.6
      vertex -22.2 -0.4 1.6
    endloop
  endfacet
  facet normal -0 0 1
    outer loop
      vertex -25.3479 16.3 1.6
      vertex -22.2 15.3 1.6
      vertex -25.0681 16.75 1.6
    endloop
  endfacet
  facet normal -0 0 1
    outer loop
      vertex -30.065 10.2057 1.6
      vertex -22.2 4.3 1.6
      vertex -29.3332 12.1502 1.6
    endloop
  endfacet
  facet normal 0 0 1
    outer loop
      vertex -22.2 4.3 1.6
      vertex -29.9538 3.3 1.6
      vertex -22.2 0.8 1.6
    endloop
  endfacet
  facet normal 0 0 1
    outer loop
      vertex -27.4963 15.875 1.6
      vertex -25.3479 16.3 1.6
      vertex -27.232 16.3 1.6
    endloop
  endfacet
  facet normal 0 0 1
    outer loop
      vertex -28.4757 14.0427 1.6
      vertex -25.3479 16.3 1.6
      vertex -27.4963 15.875 1.6
    endloop
  endfacet
  facet normal 0 0 1
    outer loop
      vertex -22.2 15.3 1.6
      vertex -28.4757 14.0427 1.6
      vertex -29.3332 12.1502 1.6
    endloop
  endfacet
  facet normal -0 0 1
    outer loop
      vertex -30.0846 1.97166 1.6
      vertex -22.2 0.8 1.6
      vertex -29.9538 3.3 1.6
    endloop
  endfacet
  facet normal 0 0 1
    outer loop
      vertex -30.1492 0 1.6
      vertex -22.2 0.8 1.6
      vertex -30.0846 1.97166 1.6
    endloop
  endfacet
  facet normal 0 0 1
    outer loop
      vertex -22.2 0.8 1.6
      vertex -30.1492 0 1.6
      vertex -22.2 0.6 1.6
    endloop
  endfacet
  facet normal 0 0 1
    outer loop
      vertex -17.5 -0.4 1.6
      vertex -30.1197 -0.899994 1.6
      vertex 4.12834 -0.899994 1.6
    endloop
  endfacet
  facet normal 0 0 1
    outer loop
      vertex -22.2 0.6 1.6
      vertex -30.1492 0 1.6
      vertex -22.2 -0.4 1.6
    endloop
  endfacet
  facet normal 0 0 1
    outer loop
      vertex -22.2 -0.4 1.6
      vertex -30.1492 0 1.6
      vertex -30.1197 -0.899994 1.6
    endloop
  endfacet
  facet normal -0.0980153 -0.995185 0
    outer loop
      vertex 1.97166 30.0846 1.6
      vertex 3.93532 29.8912 11.6
      vertex 1.97166 30.0846 11.6
    endloop
  endfacet
  facet normal -0.0980153 -0.995185 -0
    outer loop
      vertex 3.93532 29.8912 11.6
      vertex 1.97166 30.0846 1.6
      vertex 3.93532 29.8912 1.6
    endloop
  endfacet
  facet normal -0.162907 -0.986641 0
    outer loop
      vertex 3.93532 29.8912 1.6
      vertex 5.88187 29.5698 11.6
      vertex 3.93532 29.8912 11.6
    endloop
  endfacet
  facet normal -0.162907 -0.986641 -0
    outer loop
      vertex 5.88187 29.5698 11.6
      vertex 3.93532 29.8912 1.6
      vertex 5.88187 29.5698 1.6
    endloop
  endfacet
  facet normal -0.227085 -0.973875 0
    outer loop
      vertex 5.88187 29.5698 1.6
      vertex 7.80316 29.1218 11.6
      vertex 5.88187 29.5698 11.6
    endloop
  endfacet
  facet normal -0.227085 -0.973875 -0
    outer loop
      vertex 7.80316 29.1218 11.6
      vertex 5.88187 29.5698 1.6
      vertex 7.80316 29.1218 1.6
    endloop
  endfacet
  facet normal -0.290297 -0.956937 0
    outer loop
      vertex 7.80316 29.1218 1.6
      vertex 9.69101 28.5491 11.6
      vertex 7.80316 29.1218 11.6
    endloop
  endfacet
  facet normal -0.290297 -0.956937 -0
    outer loop
      vertex 9.69101 28.5491 11.6
      vertex 7.80316 29.1218 1.6
      vertex 9.69101 28.5491 1.6
    endloop
  endfacet
  facet normal -0.352247 -0.935907 0
    outer loop
      vertex 9.69101 28.5491 1.6
      vertex 11.5376 27.8541 11.6
      vertex 9.69101 28.5491 11.6
    endloop
  endfacet
  facet normal -0.352247 -0.935907 -0
    outer loop
      vertex 11.5376 27.8541 11.6
      vertex 9.69101 28.5491 1.6
      vertex 11.5376 27.8541 1.6
    endloop
  endfacet
  facet normal -0.412661 -0.910885 0
    outer loop
      vertex 11.5376 27.8541 1.6
      vertex 13.3346 27.04 11.6
      vertex 11.5376 27.8541 11.6
    endloop
  endfacet
  facet normal -0.412661 -0.910885 -0
    outer loop
      vertex 13.3346 27.04 11.6
      vertex 11.5376 27.8541 1.6
      vertex 13.3346 27.04 1.6
    endloop
  endfacet
  facet normal -0.471417 -0.881911 0
    outer loop
      vertex 13.3346 27.04 1.6
      vertex 15.0746 26.1099 11.6
      vertex 13.3346 27.04 11.6
    endloop
  endfacet
  facet normal -0.471417 -0.881911 -0
    outer loop
      vertex 15.0746 26.1099 11.6
      vertex 13.3346 27.04 1.6
      vertex 15.0746 26.1099 1.6
    endloop
  endfacet
  facet normal -0.528057 -0.849209 0
    outer loop
      vertex 15.0746 26.1099 1.6
      vertex 16.75 25.0681 11.6
      vertex 15.0746 26.1099 11.6
    endloop
  endfacet
  facet normal -0.528057 -0.849209 -0
    outer loop
      vertex 16.75 25.0681 11.6
      vertex 15.0746 26.1099 1.6
      vertex 16.75 25.0681 1.6
    endloop
  endfacet
  facet normal -0.58247 -0.812852 0
    outer loop
      vertex 16.75 25.0681 1.6
      vertex 18.3536 23.919 11.6
      vertex 16.75 25.0681 11.6
    endloop
  endfacet
  facet normal -0.58247 -0.812852 -0
    outer loop
      vertex 18.3536 23.919 11.6
      vertex 16.75 25.0681 1.6
      vertex 18.3536 23.919 1.6
    endloop
  endfacet
  facet normal -0.634388 -0.773015 0
    outer loop
      vertex 18.3536 23.919 1.6
      vertex 19.8787 22.6674 11.6
      vertex 18.3536 23.919 11.6
    endloop
  endfacet
  facet normal -0.634388 -0.773015 -0
    outer loop
      vertex 19.8787 22.6674 11.6
      vertex 18.3536 23.919 1.6
      vertex 19.8787 22.6674 1.6
    endloop
  endfacet
  facet normal -0.68359 -0.729866 0
    outer loop
      vertex 19.8787 22.6674 1.6
      vertex 21.3187 21.3187 11.6
      vertex 19.8787 22.6674 11.6
    endloop
  endfacet
  facet normal -0.68359 -0.729866 -0
    outer loop
      vertex 21.3187 21.3187 11.6
      vertex 19.8787 22.6674 1.6
      vertex 21.3187 21.3187 1.6
    endloop
  endfacet
  facet normal -0.729866 -0.68359 0
    outer loop
      vertex 22.6674 19.8787 1.6
      vertex 21.3187 21.3187 11.6
      vertex 21.3187 21.3187 1.6
    endloop
  endfacet
  facet normal -0.729866 -0.68359 0
    outer loop
      vertex 21.3187 21.3187 11.6
      vertex 22.6674 19.8787 1.6
      vertex 22.6674 19.8787 11.6
    endloop
  endfacet
  facet normal -0.773015 -0.634388 0
    outer loop
      vertex 23.919 18.3536 1.6
      vertex 22.6674 19.8787 11.6
      vertex 22.6674 19.8787 1.6
    endloop
  endfacet
  facet normal -0.773015 -0.634388 0
    outer loop
      vertex 22.6674 19.8787 11.6
      vertex 23.919 18.3536 1.6
      vertex 23.919 18.3536 11.6
    endloop
  endfacet
  facet normal -0.812852 -0.58247 0
    outer loop
      vertex 25.0681 16.75 1.6
      vertex 23.919 18.3536 11.6
      vertex 23.919 18.3536 1.6
    endloop
  endfacet
  facet normal -0.812852 -0.58247 0
    outer loop
      vertex 23.919 18.3536 11.6
      vertex 25.0681 16.75 1.6
      vertex 25.0681 16.75 11.6
    endloop
  endfacet
  facet normal -0.849209 -0.528057 0
    outer loop
      vertex 26.1099 15.0746 1.6
      vertex 25.0681 16.75 11.6
      vertex 25.0681 16.75 1.6
    endloop
  endfacet
  facet normal -0.849209 -0.528057 0
    outer loop
      vertex 25.0681 16.75 11.6
      vertex 26.1099 15.0746 1.6
      vertex 26.1099 15.0746 11.6
    endloop
  endfacet
  facet normal -0.881911 -0.471417 0
    outer loop
      vertex 27.04 13.3346 1.6
      vertex 26.1099 15.0746 11.6
      vertex 26.1099 15.0746 1.6
    endloop
  endfacet
  facet normal -0.881911 -0.471417 0
    outer loop
      vertex 26.1099 15.0746 11.6
      vertex 27.04 13.3346 1.6
      vertex 27.04 13.3346 11.6
    endloop
  endfacet
  facet normal -0.910885 -0.412661 0
    outer loop
      vertex 27.8541 11.5376 1.6
      vertex 27.04 13.3346 11.6
      vertex 27.04 13.3346 1.6
    endloop
  endfacet
  facet normal -0.910885 -0.412661 0
    outer loop
      vertex 27.04 13.3346 11.6
      vertex 27.8541 11.5376 1.6
      vertex 27.8541 11.5376 11.6
    endloop
  endfacet
  facet normal -0.935907 -0.352247 0
    outer loop
      vertex 28.5491 9.69101 1.6
      vertex 27.8541 11.5376 11.6
      vertex 27.8541 11.5376 1.6
    endloop
  endfacet
  facet normal -0.935907 -0.352247 0
    outer loop
      vertex 27.8541 11.5376 11.6
      vertex 28.5491 9.69101 1.6
      vertex 28.5491 9.69101 11.6
    endloop
  endfacet
  facet normal -0.956937 -0.290297 0
    outer loop
      vertex 29.1218 7.80316 1.6
      vertex 28.5491 9.69101 11.6
      vertex 28.5491 9.69101 1.6
    endloop
  endfacet
  facet normal -0.956937 -0.290297 0
    outer loop
      vertex 28.5491 9.69101 11.6
      vertex 29.1218 7.80316 1.6
      vertex 29.1218 7.80316 11.6
    endloop
  endfacet
  facet normal -0.973875 -0.227085 0
    outer loop
      vertex 29.5698 5.88187 1.6
      vertex 29.1218 7.80316 11.6
      vertex 29.1218 7.80316 1.6
    endloop
  endfacet
  facet normal -0.973875 -0.227085 0
    outer loop
      vertex 29.1218 7.80316 11.6
      vertex 29.5698 5.88187 1.6
      vertex 29.5698 5.88187 11.6
    endloop
  endfacet
  facet normal -0.986641 -0.162907 0
    outer loop
      vertex 29.8912 3.93532 1.6
      vertex 29.5698 5.88187 11.6
      vertex 29.5698 5.88187 1.6
    endloop
  endfacet
  facet normal -0.986641 -0.162907 0
    outer loop
      vertex 29.5698 5.88187 11.6
      vertex 29.8912 3.93532 1.6
      vertex 29.8912 3.93532 11.6
    endloop
  endfacet
  facet normal -0.995185 -0.0980153 0
    outer loop
      vertex 30.0846 1.97166 1.6
      vertex 29.8912 3.93532 11.6
      vertex 29.8912 3.93532 1.6
    endloop
  endfacet
  facet normal -0.995185 -0.0980153 0
    outer loop
      vertex 29.8912 3.93532 11.6
      vertex 30.0846 1.97166 1.6
      vertex 30.0846 1.97166 11.6
    endloop
  endfacet
  facet normal -0.999464 -0.0327467 0
    outer loop
      vertex 30.1492 0 1.6
      vertex 30.0846 1.97166 11.6
      vertex 30.0846 1.97166 1.6
    endloop
  endfacet
  facet normal -0.999464 -0.0327467 0
    outer loop
      vertex 30.0846 1.97166 11.6
      vertex 30.1492 0 1.6
      vertex 30.1492 0 11.6
    endloop
  endfacet
  facet normal -0.999464 0.0327467 0
    outer loop
      vertex 30.0846 -1.97166 1.6
      vertex 30.1492 0 11.6
      vertex 30.1492 0 1.6
    endloop
  endfacet
  facet normal -0.999464 0.0327467 0
    outer loop
      vertex 30.1492 0 11.6
      vertex 30.0846 -1.97166 1.6
      vertex 30.0846 -1.97166 11.6
    endloop
  endfacet
  facet normal -0.995185 0.0980153 0
    outer loop
      vertex 29.8912 -3.93532 1.6
      vertex 30.0846 -1.97166 11.6
      vertex 30.0846 -1.97166 1.6
    endloop
  endfacet
  facet normal -0.995185 0.0980153 0
    outer loop
      vertex 30.0846 -1.97166 11.6
      vertex 29.8912 -3.93532 1.6
      vertex 29.8912 -3.93532 11.6
    endloop
  endfacet
  facet normal -0.986641 0.162907 0
    outer loop
      vertex 29.5698 -5.88187 1.6
      vertex 29.8912 -3.93532 11.6
      vertex 29.8912 -3.93532 1.6
    endloop
  endfacet
  facet normal -0.986641 0.162907 0
    outer loop
      vertex 29.8912 -3.93532 11.6
      vertex 29.5698 -5.88187 1.6
      vertex 29.5698 -5.88187 11.6
    endloop
  endfacet
  facet normal -0.973892 0.227012 0
    outer loop
      vertex 29.3791 -6.69998 1.6
      vertex 29.5698 -5.88187 11.6
      vertex 29.5698 -5.88187 1.6
    endloop
  endfacet
  facet normal -0.973892 0.227012 0
    outer loop
      vertex 29.5698 -5.88187 11.6
      vertex 29.3791 -6.69998 1.6
      vertex 29.3791 -6.69998 11.6
    endloop
  endfacet
  facet normal 0 1 -0
    outer loop
      vertex 29.3791 -6.69998 1.6
      vertex 8.22835 -6.69998 11.6
      vertex 29.3791 -6.69998 11.6
    endloop
  endfacet
  facet normal 0 1 0
    outer loop
      vertex 8.22835 -6.69998 11.6
      vertex 29.3791 -6.69998 1.6
      vertex 8.22835 -6.69998 1.6
    endloop
  endfacet
  facet normal 0.816576 0.577238 0
    outer loop
      vertex 8.22835 -6.69998 11.6
      vertex 4.12834 -0.899994 1.6
      vertex 4.12834 -0.899994 11.6
    endloop
  endfacet
  facet normal 0.816576 0.577238 0
    outer loop
      vertex 4.12834 -0.899994 1.6
      vertex 8.22835 -6.69998 11.6
      vertex 8.22835 -6.69998 1.6
    endloop
  endfacet
  facet normal 0 1 -0
    outer loop
      vertex 4.12834 -0.899994 1.6
      vertex -30.1197 -0.899994 11.6
      vertex 4.12834 -0.899994 11.6
    endloop
  endfacet
  facet normal 0 1 0
    outer loop
      vertex -30.1197 -0.899994 11.6
      vertex 4.12834 -0.899994 1.6
      vertex -30.1197 -0.899994 1.6
    endloop
  endfacet
  facet normal 0.999463 0.0327604 0
    outer loop
      vertex -30.1197 -0.899994 11.6
      vertex -30.1492 0 1.6
      vertex -30.1492 0 11.6
    endloop
  endfacet
  facet normal 0.999463 0.0327604 0
    outer loop
      vertex -30.1492 0 1.6
      vertex -30.1197 -0.899994 11.6
      vertex -30.1197 -0.899994 1.6
    endloop
  endfacet
  facet normal 0.999464 -0.0327467 0
    outer loop
      vertex -30.1492 0 11.6
      vertex -30.0846 1.97166 1.6
      vertex -30.0846 1.97166 11.6
    endloop
  endfacet
  facet normal 0.999464 -0.0327467 0
    outer loop
      vertex -30.0846 1.97166 1.6
      vertex -30.1492 0 11.6
      vertex -30.1492 0 1.6
    endloop
  endfacet
  facet normal 0.995187 -0.0979948 0
    outer loop
      vertex -30.0846 1.97166 11.6
      vertex -29.9538 3.3 1.6
      vertex -29.9538 3.3 11.6
    endloop
  endfacet
  facet normal 0.995187 -0.0979948 0
    outer loop
      vertex -29.9538 3.3 1.6
      vertex -30.0846 1.97166 11.6
      vertex -30.0846 1.97166 1.6
    endloop
  endfacet
  facet normal 0.849226 -0.52803 0
    outer loop
      vertex -25.3479 16.3 11.6
      vertex -25.0681 16.75 1.6
      vertex -25.0681 16.75 11.6
    endloop
  endfacet
  facet normal 0.849226 -0.52803 0
    outer loop
      vertex -25.0681 16.75 1.6
      vertex -25.3479 16.3 11.6
      vertex -25.3479 16.3 1.6
    endloop
  endfacet
  facet normal 0.812852 -0.58247 0
    outer loop
      vertex -25.0681 16.75 11.6
      vertex -23.919 18.3536 1.6
      vertex -23.919 18.3536 11.6
    endloop
  endfacet
  facet normal 0.812852 -0.58247 0
    outer loop
      vertex -23.919 18.3536 1.6
      vertex -25.0681 16.75 11.6
      vertex -25.0681 16.75 1.6
    endloop
  endfacet
  facet normal 0.773015 -0.634388 0
    outer loop
      vertex -23.919 18.3536 11.6
      vertex -22.6674 19.8787 1.6
      vertex -22.6674 19.8787 11.6
    endloop
  endfacet
  facet normal 0.773015 -0.634388 0
    outer loop
      vertex -22.6674 19.8787 1.6
      vertex -23.919 18.3536 11.6
      vertex -23.919 18.3536 1.6
    endloop
  endfacet
  facet normal 0.729866 -0.68359 0
    outer loop
      vertex -22.6674 19.8787 11.6
      vertex -21.3187 21.3187 1.6
      vertex -21.3187 21.3187 11.6
    endloop
  endfacet
  facet normal 0.729866 -0.68359 0
    outer loop
      vertex -21.3187 21.3187 1.6
      vertex -22.6674 19.8787 11.6
      vertex -22.6674 19.8787 1.6
    endloop
  endfacet
  facet normal 0.68359 -0.729866 0
    outer loop
      vertex -21.3187 21.3187 1.6
      vertex -19.8787 22.6674 11.6
      vertex -21.3187 21.3187 11.6
    endloop
  endfacet
  facet normal 0.68359 -0.729866 0
    outer loop
      vertex -19.8787 22.6674 11.6
      vertex -21.3187 21.3187 1.6
      vertex -19.8787 22.6674 1.6
    endloop
  endfacet
  facet normal 0.634388 -0.773015 0
    outer loop
      vertex -19.8787 22.6674 1.6
      vertex -18.3536 23.919 11.6
      vertex -19.8787 22.6674 11.6
    endloop
  endfacet
  facet normal 0.634388 -0.773015 0
    outer loop
      vertex -18.3536 23.919 11.6
      vertex -19.8787 22.6674 1.6
      vertex -18.3536 23.919 1.6
    endloop
  endfacet
  facet normal 0.58247 -0.812852 0
    outer loop
      vertex -18.3536 23.919 1.6
      vertex -16.75 25.0681 11.6
      vertex -18.3536 23.919 11.6
    endloop
  endfacet
  facet normal 0.58247 -0.812852 0
    outer loop
      vertex -16.75 25.0681 11.6
      vertex -18.3536 23.919 1.6
      vertex -16.75 25.0681 1.6
    endloop
  endfacet
  facet normal 0.528057 -0.849209 0
    outer loop
      vertex -16.75 25.0681 1.6
      vertex -15.0746 26.1099 11.6
      vertex -16.75 25.0681 11.6
    endloop
  endfacet
  facet normal 0.528057 -0.849209 0
    outer loop
      vertex -15.0746 26.1099 11.6
      vertex -16.75 25.0681 1.6
      vertex -15.0746 26.1099 1.6
    endloop
  endfacet
  facet normal 0.471417 -0.881911 0
    outer loop
      vertex -15.0746 26.1099 1.6
      vertex -13.3346 27.04 11.6
      vertex -15.0746 26.1099 11.6
    endloop
  endfacet
  facet normal 0.471417 -0.881911 0
    outer loop
      vertex -13.3346 27.04 11.6
      vertex -15.0746 26.1099 1.6
      vertex -13.3346 27.04 1.6
    endloop
  endfacet
  facet normal 0.412661 -0.910885 0
    outer loop
      vertex -13.3346 27.04 1.6
      vertex -11.5376 27.8541 11.6
      vertex -13.3346 27.04 11.6
    endloop
  endfacet
  facet normal 0.412661 -0.910885 0
    outer loop
      vertex -11.5376 27.8541 11.6
      vertex -13.3346 27.04 1.6
      vertex -11.5376 27.8541 1.6
    endloop
  endfacet
  facet normal 0.352247 -0.935907 0
    outer loop
      vertex -11.5376 27.8541 1.6
      vertex -9.69101 28.5491 11.6
      vertex -11.5376 27.8541 11.6
    endloop
  endfacet
  facet normal 0.352247 -0.935907 0
    outer loop
      vertex -9.69101 28.5491 11.6
      vertex -11.5376 27.8541 1.6
      vertex -9.69101 28.5491 1.6
    endloop
  endfacet
  facet normal 0.290297 -0.956937 0
    outer loop
      vertex -9.69101 28.5491 1.6
      vertex -7.80316 29.1218 11.6
      vertex -9.69101 28.5491 11.6
    endloop
  endfacet
  facet normal 0.290297 -0.956937 0
    outer loop
      vertex -7.80316 29.1218 11.6
      vertex -9.69101 28.5491 1.6
      vertex -7.80316 29.1218 1.6
    endloop
  endfacet
  facet normal 0.227085 -0.973875 0
    outer loop
      vertex -7.80316 29.1218 1.6
      vertex -5.88187 29.5698 11.6
      vertex -7.80316 29.1218 11.6
    endloop
  endfacet
  facet normal 0.227085 -0.973875 0
    outer loop
      vertex -5.88187 29.5698 11.6
      vertex -7.80316 29.1218 1.6
      vertex -5.88187 29.5698 1.6
    endloop
  endfacet
  facet normal 0.162907 -0.986641 0
    outer loop
      vertex -5.88187 29.5698 1.6
      vertex -3.93532 29.8912 11.6
      vertex -5.88187 29.5698 11.6
    endloop
  endfacet
  facet normal 0.162907 -0.986641 0
    outer loop
      vertex -3.93532 29.8912 11.6
      vertex -5.88187 29.5698 1.6
      vertex -3.93532 29.8912 1.6
    endloop
  endfacet
  facet normal 0.0980153 -0.995185 0
    outer loop
      vertex -3.93532 29.8912 1.6
      vertex -1.97166 30.0846 11.6
      vertex -3.93532 29.8912 11.6
    endloop
  endfacet
  facet normal 0.0980153 -0.995185 0
    outer loop
      vertex -1.97166 30.0846 11.6
      vertex -3.93532 29.8912 1.6
      vertex -1.97166 30.0846 1.6
    endloop
  endfacet
  facet normal 0.0327467 -0.999464 0
    outer loop
      vertex -1.97166 30.0846 1.6
      vertex 0 30.1492 11.6
      vertex -1.97166 30.0846 11.6
    endloop
  endfacet
  facet normal 0.0327467 -0.999464 0
    outer loop
      vertex 0 30.1492 11.6
      vertex -1.97166 30.0846 1.6
      vertex 0 30.1492 1.6
    endloop
  endfacet
  facet normal -0.0327467 -0.999464 0
    outer loop
      vertex 0 30.1492 1.6
      vertex 1.97166 30.0846 11.6
      vertex 0 30.1492 11.6
    endloop
  endfacet
  facet normal -0.0327467 -0.999464 -0
    outer loop
      vertex 1.97166 30.0846 11.6
      vertex 0 30.1492 1.6
      vertex 1.97166 30.0846 1.6
    endloop
  endfacet
  facet normal 1 -0 0
    outer loop
      vertex 4.74 1.1 6.9
      vertex 4.74 2.1 1.6
      vertex 4.74 2.1 6.9
    endloop
  endfacet
  facet normal 1 0 0
    outer loop
      vertex 4.74 2.1 1.6
      vertex 4.74 1.1 6.9
      vertex 4.74 1.1 1.6
    endloop
  endfacet
  facet normal -0 0 1
    outer loop
      vertex -12.83 2.1 6.9
      vertex 4.74 1.1 6.9
      vertex 4.74 2.1 6.9
    endloop
  endfacet
  facet normal 0 0 1
    outer loop
      vertex 4.74 1.1 6.9
      vertex -12.83 2.1 6.9
      vertex -12.83 1.1 6.9
    endloop
  endfacet
  facet normal -1 0 0
    outer loop
      vertex -12.83 1.1 1.6
      vertex -12.83 2.1 6.9
      vertex -12.83 2.1 1.6
    endloop
  endfacet
  facet normal -1 -0 0
    outer loop
      vertex -12.83 2.1 6.9
      vertex -12.83 1.1 1.6
      vertex -12.83 1.1 6.9
    endloop
  endfacet
  facet normal 0 -1 0
    outer loop
      vertex -12.83 1.1 1.6
      vertex 4.74 1.1 6.9
      vertex -12.83 1.1 6.9
    endloop
  endfacet
  facet normal 0 -1 -0
    outer loop
      vertex 4.74 1.1 6.9
      vertex -12.83 1.1 1.6
      vertex 4.74 1.1 1.6
    endloop
  endfacet
  facet normal 0 1 -0
    outer loop
      vertex 4.74 2.1 1.6
      vertex -12.83 2.1 6.9
      vertex 4.74 2.1 6.9
    endloop
  endfacet
  facet normal 0 1 0
    outer loop
      vertex -12.83 2.1 6.9
      vertex 4.74 2.1 1.6
      vertex -12.83 2.1 1.6
    endloop
  endfacet
  facet normal 1 -0 0
    outer loop
      vertex -13.29 17.5 6.9
      vertex -13.29 18.5 1.6
      vertex -13.29 18.5 6.9
    endloop
  endfacet
  facet normal 1 0 0
    outer loop
      vertex -13.29 18.5 1.6
      vertex -13.29 17.5 6.9
      vertex -13.29 17.5 1.6
    endloop
  endfacet
  facet normal -0 0 1
    outer loop
      vertex -18.4 18.5 6.9
      vertex -13.29 17.5 6.9
      vertex -13.29 18.5 6.9
    endloop
  endfacet
  facet normal 0 0 1
    outer loop
      vertex -13.29 17.5 6.9
      vertex -18.4 18.5 6.9
      vertex -18.4 17.5 6.9
    endloop
  endfacet
  facet normal -1 0 0
    outer loop
      vertex -18.4 17.5 1.6
      vertex -18.4 18.5 6.9
      vertex -18.4 18.5 1.6
    endloop
  endfacet
  facet normal -1 -0 0
    outer loop
      vertex -18.4 18.5 6.9
      vertex -18.4 17.5 1.6
      vertex -18.4 17.5 6.9
    endloop
  endfacet
  facet normal 0 -1 0
    outer loop
      vertex -18.4 17.5 1.6
      vertex -13.29 17.5 6.9
      vertex -18.4 17.5 6.9
    endloop
  endfacet
  facet normal 0 -1 -0
    outer loop
      vertex -13.29 17.5 6.9
      vertex -18.4 17.5 1.6
      vertex -13.29 17.5 1.6
    endloop
  endfacet
  facet normal 0 1 -0
    outer loop
      vertex -13.29 18.5 1.6
      vertex -18.4 18.5 6.9
      vertex -13.29 18.5 6.9
    endloop
  endfacet
  facet normal 0 1 0
    outer loop
      vertex -18.4 18.5 6.9
      vertex -13.29 18.5 1.6
      vertex -18.4 18.5 1.6
    endloop
  endfacet
  facet normal 1 -0 0
    outer loop
      vertex 4.74 17.5 6.9
      vertex 4.74 18.5 1.6
      vertex 4.74 18.5 6.9
    endloop
  endfacet
  facet normal 1 0 0
    outer loop
      vertex 4.74 18.5 1.6
      vertex 4.74 17.5 6.9
      vertex 4.74 17.5 1.6
    endloop
  endfacet
  facet normal -0 0 1
    outer loop
      vertex -10.29 18.5 6.9
      vertex 4.74 17.5 6.9
      vertex 4.74 18.5 6.9
    endloop
  endfacet
  facet normal 0 0 1
    outer loop
      vertex 4.74 17.5 6.9
      vertex -10.29 18.5 6.9
      vertex -10.29 17.5 6.9
    endloop
  endfacet
  facet normal -1 0 0
    outer loop
      vertex -10.29 17.5 1.6
      vertex -10.29 18.5 6.9
      vertex -10.29 18.5 1.6
    endloop
  endfacet
  facet normal -1 -0 0
    outer loop
      vertex -10.29 18.5 6.9
      vertex -10.29 17.5 1.6
      vertex -10.29 17.5 6.9
    endloop
  endfacet
  facet normal 0 -1 0
    outer loop
      vertex -10.29 17.5 1.6
      vertex 4.74 17.5 6.9
      vertex -10.29 17.5 6.9
    endloop
  endfacet
  facet normal 0 -1 -0
    outer loop
      vertex 4.74 17.5 6.9
      vertex -10.29 17.5 1.6
      vertex 4.74 17.5 1.6
    endloop
  endfacet
  facet normal 0 1 -0
    outer loop
      vertex 4.74 18.5 1.6
      vertex -10.29 18.5 6.9
      vertex 4.74 18.5 6.9
    endloop
  endfacet
  facet normal 0 1 0
    outer loop
      vertex -10.29 18.5 6.9
      vertex 4.74 18.5 1.6
      vertex -10.29 18.5 1.6
    endloop
  endfacet
  facet normal 1 -0 0
    outer loop
      vertex -21.2 15.3 7.9
      vertex -21.2 18.8 1.6
      vertex -21.2 18.8 7.9
    endloop
  endfacet
  facet normal 1 0 0
    outer loop
      vertex -21.2 18.8 1.6
      vertex -21.2 15.3 7.9
      vertex -21.2 15.3 1.6
    endloop
  endfacet
  facet normal -0 0 1
    outer loop
      vertex -22.2 18.8 9.1
      vertex -21.2 15.3 9.1
      vertex -21.2 18.8 9.1
    endloop
  endfacet
  facet normal 0 0 1
    outer loop
      vertex -21.2 15.3 9.1
      vertex -22.2 18.8 9.1
      vertex -22.2 15.3 9.1
    endloop
  endfacet
  facet normal -1 0 0
    outer loop
      vertex -22.2 15.3 1.6
      vertex -22.2 18.8 9.1
      vertex -22.2 18.8 1.6
    endloop
  endfacet
  facet normal -1 -0 0
    outer loop
      vertex -22.2 18.8 9.1
      vertex -22.2 15.3 1.6
      vertex -22.2 15.3 9.1
    endloop
  endfacet
  facet normal 0 -1 0
    outer loop
      vertex -21.2 15.3 7.9
      vertex -21.2 15.3 9.1
      vertex -22.2 15.3 9.1
    endloop
  endfacet
  facet normal 0 -1 0
    outer loop
      vertex -21.2 15.3 9.1
      vertex -21.2 15.3 7.9
      vertex -20.9 15.3 7.95
    endloop
  endfacet
  facet normal 0 -1 0
    outer loop
      vertex -22.2 15.3 1.6
      vertex -21.2 15.3 7.9
      vertex -22.2 15.3 9.1
    endloop
  endfacet
  facet normal 0 -1 -0
    outer loop
      vertex -21.2 15.3 7.9
      vertex -22.2 15.3 1.6
      vertex -21.2 15.3 1.6
    endloop
  endfacet
  facet normal 0 -1 -0
    outer loop
      vertex -20.9 15.3 7.95
      vertex -21.2 15.3 7.9
      vertex -20.9 15.3 7.9
    endloop
  endfacet
  facet normal 0 1 0
    outer loop
      vertex -21 18.8 8.33333
      vertex -22.2 18.8 9.1
      vertex -21.2 18.8 9.1
    endloop
  endfacet
  facet normal 0 1 0
    outer loop
      vertex -21.2 18.8 7.9
      vertex -21 18.8 8.33333
      vertex -21 18.8 7.9
    endloop
  endfacet
  facet normal 0 1 0
    outer loop
      vertex -21 18.8 8.33333
      vertex -21.2 18.8 7.9
      vertex -22.2 18.8 9.1
    endloop
  endfacet
  facet normal 0 1 0
    outer loop
      vertex -22.2 18.8 1.6
      vertex -21.2 18.8 7.9
      vertex -21.2 18.8 1.6
    endloop
  endfacet
  facet normal 0 1 0
    outer loop
      vertex -21.2 18.8 7.9
      vertex -22.2 18.8 1.6
      vertex -22.2 18.8 9.1
    endloop
  endfacet
  facet normal 1 -0 0
    outer loop
      vertex -17.5 18.7 7.95
      vertex -17.5 19 7.9
      vertex -17.5 19 9.1
    endloop
  endfacet
  facet normal 1 0 0
    outer loop
      vertex -17.5 19 7.9
      vertex -17.5 18.7 7.95
      vertex -17.5 18.7 7.9
    endloop
  endfacet
  facet normal 1 0 0
    outer loop
      vertex -17.5 19 7.9
      vertex -17.5 20 9.1
      vertex -17.5 19 9.1
    endloop
  endfacet
  facet normal 1 0 0
    outer loop
      vertex -17.5 20 9.1
      vertex -17.5 19 7.9
      vertex -17.5 20 1.6
    endloop
  endfacet
  facet normal 1 0 0
    outer loop
      vertex -17.5 20 1.6
      vertex -17.5 19 7.9
      vertex -17.5 19 1.6
    endloop
  endfacet
  facet normal -0 0 1
    outer loop
      vertex -21 20 9.1
      vertex -17.5 19 9.1
      vertex -17.5 20 9.1
    endloop
  endfacet
  facet normal 0 0 1
    outer loop
      vertex -17.5 19 9.1
      vertex -21 20 9.1
      vertex -21 19 9.1
    endloop
  endfacet
  facet normal -1 0 0
    outer loop
      vertex -21 19 7.9
      vertex -21 20 1.6
      vertex -21 19 1.6
    endloop
  endfacet
  facet normal -1 0 0
    outer loop
      vertex -21 20 1.6
      vertex -21 19 7.9
      vertex -21 20 9.1
    endloop
  endfacet
  facet normal -1 0 0
    outer loop
      vertex -21 18.8 8.33333
      vertex -21 20 9.1
      vertex -21 19 7.9
    endloop
  endfacet
  facet normal -1 0 0
    outer loop
      vertex -21 18.8 8.33333
      vertex -21 19 7.9
      vertex -21 18.8 7.9
    endloop
  endfacet
  facet normal -1 -0 0
    outer loop
      vertex -21 20 9.1
      vertex -21 18.8 8.33333
      vertex -21 19 9.1
    endloop
  endfacet
  facet normal 0 -1 0
    outer loop
      vertex -21 19 1.6
      vertex -17.5 19 7.9
      vertex -21 19 7.9
    endloop
  endfacet
  facet normal 0 -1 -0
    outer loop
      vertex -17.5 19 7.9
      vertex -21 19 1.6
      vertex -17.5 19 1.6
    endloop
  endfacet
  facet normal 0 1 -0
    outer loop
      vertex -17.5 20 1.6
      vertex -21 20 9.1
      vertex -17.5 20 9.1
    endloop
  endfacet
  facet normal 0 1 0
    outer loop
      vertex -21 20 9.1
      vertex -17.5 20 1.6
      vertex -21 20 1.6
    endloop
  endfacet
  facet normal 1 -0 0
    outer loop
      vertex -21.2 19 9.1
      vertex -21.2 20 1.6
      vertex -21.2 20 9.1
    endloop
  endfacet
  facet normal 1 0 0
    outer loop
      vertex -21.2 20 1.6
      vertex -21.2 19 9.1
      vertex -21.2 19 1.6
    endloop
  endfacet
  facet normal -0 0 1
    outer loop
      vertex -22.2 20 9.1
      vertex -21.2 19 9.1
      vertex -21.2 20 9.1
    endloop
  endfacet
  facet normal 0 0 1
    outer loop
      vertex -21.2 19 9.1
      vertex -22.2 20 9.1
      vertex -22.2 19 9.1
    endloop
  endfacet
  facet normal -1 0 0
    outer loop
      vertex -22.2 19 1.6
      vertex -22.2 20 9.1
      vertex -22.2 20 1.6
    endloop
  endfacet
  facet normal -1 -0 0
    outer loop
      vertex -22.2 20 9.1
      vertex -22.2 19 1.6
      vertex -22.2 19 9.1
    endloop
  endfacet
  facet normal 0 -1 0
    outer loop
      vertex -22.2 19 1.6
      vertex -21.2 19 9.1
      vertex -22.2 19 9.1
    endloop
  endfacet
  facet normal 0 -1 -0
    outer loop
      vertex -21.2 19 9.1
      vertex -22.2 19 1.6
      vertex -21.2 19 1.6
    endloop
  endfacet
  facet normal 0 1 -0
    outer loop
      vertex -21.2 20 1.6
      vertex -22.2 20 9.1
      vertex -21.2 20 9.1
    endloop
  endfacet
  facet normal 0 1 0
    outer loop
      vertex -22.2 20 9.1
      vertex -21.2 20 1.6
      vertex -22.2 20 1.6
    endloop
  endfacet
  facet normal 1 -0 0
    outer loop
      vertex -20.9 15.3 7.95
      vertex -20.9 18.7 7.9
      vertex -20.9 18.7 7.95
    endloop
  endfacet
  facet normal 1 0 0
    outer loop
      vertex -20.9 18.7 7.9
      vertex -20.9 15.3 7.95
      vertex -20.9 15.3 7.9
    endloop
  endfacet
  facet normal 0 0 -1
    outer loop
      vertex -21.2 15.3 7.9
      vertex -20.9 18.7 7.9
      vertex -20.9 15.3 7.9
    endloop
  endfacet
  facet normal 0 0 -1
    outer loop
      vertex -21.2 18.8 7.9
      vertex -20.9 18.7 7.9
      vertex -21.2 15.3 7.9
    endloop
  endfacet
  facet normal 0 0 -1
    outer loop
      vertex -20.9 18.7 7.9
      vertex -21.2 18.8 7.9
      vertex -21 18.8 7.9
    endloop
  endfacet
  facet normal 0 0 -1
    outer loop
      vertex -20.9 18.7 7.9
      vertex -17.5 19 7.9
      vertex -17.5 18.7 7.9
    endloop
  endfacet
  facet normal 0 0 -1
    outer loop
      vertex -21 19 7.9
      vertex -20.9 18.7 7.9
      vertex -21 18.8 7.9
    endloop
  endfacet
  facet normal 0 0 -1
    outer loop
      vertex -20.9 18.7 7.9
      vertex -21 19 7.9
      vertex -17.5 19 7.9
    endloop
  endfacet
  facet normal 0.967618 -0 0.252421
    outer loop
      vertex -21.2 15.3 9.1
      vertex -21 18.8 8.33333
      vertex -21.2 18.8 9.1
    endloop
  endfacet
  facet normal 0.967617 6.82226e-07 0.252424
    outer loop
      vertex -21 18.8 8.33333
      vertex -21.2 15.3 9.1
      vertex -20.9 18.7 7.95
    endloop
  endfacet
  facet normal 0.967617 0 0.252422
    outer loop
      vertex -20.9 18.7 7.95
      vertex -21.2 15.3 9.1
      vertex -20.9 15.3 7.95
    endloop
  endfacet
  facet normal 0 -1 0
    outer loop
      vertex -20.9 18.7 7.9
      vertex -17.5 18.7 7.95
      vertex -20.9 18.7 7.95
    endloop
  endfacet
  facet normal 0 -1 -0
    outer loop
      vertex -17.5 18.7 7.95
      vertex -20.9 18.7 7.9
      vertex -17.5 18.7 7.9
    endloop
  endfacet
  facet normal 0 -0.967618 0.252421
    outer loop
      vertex -21 18.8 8.33333
      vertex -17.5 19 9.1
      vertex -21 19 9.1
    endloop
  endfacet
  facet normal -6.82226e-07 -0.967617 0.252424
    outer loop
      vertex -20.9 18.7 7.95
      vertex -17.5 19 9.1
      vertex -21 18.8 8.33333
    endloop
  endfacet
  facet normal 0 -0.967617 0.252422
    outer loop
      vertex -17.5 19 9.1
      vertex -20.9 18.7 7.95
      vertex -17.5 18.7 7.95
    endloop
  endfacet
  facet normal 1 -0 0
    outer loop
      vertex -21.2 0.8 7.9
      vertex -21.2 4.3 1.6
      vertex -21.2 4.3 7.9
    endloop
  endfacet
  facet normal 1 0 0
    outer loop
      vertex -21.2 4.3 1.6
      vertex -21.2 0.8 7.9
      vertex -21.2 0.8 1.6
    endloop
  endfacet
  facet normal -0 0 1
    outer loop
      vertex -22.2 4.3 9.1
      vertex -21.2 0.8 9.1
      vertex -21.2 4.3 9.1
    endloop
  endfacet
  facet normal 0 0 1
    outer loop
      vertex -21.2 0.8 9.1
      vertex -22.2 4.3 9.1
      vertex -22.2 0.8 9.1
    endloop
  endfacet
  facet normal -1 0 0
    outer loop
      vertex -22.2 0.8 1.6
      vertex -22.2 4.3 9.1
      vertex -22.2 4.3 1.6
    endloop
  endfacet
  facet normal -1 -0 0
    outer loop
      vertex -22.2 4.3 9.1
      vertex -22.2 0.8 1.6
      vertex -22.2 0.8 9.1
    endloop
  endfacet
  facet normal 0 -1 0
    outer loop
      vertex -22.2 0.8 9.1
      vertex -21 0.8 8.33333
      vertex -21.2 0.8 9.1
    endloop
  endfacet
  facet normal 0 -1 0
    outer loop
      vertex -22.2 0.8 9.1
      vertex -21.2 0.8 7.9
      vertex -21 0.8 8.33333
    endloop
  endfacet
  facet normal 0 -1 0
    outer loop
      vertex -22.2 0.8 1.6
      vertex -21.2 0.8 7.9
      vertex -22.2 0.8 9.1
    endloop
  endfacet
  facet normal 0 -1 -0
    outer loop
      vertex -21.2 0.8 7.9
      vertex -22.2 0.8 1.6
      vertex -21.2 0.8 1.6
    endloop
  endfacet
  facet normal 0 -1 -0
    outer loop
      vertex -21 0.8 8.33333
      vertex -21.2 0.8 7.9
      vertex -21 0.8 7.9
    endloop
  endfacet
  facet normal 0 1 0
    outer loop
      vertex -21.2 4.3 7.9
      vertex -21.2 4.3 9.1
      vertex -20.9 4.3 7.95
    endloop
  endfacet
  facet normal 0 1 0
    outer loop
      vertex -21.2 4.3 7.9
      vertex -20.9 4.3 7.95
      vertex -20.9 4.3 7.9
    endloop
  endfacet
  facet normal 0 1 0
    outer loop
      vertex -21.2 4.3 9.1
      vertex -21.2 4.3 7.9
      vertex -22.2 4.3 9.1
    endloop
  endfacet
  facet normal 0 1 0
    outer loop
      vertex -22.2 4.3 1.6
      vertex -21.2 4.3 7.9
      vertex -21.2 4.3 1.6
    endloop
  endfacet
  facet normal 0 1 0
    outer loop
      vertex -21.2 4.3 7.9
      vertex -22.2 4.3 1.6
      vertex -22.2 4.3 9.1
    endloop
  endfacet
  facet normal 1 0 0
    outer loop
      vertex -17.5 0.6 7.9
      vertex -17.5 0.899999 7.95
      vertex -17.5 0.6 9.1
    endloop
  endfacet
  facet normal 1 0 0
    outer loop
      vertex -17.5 0.899999 7.95
      vertex -17.5 0.6 7.9
      vertex -17.5 0.899999 7.9
    endloop
  endfacet
  facet normal 1 -0 0
    outer loop
      vertex -17.5 -0.4 9.1
      vertex -17.5 0.6 7.9
      vertex -17.5 0.6 9.1
    endloop
  endfacet
  facet normal 1 0 0
    outer loop
      vertex -17.5 -0.4 1.6
      vertex -17.5 0.6 7.9
      vertex -17.5 -0.4 9.1
    endloop
  endfacet
  facet normal 1 0 0
    outer loop
      vertex -17.5 0.6 7.9
      vertex -17.5 -0.4 1.6
      vertex -17.5 0.6 1.6
    endloop
  endfacet
  facet normal -0 0 1
    outer loop
      vertex -21 0.6 9.1
      vertex -17.5 -0.4 9.1
      vertex -17.5 0.6 9.1
    endloop
  endfacet
  facet normal 0 0 1
    outer loop
      vertex -17.5 -0.4 9.1
      vertex -21 0.6 9.1
      vertex -21 -0.4 9.1
    endloop
  endfacet
  facet normal -1 0 0
    outer loop
      vertex -21 -0.4 1.6
      vertex -21 0.6 7.9
      vertex -21 0.6 1.6
    endloop
  endfacet
  facet normal -1 0 0
    outer loop
      vertex -21 -0.4 9.1
      vertex -21 0.6 7.9
      vertex -21 -0.4 1.6
    endloop
  endfacet
  facet normal -1 0 0
    outer loop
      vertex -21 0.6 7.9
      vertex -21 -0.4 9.1
      vertex -21 0.6 9.1
    endloop
  endfacet
  facet normal -1 0 0
    outer loop
      vertex -21 0.6 7.9
      vertex -21 0.8 8.33333
      vertex -21 0.8 7.9
    endloop
  endfacet
  facet normal -1 -0 0
    outer loop
      vertex -21 0.8 8.33333
      vertex -21 0.6 7.9
      vertex -21 0.6 9.1
    endloop
  endfacet
  facet normal 0 -1 0
    outer loop
      vertex -21 -0.4 1.6
      vertex -17.5 -0.4 9.1
      vertex -21 -0.4 9.1
    endloop
  endfacet
  facet normal 0 -1 -0
    outer loop
      vertex -17.5 -0.4 9.1
      vertex -21 -0.4 1.6
      vertex -17.5 -0.4 1.6
    endloop
  endfacet
  facet normal 0 1 -0
    outer loop
      vertex -17.5 0.6 1.6
      vertex -21 0.6 7.9
      vertex -17.5 0.6 7.9
    endloop
  endfacet
  facet normal 0 1 0
    outer loop
      vertex -21 0.6 7.9
      vertex -17.5 0.6 1.6
      vertex -21 0.6 1.6
    endloop
  endfacet
  facet normal 1 -0 0
    outer loop
      vertex -21.2 -0.4 9.1
      vertex -21.2 0.6 1.6
      vertex -21.2 0.6 9.1
    endloop
  endfacet
  facet normal 1 0 0
    outer loop
      vertex -21.2 0.6 1.6
      vertex -21.2 -0.4 9.1
      vertex -21.2 -0.4 1.6
    endloop
  endfacet
  facet normal -0 0 1
    outer loop
      vertex -22.2 0.6 9.1
      vertex -21.2 -0.4 9.1
      vertex -21.2 0.6 9.1
    endloop
  endfacet
  facet normal 0 0 1
    outer loop
      vertex -21.2 -0.4 9.1
      vertex -22.2 0.6 9.1
      vertex -22.2 -0.4 9.1
    endloop
  endfacet
  facet normal -1 0 0
    outer loop
      vertex -22.2 -0.4 1.6
      vertex -22.2 0.6 9.1
      vertex -22.2 0.6 1.6
    endloop
  endfacet
  facet normal -1 -0 0
    outer loop
      vertex -22.2 0.6 9.1
      vertex -22.2 -0.4 1.6
      vertex -22.2 -0.4 9.1
    endloop
  endfacet
  facet normal 0 -1 0
    outer loop
      vertex -22.2 -0.4 1.6
      vertex -21.2 -0.4 9.1
      vertex -22.2 -0.4 9.1
    endloop
  endfacet
  facet normal 0 -1 -0
    outer loop
      vertex -21.2 -0.4 9.1
      vertex -22.2 -0.4 1.6
      vertex -21.2 -0.4 1.6
    endloop
  endfacet
  facet normal 0 1 -0
    outer loop
      vertex -21.2 0.6 1.6
      vertex -22.2 0.6 9.1
      vertex -21.2 0.6 9.1
    endloop
  endfacet
  facet normal 0 1 0
    outer loop
      vertex -22.2 0.6 9.1
      vertex -21.2 0.6 1.6
      vertex -22.2 0.6 1.6
    endloop
  endfacet
  facet normal 1 -0 0
    outer loop
      vertex -20.9 0.899999 7.95
      vertex -20.9 4.3 7.9
      vertex -20.9 4.3 7.95
    endloop
  endfacet
  facet normal 1 0 0
    outer loop
      vertex -20.9 4.3 7.9
      vertex -20.9 0.899999 7.95
      vertex -20.9 0.899999 7.9
    endloop
  endfacet
  facet normal 0 0 -1
    outer loop
      vertex -17.5 0.6 7.9
      vertex -20.9 0.899999 7.9
      vertex -17.5 0.899999 7.9
    endloop
  endfacet
  facet normal 0 0 -1
    outer loop
      vertex -21 0.6 7.9
      vertex -20.9 0.899999 7.9
      vertex -17.5 0.6 7.9
    endloop
  endfacet
  facet normal 0 0 -1
    outer loop
      vertex -21 0.8 7.9
      vertex -20.9 0.899999 7.9
      vertex -21 0.6 7.9
    endloop
  endfacet
  facet normal 0 0 -1
    outer loop
      vertex -21.2 0.8 7.9
      vertex -20.9 0.899999 7.9
      vertex -21 0.8 7.9
    endloop
  endfacet
  facet normal -0 0 -1
    outer loop
      vertex -20.9 0.899999 7.9
      vertex -21.2 0.8 7.9
      vertex -21.2 4.3 7.9
    endloop
  endfacet
  facet normal 0 0 -1
    outer loop
      vertex -20.9 0.899999 7.9
      vertex -21.2 4.3 7.9
      vertex -20.9 4.3 7.9
    endloop
  endfacet
  facet normal 0.967617 0 0.252422
    outer loop
      vertex -21.2 4.3 9.1
      vertex -20.9 0.899999 7.95
      vertex -20.9 4.3 7.95
    endloop
  endfacet
  facet normal 0.967618 0 0.252421
    outer loop
      vertex -21 0.8 8.33333
      vertex -21.2 4.3 9.1
      vertex -21.2 0.8 9.1
    endloop
  endfacet
  facet normal 0.967617 -6.82227e-07 0.252424
    outer loop
      vertex -21.2 4.3 9.1
      vertex -21 0.8 8.33333
      vertex -20.9 0.899999 7.95
    endloop
  endfacet
  facet normal 0 0.967618 0.252421
    outer loop
      vertex -17.5 0.6 9.1
      vertex -21 0.8 8.33333
      vertex -21 0.6 9.1
    endloop
  endfacet
  facet normal -0 0.967617 0.252421
    outer loop
      vertex -20.9 0.899999 7.95
      vertex -17.5 0.6 9.1
      vertex -17.5 0.899999 7.95
    endloop
  endfacet
  facet normal -1.59184e-07 0.967617 0.252422
    outer loop
      vertex -17.5 0.6 9.1
      vertex -20.9 0.899999 7.95
      vertex -21 0.8 8.33333
    endloop
  endfacet
  facet normal 0 1 -0
    outer loop
      vertex -17.5 0.899999 7.9
      vertex -20.9 0.899999 7.95
      vertex -17.5 0.899999 7.95
    endloop
  endfacet
  facet normal 0 1 0
    outer loop
      vertex -20.9 0.899999 7.95
      vertex -17.5 0.899999 7.9
      vertex -20.9 0.899999 7.9
    endloop
  endfacet
  facet normal 1 -0 0
    outer loop
      vertex 6.24 15.3 9.1
      vertex 6.24 18.8 1.6
      vertex 6.24 18.8 9.1
    endloop
  endfacet
  facet normal 1 0 0
    outer loop
      vertex 6.24 18.8 1.6
      vertex 6.24 15.3 9.1
      vertex 6.24 15.3 1.6
    endloop
  endfacet
  facet normal -0 0 1
    outer loop
      vertex 5.24 18.8 9.1
      vertex 6.24 15.3 9.1
      vertex 6.24 18.8 9.1
    endloop
  endfacet
  facet normal 0 0 1
    outer loop
      vertex 6.24 15.3 9.1
      vertex 5.24 18.8 9.1
      vertex 5.24 15.3 9.1
    endloop
  endfacet
  facet normal -1 0 0
    outer loop
      vertex 5.24 15.3 1.6
      vertex 5.24 18.8 7.9
      vertex 5.24 18.8 1.6
    endloop
  endfacet
  facet normal -1 -0 0
    outer loop
      vertex 5.24 18.8 7.9
      vertex 5.24 15.3 1.6
      vertex 5.24 15.3 7.9
    endloop
  endfacet
  facet normal 0 -1 0
    outer loop
      vertex 5.24 15.3 7.9
      vertex 5.24 15.3 9.1
      vertex 4.94 15.3 7.95
    endloop
  endfacet
  facet normal 0 -1 0
    outer loop
      vertex 5.24 15.3 7.9
      vertex 4.94 15.3 7.95
      vertex 4.94 15.3 7.9
    endloop
  endfacet
  facet normal 0 -1 0
    outer loop
      vertex 5.24 15.3 9.1
      vertex 5.24 15.3 7.9
      vertex 6.24 15.3 9.1
    endloop
  endfacet
  facet normal 0 -1 0
    outer loop
      vertex 6.24 15.3 1.6
      vertex 5.24 15.3 7.9
      vertex 5.24 15.3 1.6
    endloop
  endfacet
  facet normal 0 -1 0
    outer loop
      vertex 5.24 15.3 7.9
      vertex 6.24 15.3 1.6
      vertex 6.24 15.3 9.1
    endloop
  endfacet
  facet normal 0 1 0
    outer loop
      vertex 6.24 18.8 9.1
      vertex 5.04 18.8 8.33333
      vertex 5.24 18.8 9.1
    endloop
  endfacet
  facet normal 0 1 0
    outer loop
      vertex 6.24 18.8 9.1
      vertex 5.24 18.8 7.9
      vertex 5.04 18.8 8.33333
    endloop
  endfacet
  facet normal 0 1 -0
    outer loop
      vertex 6.24 18.8 1.6
      vertex 5.24 18.8 7.9
      vertex 6.24 18.8 9.1
    endloop
  endfacet
  facet normal 0 1 0
    outer loop
      vertex 5.24 18.8 7.9
      vertex 6.24 18.8 1.6
      vertex 5.24 18.8 1.6
    endloop
  endfacet
  facet normal 0 1 0
    outer loop
      vertex 5.04 18.8 8.33333
      vertex 5.24 18.8 7.9
      vertex 5.04 18.8 7.9
    endloop
  endfacet
  facet normal 1 0 0
    outer loop
      vertex 5.04 20 9.1
      vertex 5.04 18.8 8.33333
      vertex 5.04 19 7.9
    endloop
  endfacet
  facet normal 1 0 0
    outer loop
      vertex 5.04 19 7.9
      vertex 5.04 18.8 8.33333
      vertex 5.04 18.8 7.9
    endloop
  endfacet
  facet normal 1 0 0
    outer loop
      vertex 5.04 18.8 8.33333
      vertex 5.04 20 9.1
      vertex 5.04 19 9.1
    endloop
  endfacet
  facet normal 1 0 0
    outer loop
      vertex 5.04 20 9.1
      vertex 5.04 19 7.9
      vertex 5.04 20 1.6
    endloop
  endfacet
  facet normal 1 0 0
    outer loop
      vertex 5.04 20 1.6
      vertex 5.04 19 7.9
      vertex 5.04 19 1.6
    endloop
  endfacet
  facet normal -0 0 1
    outer loop
      vertex 1.54 20 9.1
      vertex 5.04 19 9.1
      vertex 5.04 20 9.1
    endloop
  endfacet
  facet normal 0 0 1
    outer loop
      vertex 5.04 19 9.1
      vertex 1.54 20 9.1
      vertex 1.54 19 9.1
    endloop
  endfacet
  facet normal -1 0 0
    outer loop
      vertex 1.54 19 7.9
      vertex 1.54 20 1.6
      vertex 1.54 19 1.6
    endloop
  endfacet
  facet normal -1 0 0
    outer loop
      vertex 1.54 20 1.6
      vertex 1.54 19 7.9
      vertex 1.54 20 9.1
    endloop
  endfacet
  facet normal -1 0 0
    outer loop
      vertex 1.54 19 7.9
      vertex 1.54 19 9.1
      vertex 1.54 20 9.1
    endloop
  endfacet
  facet normal -1 0 0
    outer loop
      vertex 1.54 18.7 7.95
      vertex 1.54 19 7.9
      vertex 1.54 18.7 7.9
    endloop
  endfacet
  facet normal -1 0 0
    outer loop
      vertex 1.54 19 7.9
      vertex 1.54 18.7 7.95
      vertex 1.54 19 9.1
    endloop
  endfacet
  facet normal 0 -1 0
    outer loop
      vertex 1.54 19 1.6
      vertex 5.04 19 7.9
      vertex 1.54 19 7.9
    endloop
  endfacet
  facet normal 0 -1 -0
    outer loop
      vertex 5.04 19 7.9
      vertex 1.54 19 1.6
      vertex 5.04 19 1.6
    endloop
  endfacet
  facet normal 0 1 -0
    outer loop
      vertex 5.04 20 1.6
      vertex 1.54 20 9.1
      vertex 5.04 20 9.1
    endloop
  endfacet
  facet normal 0 1 0
    outer loop
      vertex 1.54 20 9.1
      vertex 5.04 20 1.6
      vertex 1.54 20 1.6
    endloop
  endfacet
  facet normal 1 -0 0
    outer loop
      vertex 6.24 19 9.1
      vertex 6.24 20 1.6
      vertex 6.24 20 9.1
    endloop
  endfacet
  facet normal 1 0 0
    outer loop
      vertex 6.24 20 1.6
      vertex 6.24 19 9.1
      vertex 6.24 19 1.6
    endloop
  endfacet
  facet normal -0 0 1
    outer loop
      vertex 5.24 20 9.1
      vertex 6.24 19 9.1
      vertex 6.24 20 9.1
    endloop
  endfacet
  facet normal 0 0 1
    outer loop
      vertex 6.24 19 9.1
      vertex 5.24 20 9.1
      vertex 5.24 19 9.1
    endloop
  endfacet
  facet normal -1 0 0
    outer loop
      vertex 5.24 19 1.6
      vertex 5.24 20 9.1
      vertex 5.24 20 1.6
    endloop
  endfacet
  facet normal -1 -0 0
    outer loop
      vertex 5.24 20 9.1
      vertex 5.24 19 1.6
      vertex 5.24 19 9.1
    endloop
  endfacet
  facet normal 0 -1 0
    outer loop
      vertex 5.24 19 1.6
      vertex 6.24 19 9.1
      vertex 5.24 19 9.1
    endloop
  endfacet
  facet normal 0 -1 -0
    outer loop
      vertex 6.24 19 9.1
      vertex 5.24 19 1.6
      vertex 6.24 19 1.6
    endloop
  endfacet
  facet normal 0 1 -0
    outer loop
      vertex 6.24 20 1.6
      vertex 5.24 20 9.1
      vertex 6.24 20 9.1
    endloop
  endfacet
  facet normal 0 1 0
    outer loop
      vertex 5.24 20 9.1
      vertex 6.24 20 1.6
      vertex 5.24 20 1.6
    endloop
  endfacet
  facet normal -0.967617 6.82226e-07 0.252424
    outer loop
      vertex 5.24 15.3 9.1
      vertex 5.04 18.8 8.33333
      vertex 4.94 18.7 7.95
    endloop
  endfacet
  facet normal -0.967617 0 0.252422
    outer loop
      vertex 5.24 15.3 9.1
      vertex 4.94 18.7 7.95
      vertex 4.94 15.3 7.95
    endloop
  endfacet
  facet normal -0.967618 0 0.252421
    outer loop
      vertex 5.04 18.8 8.33333
      vertex 5.24 15.3 9.1
      vertex 5.24 18.8 9.1
    endloop
  endfacet
  facet normal -1 0 0
    outer loop
      vertex 4.94 15.3 7.9
      vertex 4.94 18.7 7.95
      vertex 4.94 18.7 7.9
    endloop
  endfacet
  facet normal -1 -0 0
    outer loop
      vertex 4.94 18.7 7.95
      vertex 4.94 15.3 7.9
      vertex 4.94 15.3 7.95
    endloop
  endfacet
  facet normal 0 0 -1
    outer loop
      vertex 4.94 18.7 7.9
      vertex 5.24 18.8 7.9
      vertex 5.24 15.3 7.9
    endloop
  endfacet
  facet normal 0 0 -1
    outer loop
      vertex 4.94 18.7 7.9
      vertex 5.24 15.3 7.9
      vertex 4.94 15.3 7.9
    endloop
  endfacet
  facet normal -0 0 -1
    outer loop
      vertex 5.24 18.8 7.9
      vertex 4.94 18.7 7.9
      vertex 5.04 18.8 7.9
    endloop
  endfacet
  facet normal -0 0 -1
    outer loop
      vertex 5.04 18.8 7.9
      vertex 4.94 18.7 7.9
      vertex 5.04 19 7.9
    endloop
  endfacet
  facet normal 0 0 -1
    outer loop
      vertex 1.54 19 7.9
      vertex 4.94 18.7 7.9
      vertex 1.54 18.7 7.9
    endloop
  endfacet
  facet normal 0 0 -1
    outer loop
      vertex 4.94 18.7 7.9
      vertex 1.54 19 7.9
      vertex 5.04 19 7.9
    endloop
  endfacet
  facet normal 0 -1 0
    outer loop
      vertex 1.54 18.7 7.9
      vertex 4.94 18.7 7.95
      vertex 1.54 18.7 7.95
    endloop
  endfacet
  facet normal 0 -1 -0
    outer loop
      vertex 4.94 18.7 7.95
      vertex 1.54 18.7 7.9
      vertex 4.94 18.7 7.9
    endloop
  endfacet
  facet normal 0 -0.967618 0.252421
    outer loop
      vertex 1.54 19 9.1
      vertex 5.04 18.8 8.33333
      vertex 5.04 19 9.1
    endloop
  endfacet
  facet normal 0 -0.967617 0.252422
    outer loop
      vertex 4.94 18.7 7.95
      vertex 1.54 19 9.1
      vertex 1.54 18.7 7.95
    endloop
  endfacet
  facet normal 6.82226e-07 -0.967617 0.252424
    outer loop
      vertex 1.54 19 9.1
      vertex 4.94 18.7 7.95
      vertex 5.04 18.8 8.33333
    endloop
  endfacet
  facet normal 1 -0 0
    outer loop
      vertex 6.24 0.8 9.1
      vertex 6.24 4.3 1.6
      vertex 6.24 4.3 9.1
    endloop
  endfacet
  facet normal 1 0 0
    outer loop
      vertex 6.24 4.3 1.6
      vertex 6.24 0.8 9.1
      vertex 6.24 0.8 1.6
    endloop
  endfacet
  facet normal -0 0 1
    outer loop
      vertex 5.24 4.3 9.1
      vertex 6.24 0.8 9.1
      vertex 6.24 4.3 9.1
    endloop
  endfacet
  facet normal 0 0 1
    outer loop
      vertex 6.24 0.8 9.1
      vertex 5.24 4.3 9.1
      vertex 5.24 0.8 9.1
    endloop
  endfacet
  facet normal -1 0 0
    outer loop
      vertex 5.24 0.8 1.6
      vertex 5.24 4.3 7.9
      vertex 5.24 4.3 1.6
    endloop
  endfacet
  facet normal -1 -0 0
    outer loop
      vertex 5.24 4.3 7.9
      vertex 5.24 0.8 1.6
      vertex 5.24 0.8 7.9
    endloop
  endfacet
  facet normal 0 -1 0
    outer loop
      vertex 5.04 0.8 8.33333
      vertex 6.24 0.8 9.1
      vertex 5.24 0.8 9.1
    endloop
  endfacet
  facet normal 0 -1 0
    outer loop
      vertex 5.24 0.8 7.9
      vertex 5.04 0.8 8.33333
      vertex 5.04 0.8 7.9
    endloop
  endfacet
  facet normal 0 -1 0
    outer loop
      vertex 5.04 0.8 8.33333
      vertex 5.24 0.8 7.9
      vertex 6.24 0.8 9.1
    endloop
  endfacet
  facet normal 0 -1 0
    outer loop
      vertex 6.24 0.8 1.6
      vertex 5.24 0.8 7.9
      vertex 5.24 0.8 1.6
    endloop
  endfacet
  facet normal 0 -1 0
    outer loop
      vertex 5.24 0.8 7.9
      vertex 6.24 0.8 1.6
      vertex 6.24 0.8 9.1
    endloop
  endfacet
  facet normal 0 1 0
    outer loop
      vertex 5.24 4.3 7.9
      vertex 5.24 4.3 9.1
      vertex 6.24 4.3 9.1
    endloop
  endfacet
  facet normal 0 1 0
    outer loop
      vertex 5.24 4.3 9.1
      vertex 5.24 4.3 7.9
      vertex 4.94 4.3 7.95
    endloop
  endfacet
  facet normal 0 1 -0
    outer loop
      vertex 6.24 4.3 1.6
      vertex 5.24 4.3 7.9
      vertex 6.24 4.3 9.1
    endloop
  endfacet
  facet normal 0 1 0
    outer loop
      vertex 5.24 4.3 7.9
      vertex 6.24 4.3 1.6
      vertex 5.24 4.3 1.6
    endloop
  endfacet
  facet normal 0 1 0
    outer loop
      vertex 4.94 4.3 7.95
      vertex 5.24 4.3 7.9
      vertex 4.94 4.3 7.9
    endloop
  endfacet
  facet normal 1 -0 0
    outer loop
      vertex 5.04 -0.4 9.1
      vertex 5.04 0.8 8.33333
      vertex 5.04 0.6 9.1
    endloop
  endfacet
  facet normal 1 0 0
    outer loop
      vertex 5.04 0.8 8.33333
      vertex 5.04 0.6 7.9
      vertex 5.04 0.8 7.9
    endloop
  endfacet
  facet normal 1 0 0
    outer loop
      vertex 5.04 0.8 8.33333
      vertex 5.04 -0.4 9.1
      vertex 5.04 0.6 7.9
    endloop
  endfacet
  facet normal 1 0 0
    outer loop
      vertex 5.04 -0.4 1.6
      vertex 5.04 0.6 7.9
      vertex 5.04 -0.4 9.1
    endloop
  endfacet
  facet normal 1 0 0
    outer loop
      vertex 5.04 0.6 7.9
      vertex 5.04 -0.4 1.6
      vertex 5.04 0.6 1.6
    endloop
  endfacet
  facet normal -0 0 1
    outer loop
      vertex 1.54 0.6 9.1
      vertex 5.04 -0.4 9.1
      vertex 5.04 0.6 9.1
    endloop
  endfacet
  facet normal 0 0 1
    outer loop
      vertex 5.04 -0.4 9.1
      vertex 1.54 0.6 9.1
      vertex 1.54 -0.4 9.1
    endloop
  endfacet
  facet normal -1 0 0
    outer loop
      vertex 1.54 -0.4 1.6
      vertex 1.54 0.6 7.9
      vertex 1.54 0.6 1.6
    endloop
  endfacet
  facet normal -1 0 0
    outer loop
      vertex 1.54 -0.4 9.1
      vertex 1.54 0.6 7.9
      vertex 1.54 -0.4 1.6
    endloop
  endfacet
  facet normal -1 0 0
    outer loop
      vertex 1.54 0.6 7.9
      vertex 1.54 -0.4 9.1
      vertex 1.54 0.6 9.1
    endloop
  endfacet
  facet normal -1 0 0
    outer loop
      vertex 1.54 0.6 7.9
      vertex 1.54 0.899999 7.95
      vertex 1.54 0.899999 7.9
    endloop
  endfacet
  facet normal -1 -0 0
    outer loop
      vertex 1.54 0.899999 7.95
      vertex 1.54 0.6 7.9
      vertex 1.54 0.6 9.1
    endloop
  endfacet
  facet normal 0 -1 0
    outer loop
      vertex 1.54 -0.4 1.6
      vertex 5.04 -0.4 9.1
      vertex 1.54 -0.4 9.1
    endloop
  endfacet
  facet normal 0 -1 -0
    outer loop
      vertex 5.04 -0.4 9.1
      vertex 1.54 -0.4 1.6
      vertex 5.04 -0.4 1.6
    endloop
  endfacet
  facet normal 0 1 -0
    outer loop
      vertex 5.04 0.6 1.6
      vertex 1.54 0.6 7.9
      vertex 5.04 0.6 7.9
    endloop
  endfacet
  facet normal 0 1 0
    outer loop
      vertex 1.54 0.6 7.9
      vertex 5.04 0.6 1.6
      vertex 1.54 0.6 1.6
    endloop
  endfacet
  facet normal 1 -0 0
    outer loop
      vertex 6.24 -0.4 9.1
      vertex 6.24 0.6 1.6
      vertex 6.24 0.6 9.1
    endloop
  endfacet
  facet normal 1 0 0
    outer loop
      vertex 6.24 0.6 1.6
      vertex 6.24 -0.4 9.1
      vertex 6.24 -0.4 1.6
    endloop
  endfacet
  facet normal -0 0 1
    outer loop
      vertex 5.24 0.6 9.1
      vertex 6.24 -0.4 9.1
      vertex 6.24 0.6 9.1
    endloop
  endfacet
  facet normal 0 0 1
    outer loop
      vertex 6.24 -0.4 9.1
      vertex 5.24 0.6 9.1
      vertex 5.24 -0.4 9.1
    endloop
  endfacet
  facet normal -1 0 0
    outer loop
      vertex 5.24 -0.4 1.6
      vertex 5.24 0.6 9.1
      vertex 5.24 0.6 1.6
    endloop
  endfacet
  facet normal -1 -0 0
    outer loop
      vertex 5.24 0.6 9.1
      vertex 5.24 -0.4 1.6
      vertex 5.24 -0.4 9.1
    endloop
  endfacet
  facet normal 0 -1 0
    outer loop
      vertex 5.24 -0.4 1.6
      vertex 6.24 -0.4 9.1
      vertex 5.24 -0.4 9.1
    endloop
  endfacet
  facet normal 0 -1 -0
    outer loop
      vertex 6.24 -0.4 9.1
      vertex 5.24 -0.4 1.6
      vertex 6.24 -0.4 1.6
    endloop
  endfacet
  facet normal 0 1 -0
    outer loop
      vertex 6.24 0.6 1.6
      vertex 5.24 0.6 9.1
      vertex 6.24 0.6 9.1
    endloop
  endfacet
  facet normal 0 1 0
    outer loop
      vertex 5.24 0.6 9.1
      vertex 6.24 0.6 1.6
      vertex 5.24 0.6 1.6
    endloop
  endfacet
  facet normal -0.967617 0 0.252422
    outer loop
      vertex 4.94 0.899999 7.95
      vertex 5.24 4.3 9.1
      vertex 4.94 4.3 7.95
    endloop
  endfacet
  facet normal -0.967617 -6.82227e-07 0.252424
    outer loop
      vertex 5.04 0.8 8.33333
      vertex 5.24 4.3 9.1
      vertex 4.94 0.899999 7.95
    endloop
  endfacet
  facet normal -0.967618 0 0.252421
    outer loop
      vertex 5.24 4.3 9.1
      vertex 5.04 0.8 8.33333
      vertex 5.24 0.8 9.1
    endloop
  endfacet
  facet normal -1 0 0
    outer loop
      vertex 4.94 0.899999 7.9
      vertex 4.94 4.3 7.95
      vertex 4.94 4.3 7.9
    endloop
  endfacet
  facet normal -1 -0 0
    outer loop
      vertex 4.94 4.3 7.95
      vertex 4.94 0.899999 7.9
      vertex 4.94 0.899999 7.95
    endloop
  endfacet
  facet normal 0 0 -1
    outer loop
      vertex 5.04 0.6 7.9
      vertex 4.94 0.899999 7.9
      vertex 5.04 0.8 7.9
    endloop
  endfacet
  facet normal 0 0 -1
    outer loop
      vertex 1.54 0.6 7.9
      vertex 4.94 0.899999 7.9
      vertex 5.04 0.6 7.9
    endloop
  endfacet
  facet normal -0 0 -1
    outer loop
      vertex 4.94 0.899999 7.9
      vertex 1.54 0.6 7.9
      vertex 1.54 0.899999 7.9
    endloop
  endfacet
  facet normal 0 0 -1
    outer loop
      vertex 4.94 0.899999 7.9
      vertex 5.24 0.8 7.9
      vertex 5.04 0.8 7.9
    endloop
  endfacet
  facet normal 0 0 -1
    outer loop
      vertex 5.24 0.8 7.9
      vertex 4.94 0.899999 7.9
      vertex 5.24 4.3 7.9
    endloop
  endfacet
  facet normal -0 0 -1
    outer loop
      vertex 5.24 4.3 7.9
      vertex 4.94 0.899999 7.9
      vertex 4.94 4.3 7.9
    endloop
  endfacet
  facet normal 0 0.967618 0.252421
    outer loop
      vertex 5.04 0.8 8.33333
      vertex 1.54 0.6 9.1
      vertex 5.04 0.6 9.1
    endloop
  endfacet
  facet normal 1.59184e-07 0.967617 0.252422
    outer loop
      vertex 4.94 0.899999 7.95
      vertex 1.54 0.6 9.1
      vertex 5.04 0.8 8.33333
    endloop
  endfacet
  facet normal 0 0.967617 0.252421
    outer loop
      vertex 1.54 0.6 9.1
      vertex 4.94 0.899999 7.95
      vertex 1.54 0.899999 7.95
    endloop
  endfacet
  facet normal 0 1 -0
    outer loop
      vertex 4.94 0.899999 7.9
      vertex 1.54 0.899999 7.95
      vertex 4.94 0.899999 7.95
    endloop
  endfacet
  facet normal 0 1 0
    outer loop
      vertex 1.54 0.899999 7.95
      vertex 4.94 0.899999 7.9
      vertex 1.54 0.899999 7.9
    endloop
  endfacet
  facet normal 0.995179 -0.0980724 0
    outer loop
      vertex -4.27353 25.1411 11.6
      vertex -4.25589 25.3201 1.6
      vertex -4.25589 25.3201 11.6
    endloop
  endfacet
  facet normal 0.995179 -0.0980724 0
    outer loop
      vertex -4.25589 25.3201 1.6
      vertex -4.27353 25.1411 11.6
      vertex -4.27353 25.1411 1.6
    endloop
  endfacet
  facet normal 0.999464 -0.0327229 0
    outer loop
      vertex -4.25589 25.3201 11.6
      vertex -4.25 25.5 1.6
      vertex -4.25 25.5 11.6
    endloop
  endfacet
  facet normal 0.999464 -0.0327229 0
    outer loop
      vertex -4.25 25.5 1.6
      vertex -4.25589 25.3201 11.6
      vertex -4.25589 25.3201 1.6
    endloop
  endfacet
  facet normal -0.84917 -0.528119 0
    outer loop
      vertex -9.28654 23.9722 1.6
      vertex -9.38157 24.125 11.6
      vertex -9.38157 24.125 1.6
    endloop
  endfacet
  facet normal -0.84917 -0.528119 0
    outer loop
      vertex -9.38157 24.125 11.6
      vertex -9.28654 23.9722 1.6
      vertex -9.28654 23.9722 11.6
    endloop
  endfacet
  facet normal 0.773001 -0.634405 0
    outer loop
      vertex -4.93244 23.6868 11.6
      vertex -4.81828 23.8259 1.6
      vertex -4.81828 23.8259 11.6
    endloop
  endfacet
  facet normal 0.773001 -0.634405 0
    outer loop
      vertex -4.81828 23.8259 1.6
      vertex -4.93244 23.6868 11.6
      vertex -4.93244 23.6868 1.6
    endloop
  endfacet
  facet normal 0.52835 -0.849027 0
    outer loop
      vertex -5.625 23.1184 1.6
      vertex -5.47218 23.2135 11.6
      vertex -5.625 23.1184 11.6
    endloop
  endfacet
  facet normal 0.52835 -0.849027 0
    outer loop
      vertex -5.47218 23.2135 11.6
      vertex -5.625 23.1184 1.6
      vertex -5.47218 23.2135 1.6
    endloop
  endfacet
  facet normal -0.0978035 -0.995206 0
    outer loop
      vertex -7.35895 22.7735 1.6
      vertex -7.17986 22.7559 11.6
      vertex -7.35895 22.7735 11.6
    endloop
  endfacet
  facet normal -0.0978035 -0.995206 -0
    outer loop
      vertex -7.17986 22.7559 11.6
      vertex -7.35895 22.7735 1.6
      vertex -7.17986 22.7559 1.6
    endloop
  endfacet
  facet normal 0.910847 0.412743 0
    outer loop
      vertex -4.45933 26.5524 11.6
      vertex -4.5336 26.7163 1.6
      vertex -4.5336 26.7163 11.6
    endloop
  endfacet
  facet normal 0.910847 0.412743 0
    outer loop
      vertex -4.5336 26.7163 1.6
      vertex -4.45933 26.5524 11.6
      vertex -4.45933 26.5524 1.6
    endloop
  endfacet
  facet normal -0.52835 -0.849027 0
    outer loop
      vertex -8.52782 23.2135 1.6
      vertex -8.375 23.1184 11.6
      vertex -8.52782 23.2135 11.6
    endloop
  endfacet
  facet normal -0.52835 -0.849027 -0
    outer loop
      vertex -8.375 23.1184 11.6
      vertex -8.52782 23.2135 1.6
      vertex -8.375 23.1184 1.6
    endloop
  endfacet
  facet normal -0.290085 0.957001 0
    outer loop
      vertex -7.71175 28.1563 1.6
      vertex -7.88396 28.1041 11.6
      vertex -7.71175 28.1563 11.6
    endloop
  endfacet
  facet normal -0.290085 0.957001 0
    outer loop
      vertex -7.88396 28.1041 11.6
      vertex -7.71175 28.1563 1.6
      vertex -7.88396 28.1041 1.6
    endloop
  endfacet
  facet normal 0.58242 -0.812888 0
    outer loop
      vertex -5.47218 23.2135 1.6
      vertex -5.32591 23.3183 11.6
      vertex -5.47218 23.2135 11.6
    endloop
  endfacet
  facet normal 0.58242 -0.812888 0
    outer loop
      vertex -5.32591 23.3183 11.6
      vertex -5.47218 23.2135 1.6
      vertex -5.32591 23.3183 1.6
    endloop
  endfacet
  facet normal 0.471257 0.881996 -0
    outer loop
      vertex -5.625 27.8816 1.6
      vertex -5.78371 27.9664 11.6
      vertex -5.625 27.8816 11.6
    endloop
  endfacet
  facet normal 0.471257 0.881996 0
    outer loop
      vertex -5.78371 27.9664 11.6
      vertex -5.625 27.8816 1.6
      vertex -5.78371 27.9664 1.6
    endloop
  endfacet
  facet normal -0.986654 0.162831 0
    outer loop
      vertex -9.72647 25.8589 1.6
      vertex -9.69716 26.0365 11.6
      vertex -9.69716 26.0365 1.6
    endloop
  endfacet
  facet normal -0.986654 0.162831 0
    outer loop
      vertex -9.69716 26.0365 11.6
      vertex -9.72647 25.8589 1.6
      vertex -9.72647 25.8589 11.6
    endloop
  endfacet
  facet normal -0.999464 0.0327229 0
    outer loop
      vertex -9.75 25.5 1.6
      vertex -9.74411 25.6799 11.6
      vertex -9.74411 25.6799 1.6
    endloop
  endfacet
  facet normal -0.999464 0.0327229 0
    outer loop
      vertex -9.74411 25.6799 11.6
      vertex -9.75 25.5 1.6
      vertex -9.75 25.5 11.6
    endloop
  endfacet
  facet normal -0.290085 -0.957001 0
    outer loop
      vertex -7.88396 22.8959 1.6
      vertex -7.71175 22.8437 11.6
      vertex -7.88396 22.8959 11.6
    endloop
  endfacet
  facet normal -0.290085 -0.957001 -0
    outer loop
      vertex -7.71175 22.8437 11.6
      vertex -7.88396 22.8959 1.6
      vertex -7.71175 22.8437 1.6
    endloop
  endfacet
  facet normal 0.93589 0.352293 0
    outer loop
      vertex -4.39594 26.384 11.6
      vertex -4.45933 26.5524 1.6
      vertex -4.45933 26.5524 11.6
    endloop
  endfacet
  facet normal 0.93589 0.352293 0
    outer loop
      vertex -4.45933 26.5524 1.6
      vertex -4.39594 26.384 11.6
      vertex -4.39594 26.384 1.6
    endloop
  endfacet
  facet normal 0.412861 0.910794 -0
    outer loop
      vertex -5.78371 27.9664 1.6
      vertex -5.94762 28.0407 11.6
      vertex -5.78371 27.9664 11.6
    endloop
  endfacet
  facet normal 0.412861 0.910794 0
    outer loop
      vertex -5.94762 28.0407 11.6
      vertex -5.78371 27.9664 1.6
      vertex -5.94762 28.0407 1.6
    endloop
  endfacet
  facet normal 0.973894 -0.227001 0
    outer loop
      vertex -4.3437 24.7882 11.6
      vertex -4.30284 24.9635 1.6
      vertex -4.30284 24.9635 11.6
    endloop
  endfacet
  facet normal 0.973894 -0.227001 0
    outer loop
      vertex -4.30284 24.9635 1.6
      vertex -4.3437 24.7882 11.6
      vertex -4.3437 24.7882 1.6
    endloop
  endfacet
  facet normal 0.58242 0.812888 -0
    outer loop
      vertex -5.32591 27.6817 1.6
      vertex -5.47218 27.7865 11.6
      vertex -5.32591 27.6817 11.6
    endloop
  endfacet
  facet normal 0.58242 0.812888 0
    outer loop
      vertex -5.47218 27.7865 11.6
      vertex -5.32591 27.6817 1.6
      vertex -5.47218 27.7865 1.6
    endloop
  endfacet
  facet normal 0.162822 0.986655 -0
    outer loop
      vertex -6.4635 28.1972 1.6
      vertex -6.64105 28.2265 11.6
      vertex -6.4635 28.1972 11.6
    endloop
  endfacet
  facet normal 0.162822 0.986655 0
    outer loop
      vertex -6.64105 28.2265 11.6
      vertex -6.4635 28.1972 1.6
      vertex -6.64105 28.2265 1.6
    endloop
  endfacet
  facet normal -0.412861 -0.910794 0
    outer loop
      vertex -8.21629 23.0336 1.6
      vertex -8.05238 22.9593 11.6
      vertex -8.21629 23.0336 11.6
    endloop
  endfacet
  facet normal -0.412861 -0.910794 -0
    outer loop
      vertex -8.05238 22.9593 11.6
      vertex -8.21629 23.0336 1.6
      vertex -8.05238 22.9593 1.6
    endloop
  endfacet
  facet normal 0.999464 0.0327229 0
    outer loop
      vertex -4.25 25.5 11.6
      vertex -4.25589 25.6799 1.6
      vertex -4.25589 25.6799 11.6
    endloop
  endfacet
  facet normal 0.999464 0.0327229 0
    outer loop
      vertex -4.25589 25.6799 1.6
      vertex -4.25 25.5 11.6
      vertex -4.25 25.5 1.6
    endloop
  endfacet
  facet normal 0.956935 -0.290304 0
    outer loop
      vertex -4.39594 24.616 11.6
      vertex -4.3437 24.7882 1.6
      vertex -4.3437 24.7882 11.6
    endloop
  endfacet
  facet normal 0.956935 -0.290304 0
    outer loop
      vertex -4.3437 24.7882 1.6
      vertex -4.39594 24.616 11.6
      vertex -4.39594 24.616 1.6
    endloop
  endfacet
  facet normal 0.84917 0.528119 0
    outer loop
      vertex -4.61843 26.875 11.6
      vertex -4.71346 27.0278 1.6
      vertex -4.71346 27.0278 11.6
    endloop
  endfacet
  facet normal 0.84917 0.528119 0
    outer loop
      vertex -4.71346 27.0278 1.6
      vertex -4.61843 26.875 11.6
      vertex -4.61843 26.875 1.6
    endloop
  endfacet
  facet normal 0.729742 -0.683723 0
    outer loop
      vertex -5.05546 23.5555 11.6
      vertex -4.93244 23.6868 1.6
      vertex -4.93244 23.6868 11.6
    endloop
  endfacet
  facet normal 0.729742 -0.683723 0
    outer loop
      vertex -4.93244 23.6868 1.6
      vertex -5.05546 23.5555 11.6
      vertex -5.05546 23.5555 1.6
    endloop
  endfacet
  facet normal 0.471257 -0.881996 0
    outer loop
      vertex -5.78371 23.0336 1.6
      vertex -5.625 23.1184 11.6
      vertex -5.78371 23.0336 11.6
    endloop
  endfacet
  facet normal 0.471257 -0.881996 0
    outer loop
      vertex -5.625 23.1184 11.6
      vertex -5.78371 23.0336 1.6
      vertex -5.625 23.1184 1.6
    endloop
  endfacet
  facet normal 0.729742 0.683723 0
    outer loop
      vertex -4.93244 27.3132 11.6
      vertex -5.05546 27.4445 1.6
      vertex -5.05546 27.4445 11.6
    endloop
  endfacet
  facet normal 0.729742 0.683723 0
    outer loop
      vertex -5.05546 27.4445 1.6
      vertex -4.93244 27.3132 11.6
      vertex -4.93244 27.3132 1.6
    endloop
  endfacet
  facet normal -0.412861 0.910794 0
    outer loop
      vertex -8.05238 28.0407 1.6
      vertex -8.21629 27.9664 11.6
      vertex -8.05238 28.0407 11.6
    endloop
  endfacet
  facet normal -0.412861 0.910794 0
    outer loop
      vertex -8.21629 27.9664 11.6
      vertex -8.05238 28.0407 1.6
      vertex -8.21629 27.9664 1.6
    endloop
  endfacet
  facet normal 0.290085 -0.957001 0
    outer loop
      vertex -6.28825 22.8437 1.6
      vertex -6.11604 22.8959 11.6
      vertex -6.28825 22.8437 11.6
    endloop
  endfacet
  facet normal 0.290085 -0.957001 0
    outer loop
      vertex -6.11604 22.8959 11.6
      vertex -6.28825 22.8437 1.6
      vertex -6.11604 22.8959 1.6
    endloop
  endfacet
  facet normal -0.634179 -0.773187 0
    outer loop
      vertex -8.8132 23.4324 1.6
      vertex -8.67409 23.3183 11.6
      vertex -8.8132 23.4324 11.6
    endloop
  endfacet
  facet normal -0.634179 -0.773187 -0
    outer loop
      vertex -8.67409 23.3183 11.6
      vertex -8.8132 23.4324 1.6
      vertex -8.67409 23.3183 1.6
    endloop
  endfacet
  facet normal -0.773001 0.634405 0
    outer loop
      vertex -9.18172 27.1741 1.6
      vertex -9.06756 27.3132 11.6
      vertex -9.06756 27.3132 1.6
    endloop
  endfacet
  facet normal -0.773001 0.634405 0
    outer loop
      vertex -9.06756 27.3132 11.6
      vertex -9.18172 27.1741 1.6
      vertex -9.18172 27.1741 11.6
    endloop
  endfacet
  facet normal 0.0327857 0.999462 -0
    outer loop
      vertex -6.82014 28.2441 1.6
      vertex -7 28.25 11.6
      vertex -6.82014 28.2441 11.6
    endloop
  endfacet
  facet normal 0.0327857 0.999462 0
    outer loop
      vertex -7 28.25 11.6
      vertex -6.82014 28.2441 1.6
      vertex -7 28.25 1.6
    endloop
  endfacet
  facet normal 0.881914 0.47141 0
    outer loop
      vertex -4.5336 26.7163 11.6
      vertex -4.61843 26.875 1.6
      vertex -4.61843 26.875 11.6
    endloop
  endfacet
  facet normal 0.881914 0.47141 0
    outer loop
      vertex -4.61843 26.875 1.6
      vertex -4.5336 26.7163 11.6
      vertex -4.5336 26.7163 1.6
    endloop
  endfacet
  facet normal -0.999464 -0.0327229 0
    outer loop
      vertex -9.74411 25.3201 1.6
      vertex -9.75 25.5 11.6
      vertex -9.75 25.5 1.6
    endloop
  endfacet
  facet normal -0.999464 -0.0327229 0
    outer loop
      vertex -9.75 25.5 11.6
      vertex -9.74411 25.3201 1.6
      vertex -9.74411 25.3201 11.6
    endloop
  endfacet
  facet normal 0.352305 0.935885 -0
    outer loop
      vertex -5.94762 28.0407 1.6
      vertex -6.11604 28.1041 11.6
      vertex -5.94762 28.0407 11.6
    endloop
  endfacet
  facet normal 0.352305 0.935885 0
    outer loop
      vertex -6.11604 28.1041 11.6
      vertex -5.94762 28.0407 1.6
      vertex -6.11604 28.1041 1.6
    endloop
  endfacet
  facet normal 0.634179 -0.773187 0
    outer loop
      vertex -5.32591 23.3183 1.6
      vertex -5.1868 23.4324 11.6
      vertex -5.32591 23.3183 11.6
    endloop
  endfacet
  facet normal 0.634179 -0.773187 0
    outer loop
      vertex -5.1868 23.4324 11.6
      vertex -5.32591 23.3183 1.6
      vertex -5.1868 23.4324 1.6
    endloop
  endfacet
  facet normal -0.84917 0.528119 0
    outer loop
      vertex -9.38157 26.875 1.6
      vertex -9.28654 27.0278 11.6
      vertex -9.28654 27.0278 1.6
    endloop
  endfacet
  facet normal -0.84917 0.528119 0
    outer loop
      vertex -9.28654 27.0278 11.6
      vertex -9.38157 26.875 1.6
      vertex -9.38157 26.875 11.6
    endloop
  endfacet
  facet normal -0.0327857 -0.999462 0
    outer loop
      vertex -7.17986 22.7559 1.6
      vertex -7 22.75 11.6
      vertex -7.17986 22.7559 11.6
    endloop
  endfacet
  facet normal -0.0327857 -0.999462 -0
    outer loop
      vertex -7 22.75 11.6
      vertex -7.17986 22.7559 1.6
      vertex -7 22.75 1.6
    endloop
  endfacet
  facet normal 0.412861 -0.910794 0
    outer loop
      vertex -5.94762 22.9593 1.6
      vertex -5.78371 23.0336 11.6
      vertex -5.94762 22.9593 11.6
    endloop
  endfacet
  facet normal 0.412861 -0.910794 0
    outer loop
      vertex -5.78371 23.0336 11.6
      vertex -5.94762 22.9593 1.6
      vertex -5.78371 23.0336 1.6
    endloop
  endfacet
  facet normal 0.0978035 0.995206 -0
    outer loop
      vertex -6.64105 28.2265 1.6
      vertex -6.82014 28.2441 11.6
      vertex -6.64105 28.2265 11.6
    endloop
  endfacet
  facet normal 0.0978035 0.995206 0
    outer loop
      vertex -6.82014 28.2441 11.6
      vertex -6.64105 28.2265 1.6
      vertex -6.82014 28.2441 1.6
    endloop
  endfacet
  facet normal 0.352305 -0.935885 0
    outer loop
      vertex -6.11604 22.8959 1.6
      vertex -5.94762 22.9593 11.6
      vertex -6.11604 22.8959 11.6
    endloop
  endfacet
  facet normal 0.352305 -0.935885 0
    outer loop
      vertex -5.94762 22.9593 11.6
      vertex -6.11604 22.8959 1.6
      vertex -5.94762 22.9593 1.6
    endloop
  endfacet
  facet normal -0.93589 -0.352293 0
    outer loop
      vertex -9.54067 24.4476 1.6
      vertex -9.60406 24.616 11.6
      vertex -9.60406 24.616 1.6
    endloop
  endfacet
  facet normal -0.93589 -0.352293 0
    outer loop
      vertex -9.60406 24.616 11.6
      vertex -9.54067 24.4476 1.6
      vertex -9.54067 24.4476 11.6
    endloop
  endfacet
  facet normal 0.812892 -0.582415 0
    outer loop
      vertex -4.81828 23.8259 11.6
      vertex -4.71346 23.9722 1.6
      vertex -4.71346 23.9722 11.6
    endloop
  endfacet
  facet normal 0.812892 -0.582415 0
    outer loop
      vertex -4.71346 23.9722 1.6
      vertex -4.81828 23.8259 11.6
      vertex -4.81828 23.8259 1.6
    endloop
  endfacet
  facet normal -0.471257 -0.881996 0
    outer loop
      vertex -8.375 23.1184 1.6
      vertex -8.21629 23.0336 11.6
      vertex -8.375 23.1184 11.6
    endloop
  endfacet
  facet normal -0.471257 -0.881996 -0
    outer loop
      vertex -8.21629 23.0336 11.6
      vertex -8.375 23.1184 1.6
      vertex -8.21629 23.0336 1.6
    endloop
  endfacet
  facet normal -0.881914 -0.47141 0
    outer loop
      vertex -9.38157 24.125 1.6
      vertex -9.4664 24.2837 11.6
      vertex -9.4664 24.2837 1.6
    endloop
  endfacet
  facet normal -0.881914 -0.47141 0
    outer loop
      vertex -9.4664 24.2837 11.6
      vertex -9.38157 24.125 1.6
      vertex -9.38157 24.125 11.6
    endloop
  endfacet
  facet normal 0.910847 -0.412743 0
    outer loop
      vertex -4.5336 24.2837 11.6
      vertex -4.45933 24.4476 1.6
      vertex -4.45933 24.4476 11.6
    endloop
  endfacet
  facet normal 0.910847 -0.412743 0
    outer loop
      vertex -4.45933 24.4476 1.6
      vertex -4.5336 24.2837 11.6
      vertex -4.5336 24.2837 1.6
    endloop
  endfacet
  facet normal -0.986654 -0.162831 0
    outer loop
      vertex -9.69716 24.9635 1.6
      vertex -9.72647 25.1411 11.6
      vertex -9.72647 25.1411 1.6
    endloop
  endfacet
  facet normal -0.986654 -0.162831 0
    outer loop
      vertex -9.72647 25.1411 11.6
      vertex -9.69716 24.9635 1.6
      vertex -9.69716 24.9635 11.6
    endloop
  endfacet
  facet normal -0.773001 -0.634405 0
    outer loop
      vertex -9.06756 23.6868 1.6
      vertex -9.18172 23.8259 11.6
      vertex -9.18172 23.8259 1.6
    endloop
  endfacet
  facet normal -0.773001 -0.634405 0
    outer loop
      vertex -9.18172 23.8259 11.6
      vertex -9.06756 23.6868 1.6
      vertex -9.06756 23.6868 11.6
    endloop
  endfacet
  facet normal 0.227274 -0.973831 0
    outer loop
      vertex -6.4635 22.8028 1.6
      vertex -6.28825 22.8437 11.6
      vertex -6.4635 22.8028 11.6
    endloop
  endfacet
  facet normal 0.227274 -0.973831 0
    outer loop
      vertex -6.28825 22.8437 11.6
      vertex -6.4635 22.8028 1.6
      vertex -6.28825 22.8437 1.6
    endloop
  endfacet
  facet normal -0.0978035 0.995206 0
    outer loop
      vertex -7.17986 28.2441 1.6
      vertex -7.35895 28.2265 11.6
      vertex -7.17986 28.2441 11.6
    endloop
  endfacet
  facet normal -0.0978035 0.995206 0
    outer loop
      vertex -7.35895 28.2265 11.6
      vertex -7.17986 28.2441 1.6
      vertex -7.35895 28.2265 1.6
    endloop
  endfacet
  facet normal -0.812892 -0.582415 0
    outer loop
      vertex -9.18172 23.8259 1.6
      vertex -9.28654 23.9722 11.6
      vertex -9.28654 23.9722 1.6
    endloop
  endfacet
  facet normal -0.812892 -0.582415 0
    outer loop
      vertex -9.28654 23.9722 11.6
      vertex -9.18172 23.8259 1.6
      vertex -9.18172 23.8259 11.6
    endloop
  endfacet
  facet normal 0.973894 0.227001 0
    outer loop
      vertex -4.30284 26.0365 11.6
      vertex -4.3437 26.2118 1.6
      vertex -4.3437 26.2118 11.6
    endloop
  endfacet
  facet normal 0.973894 0.227001 0
    outer loop
      vertex -4.3437 26.2118 1.6
      vertex -4.30284 26.0365 11.6
      vertex -4.30284 26.0365 1.6
    endloop
  endfacet
  facet normal 0.52835 0.849027 -0
    outer loop
      vertex -5.47218 27.7865 1.6
      vertex -5.625 27.8816 11.6
      vertex -5.47218 27.7865 11.6
    endloop
  endfacet
  facet normal 0.52835 0.849027 0
    outer loop
      vertex -5.625 27.8816 11.6
      vertex -5.47218 27.7865 1.6
      vertex -5.625 27.8816 1.6
    endloop
  endfacet
  facet normal 0.995179 0.0980724 0
    outer loop
      vertex -4.25589 25.6799 11.6
      vertex -4.27353 25.8589 1.6
      vertex -4.27353 25.8589 11.6
    endloop
  endfacet
  facet normal 0.995179 0.0980724 0
    outer loop
      vertex -4.27353 25.8589 1.6
      vertex -4.25589 25.6799 11.6
      vertex -4.25589 25.6799 1.6
    endloop
  endfacet
  facet normal -0.162822 0.986655 0
    outer loop
      vertex -7.35895 28.2265 1.6
      vertex -7.5365 28.1972 11.6
      vertex -7.35895 28.2265 11.6
    endloop
  endfacet
  facet normal -0.162822 0.986655 0
    outer loop
      vertex -7.5365 28.1972 11.6
      vertex -7.35895 28.2265 1.6
      vertex -7.5365 28.1972 1.6
    endloop
  endfacet
  facet normal -0.812892 0.582415 0
    outer loop
      vertex -9.28654 27.0278 1.6
      vertex -9.18172 27.1741 11.6
      vertex -9.18172 27.1741 1.6
    endloop
  endfacet
  facet normal -0.812892 0.582415 0
    outer loop
      vertex -9.18172 27.1741 11.6
      vertex -9.28654 27.0278 1.6
      vertex -9.28654 27.0278 11.6
    endloop
  endfacet
  facet normal -0.995179 0.0980724 0
    outer loop
      vertex -9.74411 25.6799 1.6
      vertex -9.72647 25.8589 11.6
      vertex -9.72647 25.8589 1.6
    endloop
  endfacet
  facet normal -0.995179 0.0980724 0
    outer loop
      vertex -9.72647 25.8589 11.6
      vertex -9.74411 25.6799 1.6
      vertex -9.74411 25.6799 11.6
    endloop
  endfacet
  facet normal 0.773001 0.634405 0
    outer loop
      vertex -4.81828 27.1741 11.6
      vertex -4.93244 27.3132 1.6
      vertex -4.93244 27.3132 11.6
    endloop
  endfacet
  facet normal 0.773001 0.634405 0
    outer loop
      vertex -4.93244 27.3132 1.6
      vertex -4.81828 27.1741 11.6
      vertex -4.81828 27.1741 1.6
    endloop
  endfacet
  facet normal -0.227274 0.973831 0
    outer loop
      vertex -7.5365 28.1972 1.6
      vertex -7.71175 28.1563 11.6
      vertex -7.5365 28.1972 11.6
    endloop
  endfacet
  facet normal -0.227274 0.973831 0
    outer loop
      vertex -7.71175 28.1563 11.6
      vertex -7.5365 28.1972 1.6
      vertex -7.71175 28.1563 1.6
    endloop
  endfacet
  facet normal 0.956935 0.290304 0
    outer loop
      vertex -4.3437 26.2118 11.6
      vertex -4.39594 26.384 1.6
      vertex -4.39594 26.384 11.6
    endloop
  endfacet
  facet normal 0.956935 0.290304 0
    outer loop
      vertex -4.39594 26.384 1.6
      vertex -4.3437 26.2118 11.6
      vertex -4.3437 26.2118 1.6
    endloop
  endfacet
  facet normal 0.683849 0.729624 -0
    outer loop
      vertex -5.05546 27.4445 1.6
      vertex -5.1868 27.5676 11.6
      vertex -5.05546 27.4445 11.6
    endloop
  endfacet
  facet normal 0.683849 0.729624 0
    outer loop
      vertex -5.1868 27.5676 11.6
      vertex -5.05546 27.4445 1.6
      vertex -5.1868 27.5676 1.6
    endloop
  endfacet
  facet normal -0.58242 0.812888 0
    outer loop
      vertex -8.52782 27.7865 1.6
      vertex -8.67409 27.6817 11.6
      vertex -8.52782 27.7865 11.6
    endloop
  endfacet
  facet normal -0.58242 0.812888 0
    outer loop
      vertex -8.67409 27.6817 11.6
      vertex -8.52782 27.7865 1.6
      vertex -8.67409 27.6817 1.6
    endloop
  endfacet
  facet normal 0.0978035 -0.995206 0
    outer loop
      vertex -6.82014 22.7559 1.6
      vertex -6.64105 22.7735 11.6
      vertex -6.82014 22.7559 11.6
    endloop
  endfacet
  facet normal 0.0978035 -0.995206 0
    outer loop
      vertex -6.64105 22.7735 11.6
      vertex -6.82014 22.7559 1.6
      vertex -6.64105 22.7735 1.6
    endloop
  endfacet
  facet normal -0.910847 -0.412743 0
    outer loop
      vertex -9.4664 24.2837 1.6
      vertex -9.54067 24.4476 11.6
      vertex -9.54067 24.4476 1.6
    endloop
  endfacet
  facet normal -0.910847 -0.412743 0
    outer loop
      vertex -9.54067 24.4476 11.6
      vertex -9.4664 24.2837 1.6
      vertex -9.4664 24.2837 11.6
    endloop
  endfacet
  facet normal 0.84917 -0.528119 0
    outer loop
      vertex -4.71346 23.9722 11.6
      vertex -4.61843 24.125 1.6
      vertex -4.61843 24.125 11.6
    endloop
  endfacet
  facet normal 0.84917 -0.528119 0
    outer loop
      vertex -4.61843 24.125 1.6
      vertex -4.71346 23.9722 11.6
      vertex -4.71346 23.9722 1.6
    endloop
  endfacet
  facet normal -0.352305 -0.935885 0
    outer loop
      vertex -8.05238 22.9593 1.6
      vertex -7.88396 22.8959 11.6
      vertex -8.05238 22.9593 11.6
    endloop
  endfacet
  facet normal -0.352305 -0.935885 -0
    outer loop
      vertex -7.88396 22.8959 11.6
      vertex -8.05238 22.9593 1.6
      vertex -7.88396 22.8959 1.6
    endloop
  endfacet
  facet normal -0.910847 0.412743 0
    outer loop
      vertex -9.54067 26.5524 1.6
      vertex -9.4664 26.7163 11.6
      vertex -9.4664 26.7163 1.6
    endloop
  endfacet
  facet normal -0.910847 0.412743 0
    outer loop
      vertex -9.4664 26.7163 11.6
      vertex -9.54067 26.5524 1.6
      vertex -9.54067 26.5524 11.6
    endloop
  endfacet
  facet normal 0.881914 -0.47141 0
    outer loop
      vertex -4.61843 24.125 11.6
      vertex -4.5336 24.2837 1.6
      vertex -4.5336 24.2837 11.6
    endloop
  endfacet
  facet normal 0.881914 -0.47141 0
    outer loop
      vertex -4.5336 24.2837 1.6
      vertex -4.61843 24.125 11.6
      vertex -4.61843 24.125 1.6
    endloop
  endfacet
  facet normal -0.93589 0.352293 0
    outer loop
      vertex -9.60406 26.384 1.6
      vertex -9.54067 26.5524 11.6
      vertex -9.54067 26.5524 1.6
    endloop
  endfacet
  facet normal -0.93589 0.352293 0
    outer loop
      vertex -9.54067 26.5524 11.6
      vertex -9.60406 26.384 1.6
      vertex -9.60406 26.384 11.6
    endloop
  endfacet
  facet normal -0.973894 -0.227001 0
    outer loop
      vertex -9.6563 24.7882 1.6
      vertex -9.69716 24.9635 11.6
      vertex -9.69716 24.9635 1.6
    endloop
  endfacet
  facet normal -0.973894 -0.227001 0
    outer loop
      vertex -9.69716 24.9635 11.6
      vertex -9.6563 24.7882 1.6
      vertex -9.6563 24.7882 11.6
    endloop
  endfacet
  facet normal -0.352305 0.935885 0
    outer loop
      vertex -7.88396 28.1041 1.6
      vertex -8.05238 28.0407 11.6
      vertex -7.88396 28.1041 11.6
    endloop
  endfacet
  facet normal -0.352305 0.935885 0
    outer loop
      vertex -8.05238 28.0407 11.6
      vertex -7.88396 28.1041 1.6
      vertex -8.05238 28.0407 1.6
    endloop
  endfacet
  facet normal 0.683849 -0.729624 0
    outer loop
      vertex -5.1868 23.4324 1.6
      vertex -5.05546 23.5555 11.6
      vertex -5.1868 23.4324 11.6
    endloop
  endfacet
  facet normal 0.683849 -0.729624 0
    outer loop
      vertex -5.05546 23.5555 11.6
      vertex -5.1868 23.4324 1.6
      vertex -5.05546 23.5555 1.6
    endloop
  endfacet
  facet normal -0.683849 0.729624 0
    outer loop
      vertex -8.8132 27.5676 1.6
      vertex -8.94454 27.4445 11.6
      vertex -8.8132 27.5676 11.6
    endloop
  endfacet
  facet normal -0.683849 0.729624 0
    outer loop
      vertex -8.94454 27.4445 11.6
      vertex -8.8132 27.5676 1.6
      vertex -8.94454 27.4445 1.6
    endloop
  endfacet
  facet normal -0.58242 -0.812888 0
    outer loop
      vertex -8.67409 23.3183 1.6
      vertex -8.52782 23.2135 11.6
      vertex -8.67409 23.3183 11.6
    endloop
  endfacet
  facet normal -0.58242 -0.812888 -0
    outer loop
      vertex -8.52782 23.2135 11.6
      vertex -8.67409 23.3183 1.6
      vertex -8.52782 23.2135 1.6
    endloop
  endfacet
  facet normal 0.93589 -0.352293 0
    outer loop
      vertex -4.45933 24.4476 11.6
      vertex -4.39594 24.616 1.6
      vertex -4.39594 24.616 11.6
    endloop
  endfacet
  facet normal 0.93589 -0.352293 0
    outer loop
      vertex -4.39594 24.616 1.6
      vertex -4.45933 24.4476 11.6
      vertex -4.45933 24.4476 1.6
    endloop
  endfacet
  facet normal 0.986654 -0.162831 0
    outer loop
      vertex -4.30284 24.9635 11.6
      vertex -4.27353 25.1411 1.6
      vertex -4.27353 25.1411 11.6
    endloop
  endfacet
  facet normal 0.986654 -0.162831 0
    outer loop
      vertex -4.27353 25.1411 1.6
      vertex -4.30284 24.9635 11.6
      vertex -4.30284 24.9635 1.6
    endloop
  endfacet
  facet normal -0.162822 -0.986655 0
    outer loop
      vertex -7.5365 22.8028 1.6
      vertex -7.35895 22.7735 11.6
      vertex -7.5365 22.8028 11.6
    endloop
  endfacet
  facet normal -0.162822 -0.986655 -0
    outer loop
      vertex -7.35895 22.7735 11.6
      vertex -7.5365 22.8028 1.6
      vertex -7.35895 22.7735 1.6
    endloop
  endfacet
  facet normal -0.995179 -0.0980724 0
    outer loop
      vertex -9.72647 25.1411 1.6
      vertex -9.74411 25.3201 11.6
      vertex -9.74411 25.3201 1.6
    endloop
  endfacet
  facet normal -0.995179 -0.0980724 0
    outer loop
      vertex -9.74411 25.3201 11.6
      vertex -9.72647 25.1411 1.6
      vertex -9.72647 25.1411 11.6
    endloop
  endfacet
  facet normal -0.227274 -0.973831 0
    outer loop
      vertex -7.71175 22.8437 1.6
      vertex -7.5365 22.8028 11.6
      vertex -7.71175 22.8437 11.6
    endloop
  endfacet
  facet normal -0.227274 -0.973831 -0
    outer loop
      vertex -7.5365 22.8028 11.6
      vertex -7.71175 22.8437 1.6
      vertex -7.5365 22.8028 1.6
    endloop
  endfacet
  facet normal -0.0327857 0.999462 0
    outer loop
      vertex -7 28.25 1.6
      vertex -7.17986 28.2441 11.6
      vertex -7 28.25 11.6
    endloop
  endfacet
  facet normal -0.0327857 0.999462 0
    outer loop
      vertex -7.17986 28.2441 11.6
      vertex -7 28.25 1.6
      vertex -7.17986 28.2441 1.6
    endloop
  endfacet
  facet normal -0.956935 -0.290304 0
    outer loop
      vertex -9.60406 24.616 1.6
      vertex -9.6563 24.7882 11.6
      vertex -9.6563 24.7882 1.6
    endloop
  endfacet
  facet normal -0.956935 -0.290304 0
    outer loop
      vertex -9.6563 24.7882 11.6
      vertex -9.60406 24.616 1.6
      vertex -9.60406 24.616 11.6
    endloop
  endfacet
  facet normal -0.634179 0.773187 0
    outer loop
      vertex -8.67409 27.6817 1.6
      vertex -8.8132 27.5676 11.6
      vertex -8.67409 27.6817 11.6
    endloop
  endfacet
  facet normal -0.634179 0.773187 0
    outer loop
      vertex -8.8132 27.5676 11.6
      vertex -8.67409 27.6817 1.6
      vertex -8.8132 27.5676 1.6
    endloop
  endfacet
  facet normal 0.634179 0.773187 -0
    outer loop
      vertex -5.1868 27.5676 1.6
      vertex -5.32591 27.6817 11.6
      vertex -5.1868 27.5676 11.6
    endloop
  endfacet
  facet normal 0.634179 0.773187 0
    outer loop
      vertex -5.32591 27.6817 11.6
      vertex -5.1868 27.5676 1.6
      vertex -5.32591 27.6817 1.6
    endloop
  endfacet
  facet normal -0.729742 -0.683723 0
    outer loop
      vertex -8.94454 23.5555 1.6
      vertex -9.06756 23.6868 11.6
      vertex -9.06756 23.6868 1.6
    endloop
  endfacet
  facet normal -0.729742 -0.683723 0
    outer loop
      vertex -9.06756 23.6868 11.6
      vertex -8.94454 23.5555 1.6
      vertex -8.94454 23.5555 11.6
    endloop
  endfacet
  facet normal -0.683849 -0.729624 0
    outer loop
      vertex -8.94454 23.5555 1.6
      vertex -8.8132 23.4324 11.6
      vertex -8.94454 23.5555 11.6
    endloop
  endfacet
  facet normal -0.683849 -0.729624 -0
    outer loop
      vertex -8.8132 23.4324 11.6
      vertex -8.94454 23.5555 1.6
      vertex -8.8132 23.4324 1.6
    endloop
  endfacet
  facet normal 0.227274 0.973831 -0
    outer loop
      vertex -6.28825 28.1563 1.6
      vertex -6.4635 28.1972 11.6
      vertex -6.28825 28.1563 11.6
    endloop
  endfacet
  facet normal 0.227274 0.973831 0
    outer loop
      vertex -6.4635 28.1972 11.6
      vertex -6.28825 28.1563 1.6
      vertex -6.4635 28.1972 1.6
    endloop
  endfacet
  facet normal -0.973894 0.227001 0
    outer loop
      vertex -9.69716 26.0365 1.6
      vertex -9.6563 26.2118 11.6
      vertex -9.6563 26.2118 1.6
    endloop
  endfacet
  facet normal -0.973894 0.227001 0
    outer loop
      vertex -9.6563 26.2118 11.6
      vertex -9.69716 26.0365 1.6
      vertex -9.69716 26.0365 11.6
    endloop
  endfacet
  facet normal 0.812892 0.582415 0
    outer loop
      vertex -4.71346 27.0278 11.6
      vertex -4.81828 27.1741 1.6
      vertex -4.81828 27.1741 11.6
    endloop
  endfacet
  facet normal 0.812892 0.582415 0
    outer loop
      vertex -4.81828 27.1741 1.6
      vertex -4.71346 27.0278 11.6
      vertex -4.71346 27.0278 1.6
    endloop
  endfacet
  facet normal 0.986654 0.162831 0
    outer loop
      vertex -4.27353 25.8589 11.6
      vertex -4.30284 26.0365 1.6
      vertex -4.30284 26.0365 11.6
    endloop
  endfacet
  facet normal 0.986654 0.162831 0
    outer loop
      vertex -4.30284 26.0365 1.6
      vertex -4.27353 25.8589 11.6
      vertex -4.27353 25.8589 1.6
    endloop
  endfacet
  facet normal -0.729742 0.683723 0
    outer loop
      vertex -9.06756 27.3132 1.6
      vertex -8.94454 27.4445 11.6
      vertex -8.94454 27.4445 1.6
    endloop
  endfacet
  facet normal -0.729742 0.683723 0
    outer loop
      vertex -8.94454 27.4445 11.6
      vertex -9.06756 27.3132 1.6
      vertex -9.06756 27.3132 11.6
    endloop
  endfacet
  facet normal 0.0327857 -0.999462 0
    outer loop
      vertex -7 22.75 1.6
      vertex -6.82014 22.7559 11.6
      vertex -7 22.75 11.6
    endloop
  endfacet
  facet normal 0.0327857 -0.999462 0
    outer loop
      vertex -6.82014 22.7559 11.6
      vertex -7 22.75 1.6
      vertex -6.82014 22.7559 1.6
    endloop
  endfacet
  facet normal -0.52835 0.849027 0
    outer loop
      vertex -8.375 27.8816 1.6
      vertex -8.52782 27.7865 11.6
      vertex -8.375 27.8816 11.6
    endloop
  endfacet
  facet normal -0.52835 0.849027 0
    outer loop
      vertex -8.52782 27.7865 11.6
      vertex -8.375 27.8816 1.6
      vertex -8.52782 27.7865 1.6
    endloop
  endfacet
  facet normal 0.290085 0.957001 -0
    outer loop
      vertex -6.11604 28.1041 1.6
      vertex -6.28825 28.1563 11.6
      vertex -6.11604 28.1041 11.6
    endloop
  endfacet
  facet normal 0.290085 0.957001 0
    outer loop
      vertex -6.28825 28.1563 11.6
      vertex -6.11604 28.1041 1.6
      vertex -6.28825 28.1563 1.6
    endloop
  endfacet
  facet normal -0.956935 0.290304 0
    outer loop
      vertex -9.6563 26.2118 1.6
      vertex -9.60406 26.384 11.6
      vertex -9.60406 26.384 1.6
    endloop
  endfacet
  facet normal -0.956935 0.290304 0
    outer loop
      vertex -9.60406 26.384 11.6
      vertex -9.6563 26.2118 1.6
      vertex -9.6563 26.2118 11.6
    endloop
  endfacet
  facet normal -0.471257 0.881996 0
    outer loop
      vertex -8.21629 27.9664 1.6
      vertex -8.375 27.8816 11.6
      vertex -8.21629 27.9664 11.6
    endloop
  endfacet
  facet normal -0.471257 0.881996 0
    outer loop
      vertex -8.375 27.8816 11.6
      vertex -8.21629 27.9664 1.6
      vertex -8.375 27.8816 1.6
    endloop
  endfacet
  facet normal 0.162822 -0.986655 0
    outer loop
      vertex -6.64105 22.7735 1.6
      vertex -6.4635 22.8028 11.6
      vertex -6.64105 22.7735 11.6
    endloop
  endfacet
  facet normal 0.162822 -0.986655 0
    outer loop
      vertex -6.4635 22.8028 11.6
      vertex -6.64105 22.7735 1.6
      vertex -6.4635 22.8028 1.6
    endloop
  endfacet
  facet normal -0.881914 0.47141 0
    outer loop
      vertex -9.4664 26.7163 1.6
      vertex -9.38157 26.875 11.6
      vertex -9.38157 26.875 1.6
    endloop
  endfacet
  facet normal -0.881914 0.47141 0
    outer loop
      vertex -9.38157 26.875 11.6
      vertex -9.4664 26.7163 1.6
      vertex -9.4664 26.7163 11.6
    endloop
  endfacet
  facet normal 0 0 1
    outer loop
      vertex -6.15 25.5 11.6
      vertex -4.25 25.5 11.6
      vertex -4.25589 25.6799 11.6
    endloop
  endfacet
  facet normal 0 0 1
    outer loop
      vertex -6.15182 25.5556 11.6
      vertex -4.25589 25.6799 11.6
      vertex -4.27353 25.8589 11.6
    endloop
  endfacet
  facet normal 0 0 1
    outer loop
      vertex -4.25 25.5 11.6
      vertex -6.15 25.5 11.6
      vertex -4.25589 25.3201 11.6
    endloop
  endfacet
  facet normal 0 0 1
    outer loop
      vertex -6.15727 25.6109 11.6
      vertex -4.27353 25.8589 11.6
      vertex -4.30284 26.0365 11.6
    endloop
  endfacet
  facet normal -0 0 1
    outer loop
      vertex -6.15182 25.4444 11.6
      vertex -4.25589 25.3201 11.6
      vertex -6.15 25.5 11.6
    endloop
  endfacet
  facet normal 0 0 1
    outer loop
      vertex -6.16633 25.6658 11.6
      vertex -4.30284 26.0365 11.6
      vertex -4.3437 26.2118 11.6
    endloop
  endfacet
  facet normal 0 0 1
    outer loop
      vertex -4.25589 25.3201 11.6
      vertex -6.15182 25.4444 11.6
      vertex -4.27353 25.1411 11.6
    endloop
  endfacet
  facet normal 0 0 1
    outer loop
      vertex -6.17896 25.72 11.6
      vertex -4.3437 26.2118 11.6
      vertex -4.39594 26.384 11.6
    endloop
  endfacet
  facet normal -0 0 1
    outer loop
      vertex -6.15727 25.3891 11.6
      vertex -4.27353 25.1411 11.6
      vertex -6.15182 25.4444 11.6
    endloop
  endfacet
  facet normal 0 0 1
    outer loop
      vertex -6.19511 25.7732 11.6
      vertex -4.39594 26.384 11.6
      vertex -4.45933 26.5524 11.6
    endloop
  endfacet
  facet normal 0 0 1
    outer loop
      vertex -4.27353 25.1411 11.6
      vertex -6.15727 25.3891 11.6
      vertex -4.30284 24.9635 11.6
    endloop
  endfacet
  facet normal 0 0 1
    outer loop
      vertex -6.2147 25.8253 11.6
      vertex -4.45933 26.5524 11.6
      vertex -4.5336 26.7163 11.6
    endloop
  endfacet
  facet normal -0 0 1
    outer loop
      vertex -6.16633 25.3342 11.6
      vertex -4.30284 24.9635 11.6
      vertex -6.15727 25.3891 11.6
    endloop
  endfacet
  facet normal 0 0 1
    outer loop
      vertex -6.23766 25.8759 11.6
      vertex -4.5336 26.7163 11.6
      vertex -4.61843 26.875 11.6
    endloop
  endfacet
  facet normal 0 0 1
    outer loop
      vertex -4.30284 24.9635 11.6
      vertex -6.16633 25.3342 11.6
      vertex -4.3437 24.7882 11.6
    endloop
  endfacet
  facet normal 0 0 1
    outer loop
      vertex -6.26388 25.925 11.6
      vertex -4.61843 26.875 11.6
      vertex -4.71346 27.0278 11.6
    endloop
  endfacet
  facet normal -0 0 1
    outer loop
      vertex -6.17896 25.28 11.6
      vertex -4.3437 24.7882 11.6
      vertex -6.16633 25.3342 11.6
    endloop
  endfacet
  facet normal 0 0 1
    outer loop
      vertex -6.29325 25.9722 11.6
      vertex -4.71346 27.0278 11.6
      vertex -4.81828 27.1741 11.6
    endloop
  endfacet
  facet normal 0 0 1
    outer loop
      vertex -4.3437 24.7882 11.6
      vertex -6.17896 25.28 11.6
      vertex -4.39594 24.616 11.6
    endloop
  endfacet
  facet normal 0 0 1
    outer loop
      vertex -6.32565 26.0174 11.6
      vertex -4.81828 27.1741 11.6
      vertex -4.93244 27.3132 11.6
    endloop
  endfacet
  facet normal -0 0 1
    outer loop
      vertex -6.19511 25.2268 11.6
      vertex -4.39594 24.616 11.6
      vertex -6.17896 25.28 11.6
    endloop
  endfacet
  facet normal 0 0 1
    outer loop
      vertex -6.36094 26.0604 11.6
      vertex -4.93244 27.3132 11.6
      vertex -5.05546 27.4445 11.6
    endloop
  endfacet
  facet normal 0 0 1
    outer loop
      vertex -4.39594 24.616 11.6
      vertex -6.19511 25.2268 11.6
      vertex -4.45933 24.4476 11.6
    endloop
  endfacet
  facet normal 0 0 1
    outer loop
      vertex -6.39896 26.101 11.6
      vertex -5.05546 27.4445 11.6
      vertex -5.1868 27.5676 11.6
    endloop
  endfacet
  facet normal -0 0 1
    outer loop
      vertex -6.2147 25.1747 11.6
      vertex -4.45933 24.4476 11.6
      vertex -6.19511 25.2268 11.6
    endloop
  endfacet
  facet normal 0 0 1
    outer loop
      vertex -6.43956 26.1391 11.6
      vertex -5.1868 27.5676 11.6
      vertex -5.32591 27.6817 11.6
    endloop
  endfacet
  facet normal 0 0 1
    outer loop
      vertex -4.45933 24.4476 11.6
      vertex -6.2147 25.1747 11.6
      vertex -4.5336 24.2837 11.6
    endloop
  endfacet
  facet normal 0 0 1
    outer loop
      vertex -6.48255 26.1744 11.6
      vertex -5.32591 27.6817 11.6
      vertex -5.47218 27.7865 11.6
    endloop
  endfacet
  facet normal -0 0 1
    outer loop
      vertex -6.23766 25.1241 11.6
      vertex -4.5336 24.2837 11.6
      vertex -6.2147 25.1747 11.6
    endloop
  endfacet
  facet normal 0 0 1
    outer loop
      vertex -6.52777 26.2067 11.6
      vertex -5.47218 27.7865 11.6
      vertex -5.625 27.8816 11.6
    endloop
  endfacet
  facet normal 0 0 1
    outer loop
      vertex -4.5336 24.2837 11.6
      vertex -6.23766 25.1241 11.6
      vertex -4.61843 24.125 11.6
    endloop
  endfacet
  facet normal 0 0 1
    outer loop
      vertex -6.575 26.2361 11.6
      vertex -5.625 27.8816 11.6
      vertex -5.78371 27.9664 11.6
    endloop
  endfacet
  facet normal -0 0 1
    outer loop
      vertex -6.26388 25.075 11.6
      vertex -4.61843 24.125 11.6
      vertex -6.23766 25.1241 11.6
    endloop
  endfacet
  facet normal 0 0 1
    outer loop
      vertex -6.62405 26.2623 11.6
      vertex -5.78371 27.9664 11.6
      vertex -5.94762 28.0407 11.6
    endloop
  endfacet
  facet normal 0 0 1
    outer loop
      vertex -4.61843 24.125 11.6
      vertex -6.26388 25.075 11.6
      vertex -4.71346 23.9722 11.6
    endloop
  endfacet
  facet normal 0 0 1
    outer loop
      vertex -6.67472 26.2853 11.6
      vertex -5.94762 28.0407 11.6
      vertex -6.11604 28.1041 11.6
    endloop
  endfacet
  facet normal -0 0 1
    outer loop
      vertex -6.29325 25.0278 11.6
      vertex -4.71346 23.9722 11.6
      vertex -6.26388 25.075 11.6
    endloop
  endfacet
  facet normal 0 0 1
    outer loop
      vertex -4.71346 23.9722 11.6
      vertex -6.29325 25.0278 11.6
      vertex -4.81828 23.8259 11.6
    endloop
  endfacet
  facet normal 0 0 1
    outer loop
      vertex -4.25589 25.6799 11.6
      vertex -6.15182 25.5556 11.6
      vertex -6.15 25.5 11.6
    endloop
  endfacet
  facet normal 0 0 1
    outer loop
      vertex -4.27353 25.8589 11.6
      vertex -6.15727 25.6109 11.6
      vertex -6.15182 25.5556 11.6
    endloop
  endfacet
  facet normal 0 0 1
    outer loop
      vertex -4.30284 26.0365 11.6
      vertex -6.16633 25.6658 11.6
      vertex -6.15727 25.6109 11.6
    endloop
  endfacet
  facet normal 0 0 1
    outer loop
      vertex -4.3437 26.2118 11.6
      vertex -6.17896 25.72 11.6
      vertex -6.16633 25.6658 11.6
    endloop
  endfacet
  facet normal 0 0 1
    outer loop
      vertex -4.39594 26.384 11.6
      vertex -6.19511 25.7732 11.6
      vertex -6.17896 25.72 11.6
    endloop
  endfacet
  facet normal 0 0 1
    outer loop
      vertex -4.45933 26.5524 11.6
      vertex -6.2147 25.8253 11.6
      vertex -6.19511 25.7732 11.6
    endloop
  endfacet
  facet normal 0 0 1
    outer loop
      vertex -4.5336 26.7163 11.6
      vertex -6.23766 25.8759 11.6
      vertex -6.2147 25.8253 11.6
    endloop
  endfacet
  facet normal 0 0 1
    outer loop
      vertex -4.61843 26.875 11.6
      vertex -6.26388 25.925 11.6
      vertex -6.23766 25.8759 11.6
    endloop
  endfacet
  facet normal 0 0 1
    outer loop
      vertex -6.72678 26.3049 11.6
      vertex -6.11604 28.1041 11.6
      vertex -6.28825 28.1563 11.6
    endloop
  endfacet
  facet normal 0 0 1
    outer loop
      vertex -4.71346 27.0278 11.6
      vertex -6.29325 25.9722 11.6
      vertex -6.26388 25.925 11.6
    endloop
  endfacet
  facet normal 0 0 1
    outer loop
      vertex -4.81828 27.1741 11.6
      vertex -6.32565 26.0174 11.6
      vertex -6.29325 25.9722 11.6
    endloop
  endfacet
  facet normal 0 0 1
    outer loop
      vertex -4.93244 27.3132 11.6
      vertex -6.36094 26.0604 11.6
      vertex -6.32565 26.0174 11.6
    endloop
  endfacet
  facet normal 0 0 1
    outer loop
      vertex -5.05546 27.4445 11.6
      vertex -6.39896 26.101 11.6
      vertex -6.36094 26.0604 11.6
    endloop
  endfacet
  facet normal 0 0 1
    outer loop
      vertex -5.1868 27.5676 11.6
      vertex -6.43956 26.1391 11.6
      vertex -6.39896 26.101 11.6
    endloop
  endfacet
  facet normal 0 0 1
    outer loop
      vertex -6.78 26.321 11.6
      vertex -6.28825 28.1563 11.6
      vertex -6.4635 28.1972 11.6
    endloop
  endfacet
  facet normal 0 0 1
    outer loop
      vertex -5.32591 27.6817 11.6
      vertex -6.48255 26.1744 11.6
      vertex -6.43956 26.1391 11.6
    endloop
  endfacet
  facet normal 0 0 1
    outer loop
      vertex -5.47218 27.7865 11.6
      vertex -6.52777 26.2067 11.6
      vertex -6.48255 26.1744 11.6
    endloop
  endfacet
  facet normal 0 0 1
    outer loop
      vertex -5.625 27.8816 11.6
      vertex -6.575 26.2361 11.6
      vertex -6.52777 26.2067 11.6
    endloop
  endfacet
  facet normal 0 0 1
    outer loop
      vertex -5.78371 27.9664 11.6
      vertex -6.62405 26.2623 11.6
      vertex -6.575 26.2361 11.6
    endloop
  endfacet
  facet normal 0 0 1
    outer loop
      vertex -6.83417 26.3337 11.6
      vertex -6.4635 28.1972 11.6
      vertex -6.64105 28.2265 11.6
    endloop
  endfacet
  facet normal 0 0 1
    outer loop
      vertex -5.94762 28.0407 11.6
      vertex -6.67472 26.2853 11.6
      vertex -6.62405 26.2623 11.6
    endloop
  endfacet
  facet normal 0 0 1
    outer loop
      vertex -6.11604 28.1041 11.6
      vertex -6.72678 26.3049 11.6
      vertex -6.67472 26.2853 11.6
    endloop
  endfacet
  facet normal 0 0 1
    outer loop
      vertex -6.28825 28.1563 11.6
      vertex -6.78 26.321 11.6
      vertex -6.72678 26.3049 11.6
    endloop
  endfacet
  facet normal 0 0 1
    outer loop
      vertex -6.88905 26.3427 11.6
      vertex -6.64105 28.2265 11.6
      vertex -6.82014 28.2441 11.6
    endloop
  endfacet
  facet normal 0 0 1
    outer loop
      vertex -6.4635 28.1972 11.6
      vertex -6.83417 26.3337 11.6
      vertex -6.78 26.321 11.6
    endloop
  endfacet
  facet normal 0 0 1
    outer loop
      vertex -6.64105 28.2265 11.6
      vertex -6.88905 26.3427 11.6
      vertex -6.83417 26.3337 11.6
    endloop
  endfacet
  facet normal 0 0 1
    outer loop
      vertex -6.82014 28.2441 11.6
      vertex -6.94441 26.3482 11.6
      vertex -6.88905 26.3427 11.6
    endloop
  endfacet
  facet normal 0 0 1
    outer loop
      vertex -7 28.25 11.6
      vertex -6.94441 26.3482 11.6
      vertex -6.82014 28.2441 11.6
    endloop
  endfacet
  facet normal 0 0 1
    outer loop
      vertex -7 28.25 11.6
      vertex -7 26.35 11.6
      vertex -6.94441 26.3482 11.6
    endloop
  endfacet
  facet normal 0 0 1
    outer loop
      vertex -7 28.25 11.6
      vertex -7.05559 26.3482 11.6
      vertex -7 26.35 11.6
    endloop
  endfacet
  facet normal -0 0 1
    outer loop
      vertex -7.17986 28.2441 11.6
      vertex -7.05559 26.3482 11.6
      vertex -7 28.25 11.6
    endloop
  endfacet
  facet normal 0 0 1
    outer loop
      vertex -7.05559 26.3482 11.6
      vertex -7.17986 28.2441 11.6
      vertex -7.11095 26.3427 11.6
    endloop
  endfacet
  facet normal -0 0 1
    outer loop
      vertex -7.35895 28.2265 11.6
      vertex -7.11095 26.3427 11.6
      vertex -7.17986 28.2441 11.6
    endloop
  endfacet
  facet normal 0 0 1
    outer loop
      vertex -7.11095 26.3427 11.6
      vertex -7.35895 28.2265 11.6
      vertex -7.16583 26.3337 11.6
    endloop
  endfacet
  facet normal -0 0 1
    outer loop
      vertex -7.5365 28.1972 11.6
      vertex -7.16583 26.3337 11.6
      vertex -7.35895 28.2265 11.6
    endloop
  endfacet
  facet normal 0 0 1
    outer loop
      vertex -7.16583 26.3337 11.6
      vertex -7.5365 28.1972 11.6
      vertex -7.22 26.321 11.6
    endloop
  endfacet
  facet normal -0 0 1
    outer loop
      vertex -7.71175 28.1563 11.6
      vertex -7.22 26.321 11.6
      vertex -7.5365 28.1972 11.6
    endloop
  endfacet
  facet normal 0 0 1
    outer loop
      vertex -7.22 26.321 11.6
      vertex -7.71175 28.1563 11.6
      vertex -7.27322 26.3049 11.6
    endloop
  endfacet
  facet normal -0 0 1
    outer loop
      vertex -7.88396 28.1041 11.6
      vertex -7.27322 26.3049 11.6
      vertex -7.71175 28.1563 11.6
    endloop
  endfacet
  facet normal 0 0 1
    outer loop
      vertex -7.27322 26.3049 11.6
      vertex -7.88396 28.1041 11.6
      vertex -7.32528 26.2853 11.6
    endloop
  endfacet
  facet normal -0 0 1
    outer loop
      vertex -8.05238 28.0407 11.6
      vertex -7.32528 26.2853 11.6
      vertex -7.88396 28.1041 11.6
    endloop
  endfacet
  facet normal 0 0 1
    outer loop
      vertex -7.32528 26.2853 11.6
      vertex -8.05238 28.0407 11.6
      vertex -7.37595 26.2623 11.6
    endloop
  endfacet
  facet normal -0 0 1
    outer loop
      vertex -8.21629 27.9664 11.6
      vertex -7.37595 26.2623 11.6
      vertex -8.05238 28.0407 11.6
    endloop
  endfacet
  facet normal 0 0 1
    outer loop
      vertex -7.37595 26.2623 11.6
      vertex -8.21629 27.9664 11.6
      vertex -7.425 26.2361 11.6
    endloop
  endfacet
  facet normal -0 0 1
    outer loop
      vertex -8.375 27.8816 11.6
      vertex -7.425 26.2361 11.6
      vertex -8.21629 27.9664 11.6
    endloop
  endfacet
  facet normal 0 0 1
    outer loop
      vertex -7.425 26.2361 11.6
      vertex -8.375 27.8816 11.6
      vertex -7.47223 26.2067 11.6
    endloop
  endfacet
  facet normal -0 0 1
    outer loop
      vertex -8.52782 27.7865 11.6
      vertex -7.47223 26.2067 11.6
      vertex -8.375 27.8816 11.6
    endloop
  endfacet
  facet normal 0 0 1
    outer loop
      vertex -7.47223 26.2067 11.6
      vertex -8.52782 27.7865 11.6
      vertex -7.51745 26.1744 11.6
    endloop
  endfacet
  facet normal -0 0 1
    outer loop
      vertex -8.67409 27.6817 11.6
      vertex -7.51745 26.1744 11.6
      vertex -8.52782 27.7865 11.6
    endloop
  endfacet
  facet normal 0 0 1
    outer loop
      vertex -7.51745 26.1744 11.6
      vertex -8.67409 27.6817 11.6
      vertex -7.56044 26.1391 11.6
    endloop
  endfacet
  facet normal -0 0 1
    outer loop
      vertex -8.8132 27.5676 11.6
      vertex -7.56044 26.1391 11.6
      vertex -8.67409 27.6817 11.6
    endloop
  endfacet
  facet normal 0 0 1
    outer loop
      vertex -7.56044 26.1391 11.6
      vertex -8.8132 27.5676 11.6
      vertex -7.60104 26.101 11.6
    endloop
  endfacet
  facet normal -0 0 1
    outer loop
      vertex -8.94454 27.4445 11.6
      vertex -7.60104 26.101 11.6
      vertex -8.8132 27.5676 11.6
    endloop
  endfacet
  facet normal 0 0 1
    outer loop
      vertex -7.60104 26.101 11.6
      vertex -8.94454 27.4445 11.6
      vertex -7.63906 26.0604 11.6
    endloop
  endfacet
  facet normal -0 0 1
    outer loop
      vertex -9.06756 27.3132 11.6
      vertex -7.63906 26.0604 11.6
      vertex -8.94454 27.4445 11.6
    endloop
  endfacet
  facet normal 0 0 1
    outer loop
      vertex -7.63906 26.0604 11.6
      vertex -9.06756 27.3132 11.6
      vertex -7.67435 26.0174 11.6
    endloop
  endfacet
  facet normal 0 0 1
    outer loop
      vertex -7.67435 26.0174 11.6
      vertex -9.18172 27.1741 11.6
      vertex -7.70675 25.9722 11.6
    endloop
  endfacet
  facet normal -0 0 1
    outer loop
      vertex -9.18172 27.1741 11.6
      vertex -7.67435 26.0174 11.6
      vertex -9.06756 27.3132 11.6
    endloop
  endfacet
  facet normal -0 0 1
    outer loop
      vertex -6.32565 24.9826 11.6
      vertex -4.81828 23.8259 11.6
      vertex -6.29325 25.0278 11.6
    endloop
  endfacet
  facet normal 0 0 1
    outer loop
      vertex -4.81828 23.8259 11.6
      vertex -6.32565 24.9826 11.6
      vertex -4.93244 23.6868 11.6
    endloop
  endfacet
  facet normal -0 0 1
    outer loop
      vertex -6.36094 24.9396 11.6
      vertex -4.93244 23.6868 11.6
      vertex -6.32565 24.9826 11.6
    endloop
  endfacet
  facet normal 0 0 1
    outer loop
      vertex -4.93244 23.6868 11.6
      vertex -6.36094 24.9396 11.6
      vertex -5.05546 23.5555 11.6
    endloop
  endfacet
  facet normal -0 0 1
    outer loop
      vertex -6.39896 24.899 11.6
      vertex -5.05546 23.5555 11.6
      vertex -6.36094 24.9396 11.6
    endloop
  endfacet
  facet normal 0 0 1
    outer loop
      vertex -5.05546 23.5555 11.6
      vertex -6.39896 24.899 11.6
      vertex -5.1868 23.4324 11.6
    endloop
  endfacet
  facet normal -0 0 1
    outer loop
      vertex -6.43956 24.8609 11.6
      vertex -5.1868 23.4324 11.6
      vertex -6.39896 24.899 11.6
    endloop
  endfacet
  facet normal 0 0 1
    outer loop
      vertex -5.1868 23.4324 11.6
      vertex -6.43956 24.8609 11.6
      vertex -5.32591 23.3183 11.6
    endloop
  endfacet
  facet normal -0 0 1
    outer loop
      vertex -6.48255 24.8256 11.6
      vertex -5.32591 23.3183 11.6
      vertex -6.43956 24.8609 11.6
    endloop
  endfacet
  facet normal 0 0 1
    outer loop
      vertex -5.32591 23.3183 11.6
      vertex -6.48255 24.8256 11.6
      vertex -5.47218 23.2135 11.6
    endloop
  endfacet
  facet normal -0 0 1
    outer loop
      vertex -6.52777 24.7933 11.6
      vertex -5.47218 23.2135 11.6
      vertex -6.48255 24.8256 11.6
    endloop
  endfacet
  facet normal 0 0 1
    outer loop
      vertex -5.47218 23.2135 11.6
      vertex -6.52777 24.7933 11.6
      vertex -5.625 23.1184 11.6
    endloop
  endfacet
  facet normal -0 0 1
    outer loop
      vertex -6.575 24.7639 11.6
      vertex -5.625 23.1184 11.6
      vertex -6.52777 24.7933 11.6
    endloop
  endfacet
  facet normal 0 0 1
    outer loop
      vertex -5.625 23.1184 11.6
      vertex -6.575 24.7639 11.6
      vertex -5.78371 23.0336 11.6
    endloop
  endfacet
  facet normal -0 0 1
    outer loop
      vertex -6.62405 24.7377 11.6
      vertex -5.78371 23.0336 11.6
      vertex -6.575 24.7639 11.6
    endloop
  endfacet
  facet normal 0 0 1
    outer loop
      vertex -5.78371 23.0336 11.6
      vertex -6.62405 24.7377 11.6
      vertex -5.94762 22.9593 11.6
    endloop
  endfacet
  facet normal -0 0 1
    outer loop
      vertex -6.67472 24.7147 11.6
      vertex -5.94762 22.9593 11.6
      vertex -6.62405 24.7377 11.6
    endloop
  endfacet
  facet normal 0 0 1
    outer loop
      vertex -5.94762 22.9593 11.6
      vertex -6.67472 24.7147 11.6
      vertex -6.11604 22.8959 11.6
    endloop
  endfacet
  facet normal -0 0 1
    outer loop
      vertex -6.72678 24.6951 11.6
      vertex -6.11604 22.8959 11.6
      vertex -6.67472 24.7147 11.6
    endloop
  endfacet
  facet normal 0 0 1
    outer loop
      vertex -6.11604 22.8959 11.6
      vertex -6.72678 24.6951 11.6
      vertex -6.28825 22.8437 11.6
    endloop
  endfacet
  facet normal -0 0 1
    outer loop
      vertex -6.78 24.679 11.6
      vertex -6.28825 22.8437 11.6
      vertex -6.72678 24.6951 11.6
    endloop
  endfacet
  facet normal 0 0 1
    outer loop
      vertex -6.28825 22.8437 11.6
      vertex -6.78 24.679 11.6
      vertex -6.4635 22.8028 11.6
    endloop
  endfacet
  facet normal -0 0 1
    outer loop
      vertex -6.83417 24.6663 11.6
      vertex -6.4635 22.8028 11.6
      vertex -6.78 24.679 11.6
    endloop
  endfacet
  facet normal 0 0 1
    outer loop
      vertex -6.4635 22.8028 11.6
      vertex -6.83417 24.6663 11.6
      vertex -6.64105 22.7735 11.6
    endloop
  endfacet
  facet normal -0 0 1
    outer loop
      vertex -6.88905 24.6573 11.6
      vertex -6.64105 22.7735 11.6
      vertex -6.83417 24.6663 11.6
    endloop
  endfacet
  facet normal 0 0 1
    outer loop
      vertex -6.64105 22.7735 11.6
      vertex -6.88905 24.6573 11.6
      vertex -6.82014 22.7559 11.6
    endloop
  endfacet
  facet normal -0 0 1
    outer loop
      vertex -6.94441 24.6518 11.6
      vertex -6.82014 22.7559 11.6
      vertex -6.88905 24.6573 11.6
    endloop
  endfacet
  facet normal -0 0 1
    outer loop
      vertex -7 24.65 11.6
      vertex -6.82014 22.7559 11.6
      vertex -6.94441 24.6518 11.6
    endloop
  endfacet
  facet normal 0 0 1
    outer loop
      vertex -7 24.65 11.6
      vertex -7 22.75 11.6
      vertex -6.82014 22.7559 11.6
    endloop
  endfacet
  facet normal 0 0 1
    outer loop
      vertex -7.05559 24.6518 11.6
      vertex -7 22.75 11.6
      vertex -7 24.65 11.6
    endloop
  endfacet
  facet normal 0 0 1
    outer loop
      vertex -7.17986 22.7559 11.6
      vertex -7.05559 24.6518 11.6
      vertex -7.11095 24.6573 11.6
    endloop
  endfacet
  facet normal 0 0 1
    outer loop
      vertex -7.35895 22.7735 11.6
      vertex -7.11095 24.6573 11.6
      vertex -7.16583 24.6663 11.6
    endloop
  endfacet
  facet normal 0 0 1
    outer loop
      vertex -7.05559 24.6518 11.6
      vertex -7.17986 22.7559 11.6
      vertex -7 22.75 11.6
    endloop
  endfacet
  facet normal 0 0 1
    outer loop
      vertex -7.5365 22.8028 11.6
      vertex -7.16583 24.6663 11.6
      vertex -7.22 24.679 11.6
    endloop
  endfacet
  facet normal 0 0 1
    outer loop
      vertex -7.71175 22.8437 11.6
      vertex -7.22 24.679 11.6
      vertex -7.27322 24.6951 11.6
    endloop
  endfacet
  facet normal 0 0 1
    outer loop
      vertex -7.88396 22.8959 11.6
      vertex -7.27322 24.6951 11.6
      vertex -7.32528 24.7147 11.6
    endloop
  endfacet
  facet normal 0 0 1
    outer loop
      vertex -7.11095 24.6573 11.6
      vertex -7.35895 22.7735 11.6
      vertex -7.17986 22.7559 11.6
    endloop
  endfacet
  facet normal 0 0 1
    outer loop
      vertex -8.05238 22.9593 11.6
      vertex -7.32528 24.7147 11.6
      vertex -7.37595 24.7377 11.6
    endloop
  endfacet
  facet normal 0 0 1
    outer loop
      vertex -8.21629 23.0336 11.6
      vertex -7.37595 24.7377 11.6
      vertex -7.425 24.7639 11.6
    endloop
  endfacet
  facet normal 0 0 1
    outer loop
      vertex -8.375 23.1184 11.6
      vertex -7.425 24.7639 11.6
      vertex -7.47223 24.7933 11.6
    endloop
  endfacet
  facet normal 0 0 1
    outer loop
      vertex -8.52782 23.2135 11.6
      vertex -7.47223 24.7933 11.6
      vertex -7.51745 24.8256 11.6
    endloop
  endfacet
  facet normal 0 0 1
    outer loop
      vertex -7.16583 24.6663 11.6
      vertex -7.5365 22.8028 11.6
      vertex -7.35895 22.7735 11.6
    endloop
  endfacet
  facet normal 0 0 1
    outer loop
      vertex -8.67409 23.3183 11.6
      vertex -7.51745 24.8256 11.6
      vertex -7.56044 24.8609 11.6
    endloop
  endfacet
  facet normal 0 0 1
    outer loop
      vertex -8.8132 23.4324 11.6
      vertex -7.56044 24.8609 11.6
      vertex -7.60104 24.899 11.6
    endloop
  endfacet
  facet normal 0 0 1
    outer loop
      vertex -8.94454 23.5555 11.6
      vertex -7.60104 24.899 11.6
      vertex -7.63906 24.9396 11.6
    endloop
  endfacet
  facet normal 0 0 1
    outer loop
      vertex -9.06756 23.6868 11.6
      vertex -7.63906 24.9396 11.6
      vertex -7.67435 24.9826 11.6
    endloop
  endfacet
  facet normal 0 0 1
    outer loop
      vertex -9.18172 23.8259 11.6
      vertex -7.67435 24.9826 11.6
      vertex -7.70675 25.0278 11.6
    endloop
  endfacet
  facet normal 0 0 1
    outer loop
      vertex -7.22 24.679 11.6
      vertex -7.71175 22.8437 11.6
      vertex -7.5365 22.8028 11.6
    endloop
  endfacet
  facet normal 0 0 1
    outer loop
      vertex -9.28654 23.9722 11.6
      vertex -7.70675 25.0278 11.6
      vertex -7.73612 25.075 11.6
    endloop
  endfacet
  facet normal 0 0 1
    outer loop
      vertex -9.38157 24.125 11.6
      vertex -7.73612 25.075 11.6
      vertex -7.76234 25.1241 11.6
    endloop
  endfacet
  facet normal 0 0 1
    outer loop
      vertex -9.4664 24.2837 11.6
      vertex -7.76234 25.1241 11.6
      vertex -7.7853 25.1747 11.6
    endloop
  endfacet
  facet normal 0 0 1
    outer loop
      vertex -9.54067 24.4476 11.6
      vertex -7.7853 25.1747 11.6
      vertex -7.80489 25.2268 11.6
    endloop
  endfacet
  facet normal 0 0 1
    outer loop
      vertex -9.60406 24.616 11.6
      vertex -7.80489 25.2268 11.6
      vertex -7.82104 25.28 11.6
    endloop
  endfacet
  facet normal 0 0 1
    outer loop
      vertex -9.6563 24.7882 11.6
      vertex -7.82104 25.28 11.6
      vertex -7.83367 25.3342 11.6
    endloop
  endfacet
  facet normal 0 0 1
    outer loop
      vertex -9.69716 24.9635 11.6
      vertex -7.83367 25.3342 11.6
      vertex -7.84273 25.3891 11.6
    endloop
  endfacet
  facet normal 0 0 1
    outer loop
      vertex -9.72647 25.1411 11.6
      vertex -7.84273 25.3891 11.6
      vertex -7.84818 25.4444 11.6
    endloop
  endfacet
  facet normal 0 0 1
    outer loop
      vertex -7.27322 24.6951 11.6
      vertex -7.88396 22.8959 11.6
      vertex -7.71175 22.8437 11.6
    endloop
  endfacet
  facet normal 0 0 1
    outer loop
      vertex -9.74411 25.3201 11.6
      vertex -7.84818 25.4444 11.6
      vertex -7.85 25.5 11.6
    endloop
  endfacet
  facet normal -0 0 1
    outer loop
      vertex -9.28654 27.0278 11.6
      vertex -7.70675 25.9722 11.6
      vertex -9.18172 27.1741 11.6
    endloop
  endfacet
  facet normal 0 0 1
    outer loop
      vertex -7.70675 25.9722 11.6
      vertex -9.28654 27.0278 11.6
      vertex -7.73612 25.925 11.6
    endloop
  endfacet
  facet normal 0 0 1
    outer loop
      vertex -7.32528 24.7147 11.6
      vertex -8.05238 22.9593 11.6
      vertex -7.88396 22.8959 11.6
    endloop
  endfacet
  facet normal -0 0 1
    outer loop
      vertex -9.38157 26.875 11.6
      vertex -7.73612 25.925 11.6
      vertex -9.28654 27.0278 11.6
    endloop
  endfacet
  facet normal 0 0 1
    outer loop
      vertex -7.37595 24.7377 11.6
      vertex -8.21629 23.0336 11.6
      vertex -8.05238 22.9593 11.6
    endloop
  endfacet
  facet normal 0 0 1
    outer loop
      vertex -7.73612 25.925 11.6
      vertex -9.38157 26.875 11.6
      vertex -7.76234 25.8759 11.6
    endloop
  endfacet
  facet normal 0 0 1
    outer loop
      vertex -7.425 24.7639 11.6
      vertex -8.375 23.1184 11.6
      vertex -8.21629 23.0336 11.6
    endloop
  endfacet
  facet normal -0 0 1
    outer loop
      vertex -9.4664 26.7163 11.6
      vertex -7.76234 25.8759 11.6
      vertex -9.38157 26.875 11.6
    endloop
  endfacet
  facet normal 0 0 1
    outer loop
      vertex -7.47223 24.7933 11.6
      vertex -8.52782 23.2135 11.6
      vertex -8.375 23.1184 11.6
    endloop
  endfacet
  facet normal 0 0 1
    outer loop
      vertex -7.76234 25.8759 11.6
      vertex -9.4664 26.7163 11.6
      vertex -7.7853 25.8253 11.6
    endloop
  endfacet
  facet normal 0 0 1
    outer loop
      vertex -7.51745 24.8256 11.6
      vertex -8.67409 23.3183 11.6
      vertex -8.52782 23.2135 11.6
    endloop
  endfacet
  facet normal -0 0 1
    outer loop
      vertex -9.54067 26.5524 11.6
      vertex -7.7853 25.8253 11.6
      vertex -9.4664 26.7163 11.6
    endloop
  endfacet
  facet normal 0 0 1
    outer loop
      vertex -7.56044 24.8609 11.6
      vertex -8.8132 23.4324 11.6
      vertex -8.67409 23.3183 11.6
    endloop
  endfacet
  facet normal 0 0 1
    outer loop
      vertex -7.7853 25.8253 11.6
      vertex -9.54067 26.5524 11.6
      vertex -7.80489 25.7732 11.6
    endloop
  endfacet
  facet normal 0 0 1
    outer loop
      vertex -7.60104 24.899 11.6
      vertex -8.94454 23.5555 11.6
      vertex -8.8132 23.4324 11.6
    endloop
  endfacet
  facet normal -0 0 1
    outer loop
      vertex -9.60406 26.384 11.6
      vertex -7.80489 25.7732 11.6
      vertex -9.54067 26.5524 11.6
    endloop
  endfacet
  facet normal 0 0 1
    outer loop
      vertex -7.63906 24.9396 11.6
      vertex -9.06756 23.6868 11.6
      vertex -8.94454 23.5555 11.6
    endloop
  endfacet
  facet normal 0 0 1
    outer loop
      vertex -7.80489 25.7732 11.6
      vertex -9.60406 26.384 11.6
      vertex -7.82104 25.72 11.6
    endloop
  endfacet
  facet normal 0 0 1
    outer loop
      vertex -7.67435 24.9826 11.6
      vertex -9.18172 23.8259 11.6
      vertex -9.06756 23.6868 11.6
    endloop
  endfacet
  facet normal -0 0 1
    outer loop
      vertex -9.6563 26.2118 11.6
      vertex -7.82104 25.72 11.6
      vertex -9.60406 26.384 11.6
    endloop
  endfacet
  facet normal 0 0 1
    outer loop
      vertex -7.70675 25.0278 11.6
      vertex -9.28654 23.9722 11.6
      vertex -9.18172 23.8259 11.6
    endloop
  endfacet
  facet normal 0 0 1
    outer loop
      vertex -7.82104 25.72 11.6
      vertex -9.6563 26.2118 11.6
      vertex -7.83367 25.6658 11.6
    endloop
  endfacet
  facet normal 0 0 1
    outer loop
      vertex -7.73612 25.075 11.6
      vertex -9.38157 24.125 11.6
      vertex -9.28654 23.9722 11.6
    endloop
  endfacet
  facet normal -0 0 1
    outer loop
      vertex -9.69716 26.0365 11.6
      vertex -7.83367 25.6658 11.6
      vertex -9.6563 26.2118 11.6
    endloop
  endfacet
  facet normal 0 0 1
    outer loop
      vertex -7.76234 25.1241 11.6
      vertex -9.4664 24.2837 11.6
      vertex -9.38157 24.125 11.6
    endloop
  endfacet
  facet normal 0 0 1
    outer loop
      vertex -7.83367 25.6658 11.6
      vertex -9.69716 26.0365 11.6
      vertex -7.84273 25.6109 11.6
    endloop
  endfacet
  facet normal 0 0 1
    outer loop
      vertex -7.7853 25.1747 11.6
      vertex -9.54067 24.4476 11.6
      vertex -9.4664 24.2837 11.6
    endloop
  endfacet
  facet normal -0 0 1
    outer loop
      vertex -9.72647 25.8589 11.6
      vertex -7.84273 25.6109 11.6
      vertex -9.69716 26.0365 11.6
    endloop
  endfacet
  facet normal 0 0 1
    outer loop
      vertex -7.80489 25.2268 11.6
      vertex -9.60406 24.616 11.6
      vertex -9.54067 24.4476 11.6
    endloop
  endfacet
  facet normal 0 0 1
    outer loop
      vertex -7.84273 25.6109 11.6
      vertex -9.72647 25.8589 11.6
      vertex -7.84818 25.5556 11.6
    endloop
  endfacet
  facet normal 0 0 1
    outer loop
      vertex -7.82104 25.28 11.6
      vertex -9.6563 24.7882 11.6
      vertex -9.60406 24.616 11.6
    endloop
  endfacet
  facet normal -0 0 1
    outer loop
      vertex -9.74411 25.6799 11.6
      vertex -7.84818 25.5556 11.6
      vertex -9.72647 25.8589 11.6
    endloop
  endfacet
  facet normal 0 0 1
    outer loop
      vertex -7.83367 25.3342 11.6
      vertex -9.69716 24.9635 11.6
      vertex -9.6563 24.7882 11.6
    endloop
  endfacet
  facet normal 0 0 1
    outer loop
      vertex -7.84818 25.5556 11.6
      vertex -9.74411 25.6799 11.6
      vertex -7.85 25.5 11.6
    endloop
  endfacet
  facet normal 0 0 1
    outer loop
      vertex -7.84273 25.3891 11.6
      vertex -9.72647 25.1411 11.6
      vertex -9.69716 24.9635 11.6
    endloop
  endfacet
  facet normal 0 0 1
    outer loop
      vertex -9.75 25.5 11.6
      vertex -7.85 25.5 11.6
      vertex -9.74411 25.6799 11.6
    endloop
  endfacet
  facet normal 0 0 1
    outer loop
      vertex -7.84818 25.4444 11.6
      vertex -9.74411 25.3201 11.6
      vertex -9.72647 25.1411 11.6
    endloop
  endfacet
  facet normal 0 0 1
    outer loop
      vertex -7.85 25.5 11.6
      vertex -9.75 25.5 11.6
      vertex -9.74411 25.3201 11.6
    endloop
  endfacet
  facet normal 0.995206 -0.0978035 0
    outer loop
      vertex 28.7265 1.64105 11.6
      vertex 28.7441 1.82014 1.6
      vertex 28.7441 1.82014 11.6
    endloop
  endfacet
  facet normal 0.995206 -0.0978035 0
    outer loop
      vertex 28.7441 1.82014 1.6
      vertex 28.7265 1.64105 11.6
      vertex 28.7265 1.64105 1.6
    endloop
  endfacet
  facet normal 0.999462 -0.0327857 0
    outer loop
      vertex 28.7441 1.82014 11.6
      vertex 28.75 2 1.6
      vertex 28.75 2 11.6
    endloop
  endfacet
  facet normal 0.999462 -0.0327857 0
    outer loop
      vertex 28.75 2 1.6
      vertex 28.7441 1.82014 11.6
      vertex 28.7441 1.82014 1.6
    endloop
  endfacet
  facet normal 0.683709 -0.729754 0
    outer loop
      vertex 27.8132 -0.0675592 1.6
      vertex 27.9445 0.0554562 11.6
      vertex 27.8132 -0.0675592 11.6
    endloop
  endfacet
  facet normal 0.683709 -0.729754 0
    outer loop
      vertex 27.9445 0.0554562 11.6
      vertex 27.8132 -0.0675592 1.6
      vertex 27.9445 0.0554562 1.6
    endloop
  endfacet
  facet normal -0.773187 0.634179 0
    outer loop
      vertex 23.8183 3.67409 1.6
      vertex 23.9324 3.8132 11.6
      vertex 23.9324 3.8132 1.6
    endloop
  endfacet
  facet normal -0.773187 0.634179 0
    outer loop
      vertex 23.9324 3.8132 11.6
      vertex 23.8183 3.67409 1.6
      vertex 23.8183 3.67409 11.6
    endloop
  endfacet
  facet normal -0.227017 -0.973891 0
    outer loop
      vertex 25.2882 -0.656296 1.6
      vertex 25.4635 -0.697159 11.6
      vertex 25.2882 -0.656296 11.6
    endloop
  endfacet
  facet normal -0.227017 -0.973891 -0
    outer loop
      vertex 25.4635 -0.697159 11.6
      vertex 25.2882 -0.656296 1.6
      vertex 25.4635 -0.697159 1.6
    endloop
  endfacet
  facet normal -0.528111 -0.849175 0
    outer loop
      vertex 24.4722 -0.286541 1.6
      vertex 24.625 -0.381569 11.6
      vertex 24.4722 -0.286541 11.6
    endloop
  endfacet
  facet normal -0.528111 -0.849175 -0
    outer loop
      vertex 24.625 -0.381569 11.6
      vertex 24.4722 -0.286541 1.6
      vertex 24.625 -0.381569 1.6
    endloop
  endfacet
  facet normal -0.995206 0.0978035 0
    outer loop
      vertex 23.2559 2.17986 1.6
      vertex 23.2735 2.35895 11.6
      vertex 23.2735 2.35895 1.6
    endloop
  endfacet
  facet normal -0.995206 0.0978035 0
    outer loop
      vertex 23.2735 2.35895 11.6
      vertex 23.2559 2.17986 1.6
      vertex 23.2559 2.17986 11.6
    endloop
  endfacet
  facet normal -0.352288 -0.935892 0
    outer loop
      vertex 24.9476 -0.540668 1.6
      vertex 25.116 -0.604057 11.6
      vertex 24.9476 -0.540668 11.6
    endloop
  endfacet
  facet normal -0.352288 -0.935892 -0
    outer loop
      vertex 25.116 -0.604057 11.6
      vertex 24.9476 -0.540668 1.6
      vertex 25.116 -0.604057 1.6
    endloop
  endfacet
  facet normal -0.0327229 0.999464 0
    outer loop
      vertex 26 4.75 1.6
      vertex 25.8201 4.74411 11.6
      vertex 26 4.75 11.6
    endloop
  endfacet
  facet normal -0.0327229 0.999464 0
    outer loop
      vertex 25.8201 4.74411 11.6
      vertex 26 4.75 1.6
      vertex 25.8201 4.74411 1.6
    endloop
  endfacet
  facet normal 0.973831 0.227274 0
    outer loop
      vertex 28.6972 2.5365 11.6
      vertex 28.6563 2.71175 1.6
      vertex 28.6563 2.71175 11.6
    endloop
  endfacet
  facet normal 0.973831 0.227274 0
    outer loop
      vertex 28.6563 2.71175 1.6
      vertex 28.6972 2.5365 11.6
      vertex 28.6972 2.5365 1.6
    endloop
  endfacet
  facet normal 0.812897 -0.582407 0
    outer loop
      vertex 28.1817 0.325906 11.6
      vertex 28.2865 0.472181 1.6
      vertex 28.2865 0.472181 11.6
    endloop
  endfacet
  facet normal 0.812897 -0.582407 0
    outer loop
      vertex 28.2865 0.472181 1.6
      vertex 28.1817 0.325906 11.6
      vertex 28.1817 0.325906 1.6
    endloop
  endfacet
  facet normal 0.582415 -0.812892 0
    outer loop
      vertex 27.5278 -0.286541 1.6
      vertex 27.6741 -0.181721 11.6
      vertex 27.5278 -0.286541 11.6
    endloop
  endfacet
  facet normal 0.582415 -0.812892 0
    outer loop
      vertex 27.6741 -0.181721 11.6
      vertex 27.5278 -0.286541 1.6
      vertex 27.6741 -0.181721 1.6
    endloop
  endfacet
  facet normal 0.412739 -0.910849 0
    outer loop
      vertex 27.0524 -0.540668 1.6
      vertex 27.2163 -0.466399 11.6
      vertex 27.0524 -0.540668 11.6
    endloop
  endfacet
  facet normal 0.412739 -0.910849 0
    outer loop
      vertex 27.2163 -0.466399 11.6
      vertex 27.0524 -0.540668 1.6
      vertex 27.2163 -0.466399 1.6
    endloop
  endfacet
  facet normal 0.729624 0.683849 0
    outer loop
      vertex 28.0676 3.8132 11.6
      vertex 27.9445 3.94454 1.6
      vertex 27.9445 3.94454 11.6
    endloop
  endfacet
  facet normal 0.729624 0.683849 0
    outer loop
      vertex 27.9445 3.94454 1.6
      vertex 28.0676 3.8132 11.6
      vertex 28.0676 3.8132 1.6
    endloop
  endfacet
  facet normal 0.935885 0.352305 0
    outer loop
      vertex 28.6041 2.88396 11.6
      vertex 28.5407 3.05238 1.6
      vertex 28.5407 3.05238 11.6
    endloop
  endfacet
  facet normal 0.935885 0.352305 0
    outer loop
      vertex 28.5407 3.05238 1.6
      vertex 28.6041 2.88396 11.6
      vertex 28.6041 2.88396 1.6
    endloop
  endfacet
  facet normal 0.910798 -0.412852 0
    outer loop
      vertex 28.4664 0.783706 11.6
      vertex 28.5407 0.94762 1.6
      vertex 28.5407 0.94762 11.6
    endloop
  endfacet
  facet normal 0.910798 -0.412852 0
    outer loop
      vertex 28.5407 0.94762 1.6
      vertex 28.4664 0.783706 11.6
      vertex 28.4664 0.783706 1.6
    endloop
  endfacet
  facet normal -0.412739 -0.910849 0
    outer loop
      vertex 24.7837 -0.466399 1.6
      vertex 24.9476 -0.540668 11.6
      vertex 24.7837 -0.466399 11.6
    endloop
  endfacet
  facet normal -0.412739 -0.910849 -0
    outer loop
      vertex 24.9476 -0.540668 11.6
      vertex 24.7837 -0.466399 1.6
      vertex 24.9476 -0.540668 1.6
    endloop
  endfacet
  facet normal 0.999462 0.0327857 0
    outer loop
      vertex 28.75 2 11.6
      vertex 28.7441 2.17986 1.6
      vertex 28.7441 2.17986 11.6
    endloop
  endfacet
  facet normal 0.999462 0.0327857 0
    outer loop
      vertex 28.7441 2.17986 1.6
      vertex 28.75 2 11.6
      vertex 28.75 2 1.6
    endloop
  endfacet
  facet normal 0.957001 -0.290085 0
    outer loop
      vertex 28.6041 1.11604 11.6
      vertex 28.6563 1.28825 1.6
      vertex 28.6563 1.28825 11.6
    endloop
  endfacet
  facet normal 0.957001 -0.290085 0
    outer loop
      vertex 28.6563 1.28825 1.6
      vertex 28.6041 1.11604 11.6
      vertex 28.6041 1.11604 1.6
    endloop
  endfacet
  facet normal -0.849025 -0.528352 0
    outer loop
      vertex 23.7135 0.472181 1.6
      vertex 23.6184 0.625 11.6
      vertex 23.6184 0.625 1.6
    endloop
  endfacet
  facet normal -0.849025 -0.528352 0
    outer loop
      vertex 23.6184 0.625 11.6
      vertex 23.7135 0.472181 1.6
      vertex 23.7135 0.472181 11.6
    endloop
  endfacet
  facet normal -0.957001 -0.290085 0
    outer loop
      vertex 23.3959 1.11604 1.6
      vertex 23.3437 1.28825 11.6
      vertex 23.3437 1.28825 1.6
    endloop
  endfacet
  facet normal -0.957001 -0.290085 0
    outer loop
      vertex 23.3437 1.28825 11.6
      vertex 23.3959 1.11604 1.6
      vertex 23.3959 1.11604 11.6
    endloop
  endfacet
  facet normal 0.290298 -0.956936 0
    outer loop
      vertex 26.7118 -0.656296 1.6
      vertex 26.884 -0.604057 11.6
      vertex 26.7118 -0.656296 11.6
    endloop
  endfacet
  facet normal 0.290298 -0.956936 0
    outer loop
      vertex 26.884 -0.604057 11.6
      vertex 26.7118 -0.656296 1.6
      vertex 26.884 -0.604057 1.6
    endloop
  endfacet
  facet normal -0.412743 0.910847 0
    outer loop
      vertex 24.9476 4.54067 1.6
      vertex 24.7837 4.4664 11.6
      vertex 24.9476 4.54067 11.6
    endloop
  endfacet
  facet normal -0.412743 0.910847 0
    outer loop
      vertex 24.7837 4.4664 11.6
      vertex 24.9476 4.54067 1.6
      vertex 24.7837 4.4664 1.6
    endloop
  endfacet
  facet normal -0.0980669 -0.99518 0
    outer loop
      vertex 25.6411 -0.726473 1.6
      vertex 25.8201 -0.744112 11.6
      vertex 25.6411 -0.726473 11.6
    endloop
  endfacet
  facet normal -0.0980669 -0.99518 -0
    outer loop
      vertex 25.8201 -0.744112 11.6
      vertex 25.6411 -0.726473 1.6
      vertex 25.8201 -0.744112 1.6
    endloop
  endfacet
  facet normal -0.634411 -0.772996 0
    outer loop
      vertex 24.1868 -0.0675592 1.6
      vertex 24.3259 -0.181721 11.6
      vertex 24.1868 -0.0675592 11.6
    endloop
  endfacet
  facet normal -0.634411 -0.772996 -0
    outer loop
      vertex 24.3259 -0.181721 11.6
      vertex 24.1868 -0.0675592 1.6
      vertex 24.3259 -0.181721 1.6
    endloop
  endfacet
  facet normal -0.999462 -0.0327857 0
    outer loop
      vertex 23.2559 1.82014 1.6
      vertex 23.25 2 11.6
      vertex 23.25 2 1.6
    endloop
  endfacet
  facet normal -0.999462 -0.0327857 0
    outer loop
      vertex 23.25 2 11.6
      vertex 23.2559 1.82014 1.6
      vertex 23.2559 1.82014 11.6
    endloop
  endfacet
  facet normal -0.812888 0.58242 0
    outer loop
      vertex 23.7135 3.52782 1.6
      vertex 23.8183 3.67409 11.6
      vertex 23.8183 3.67409 1.6
    endloop
  endfacet
  facet normal -0.812888 0.58242 0
    outer loop
      vertex 23.8183 3.67409 11.6
      vertex 23.7135 3.52782 1.6
      vertex 23.7135 3.52782 11.6
    endloop
  endfacet
  facet normal -0.47141 0.881914 0
    outer loop
      vertex 24.7837 4.4664 1.6
      vertex 24.625 4.38157 11.6
      vertex 24.7837 4.4664 11.6
    endloop
  endfacet
  facet normal -0.47141 0.881914 0
    outer loop
      vertex 24.625 4.38157 11.6
      vertex 24.7837 4.4664 1.6
      vertex 24.625 4.38157 1.6
    endloop
  endfacet
  facet normal 0.0327229 0.999464 -0
    outer loop
      vertex 26.1799 4.74411 1.6
      vertex 26 4.75 11.6
      vertex 26.1799 4.74411 11.6
    endloop
  endfacet
  facet normal 0.0327229 0.999464 0
    outer loop
      vertex 26 4.75 11.6
      vertex 26.1799 4.74411 1.6
      vertex 26 4.75 1.6
    endloop
  endfacet
  facet normal -0.729628 -0.683844 0
    outer loop
      vertex 24.0555 0.0554562 1.6
      vertex 23.9324 0.186798 11.6
      vertex 23.9324 0.186798 1.6
    endloop
  endfacet
  facet normal -0.729628 -0.683844 0
    outer loop
      vertex 23.9324 0.186798 11.6
      vertex 24.0555 0.0554562 1.6
      vertex 24.0555 0.0554562 11.6
    endloop
  endfacet
  facet normal 0.352288 -0.935892 0
    outer loop
      vertex 26.884 -0.604057 1.6
      vertex 27.0524 -0.540668 11.6
      vertex 26.884 -0.604057 11.6
    endloop
  endfacet
  facet normal 0.352288 -0.935892 0
    outer loop
      vertex 27.0524 -0.540668 11.6
      vertex 26.884 -0.604057 1.6
      vertex 27.0524 -0.540668 1.6
    endloop
  endfacet
  facet normal -0.935885 0.352305 0
    outer loop
      vertex 23.3959 2.88396 1.6
      vertex 23.4593 3.05238 11.6
      vertex 23.4593 3.05238 1.6
    endloop
  endfacet
  facet normal -0.935885 0.352305 0
    outer loop
      vertex 23.4593 3.05238 11.6
      vertex 23.3959 2.88396 1.6
      vertex 23.3959 2.88396 11.6
    endloop
  endfacet
  facet normal 0.849025 -0.528352 0
    outer loop
      vertex 28.2865 0.472181 11.6
      vertex 28.3816 0.625 1.6
      vertex 28.3816 0.625 11.6
    endloop
  endfacet
  facet normal 0.849025 -0.528352 0
    outer loop
      vertex 28.3816 0.625 1.6
      vertex 28.2865 0.472181 11.6
      vertex 28.2865 0.472181 1.6
    endloop
  endfacet
  facet normal -0.910798 -0.412852 0
    outer loop
      vertex 23.5336 0.783706 1.6
      vertex 23.4593 0.94762 11.6
      vertex 23.4593 0.94762 1.6
    endloop
  endfacet
  facet normal -0.910798 -0.412852 0
    outer loop
      vertex 23.4593 0.94762 11.6
      vertex 23.5336 0.783706 1.6
      vertex 23.5336 0.783706 11.6
    endloop
  endfacet
  facet normal 0.849027 0.52835 0
    outer loop
      vertex 28.3816 3.375 11.6
      vertex 28.2865 3.52782 1.6
      vertex 28.2865 3.52782 11.6
    endloop
  endfacet
  facet normal 0.849027 0.52835 0
    outer loop
      vertex 28.2865 3.52782 1.6
      vertex 28.3816 3.375 11.6
      vertex 28.3816 3.375 1.6
    endloop
  endfacet
  facet normal -0.162853 -0.98665 0
    outer loop
      vertex 25.4635 -0.697159 1.6
      vertex 25.6411 -0.726473 11.6
      vertex 25.4635 -0.697159 11.6
    endloop
  endfacet
  facet normal -0.162853 -0.98665 -0
    outer loop
      vertex 25.6411 -0.726473 11.6
      vertex 25.4635 -0.697159 1.6
      vertex 25.6411 -0.726473 1.6
    endloop
  endfacet
  facet normal 0.995206 0.0978035 0
    outer loop
      vertex 28.7441 2.17986 11.6
      vertex 28.7265 2.35895 1.6
      vertex 28.7265 2.35895 11.6
    endloop
  endfacet
  facet normal 0.995206 0.0978035 0
    outer loop
      vertex 28.7265 2.35895 1.6
      vertex 28.7441 2.17986 11.6
      vertex 28.7441 2.17986 1.6
    endloop
  endfacet
  facet normal 0.412743 0.910847 -0
    outer loop
      vertex 27.2163 4.4664 1.6
      vertex 27.0524 4.54067 11.6
      vertex 27.2163 4.4664 11.6
    endloop
  endfacet
  facet normal 0.412743 0.910847 0
    outer loop
      vertex 27.0524 4.54067 11.6
      vertex 27.2163 4.4664 1.6
      vertex 27.0524 4.54067 1.6
    endloop
  endfacet
  facet normal 0.528111 -0.849175 0
    outer loop
      vertex 27.375 -0.381569 1.6
      vertex 27.5278 -0.286541 11.6
      vertex 27.375 -0.381569 11.6
    endloop
  endfacet
  facet normal 0.528111 -0.849175 0
    outer loop
      vertex 27.5278 -0.286541 11.6
      vertex 27.375 -0.381569 1.6
      vertex 27.5278 -0.286541 1.6
    endloop
  endfacet
  facet normal 0.634405 0.773001 -0
    outer loop
      vertex 27.8132 4.06756 1.6
      vertex 27.6741 4.18172 11.6
      vertex 27.8132 4.06756 11.6
    endloop
  endfacet
  facet normal 0.634405 0.773001 0
    outer loop
      vertex 27.6741 4.18172 11.6
      vertex 27.8132 4.06756 1.6
      vertex 27.6741 4.18172 1.6
    endloop
  endfacet
  facet normal -0.986655 0.162822 0
    outer loop
      vertex 23.2735 2.35895 1.6
      vertex 23.3028 2.5365 11.6
      vertex 23.3028 2.5365 1.6
    endloop
  endfacet
  facet normal -0.986655 0.162822 0
    outer loop
      vertex 23.3028 2.5365 11.6
      vertex 23.2735 2.35895 1.6
      vertex 23.2735 2.35895 11.6
    endloop
  endfacet
  facet normal 0.773182 -0.634184 0
    outer loop
      vertex 28.0676 0.186798 11.6
      vertex 28.1817 0.325906 1.6
      vertex 28.1817 0.325906 11.6
    endloop
  endfacet
  facet normal 0.773182 -0.634184 0
    outer loop
      vertex 28.1817 0.325906 1.6
      vertex 28.0676 0.186798 11.6
      vertex 28.0676 0.186798 1.6
    endloop
  endfacet
  facet normal 0.0980724 0.995179 -0
    outer loop
      vertex 26.3589 4.72647 1.6
      vertex 26.1799 4.74411 11.6
      vertex 26.3589 4.72647 11.6
    endloop
  endfacet
  facet normal 0.0980724 0.995179 0
    outer loop
      vertex 26.1799 4.74411 11.6
      vertex 26.3589 4.72647 1.6
      vertex 26.1799 4.74411 1.6
    endloop
  endfacet
  facet normal -0.352293 0.93589 0
    outer loop
      vertex 25.116 4.60406 1.6
      vertex 24.9476 4.54067 11.6
      vertex 25.116 4.60406 11.6
    endloop
  endfacet
  facet normal -0.352293 0.93589 0
    outer loop
      vertex 24.9476 4.54067 11.6
      vertex 25.116 4.60406 1.6
      vertex 24.9476 4.54067 1.6
    endloop
  endfacet
  facet normal 0.881991 -0.471267 0
    outer loop
      vertex 28.3816 0.625 11.6
      vertex 28.4664 0.783706 1.6
      vertex 28.4664 0.783706 11.6
    endloop
  endfacet
  facet normal 0.881991 -0.471267 0
    outer loop
      vertex 28.4664 0.783706 1.6
      vertex 28.3816 0.625 11.6
      vertex 28.3816 0.625 1.6
    endloop
  endfacet
  facet normal -0.290298 -0.956936 0
    outer loop
      vertex 25.116 -0.604057 1.6
      vertex 25.2882 -0.656296 11.6
      vertex 25.116 -0.604057 11.6
    endloop
  endfacet
  facet normal -0.290298 -0.956936 -0
    outer loop
      vertex 25.2882 -0.656296 11.6
      vertex 25.116 -0.604057 1.6
      vertex 25.2882 -0.656296 1.6
    endloop
  endfacet
  facet normal 0.227017 -0.973891 0
    outer loop
      vertex 26.5365 -0.697159 1.6
      vertex 26.7118 -0.656296 11.6
      vertex 26.5365 -0.697159 11.6
    endloop
  endfacet
  facet normal 0.227017 -0.973891 0
    outer loop
      vertex 26.7118 -0.656296 11.6
      vertex 26.5365 -0.697159 1.6
      vertex 26.7118 -0.656296 1.6
    endloop
  endfacet
  facet normal -0.729624 0.683849 0
    outer loop
      vertex 23.9324 3.8132 1.6
      vertex 24.0555 3.94454 11.6
      vertex 24.0555 3.94454 1.6
    endloop
  endfacet
  facet normal -0.729624 0.683849 0
    outer loop
      vertex 24.0555 3.94454 11.6
      vertex 23.9324 3.8132 1.6
      vertex 23.9324 3.8132 11.6
    endloop
  endfacet
  facet normal 0.162831 0.986654 -0
    outer loop
      vertex 26.5365 4.69716 1.6
      vertex 26.3589 4.72647 11.6
      vertex 26.5365 4.69716 11.6
    endloop
  endfacet
  facet normal 0.162831 0.986654 0
    outer loop
      vertex 26.3589 4.72647 11.6
      vertex 26.5365 4.69716 1.6
      vertex 26.3589 4.72647 1.6
    endloop
  endfacet
  facet normal -0.290304 0.956935 0
    outer loop
      vertex 25.2882 4.6563 1.6
      vertex 25.116 4.60406 11.6
      vertex 25.2882 4.6563 11.6
    endloop
  endfacet
  facet normal -0.290304 0.956935 0
    outer loop
      vertex 25.116 4.60406 11.6
      vertex 25.2882 4.6563 1.6
      vertex 25.116 4.60406 1.6
    endloop
  endfacet
  facet normal 0.582415 0.812892 -0
    outer loop
      vertex 27.6741 4.18172 1.6
      vertex 27.5278 4.28654 11.6
      vertex 27.6741 4.18172 11.6
    endloop
  endfacet
  facet normal 0.582415 0.812892 0
    outer loop
      vertex 27.5278 4.28654 11.6
      vertex 27.6741 4.18172 1.6
      vertex 27.5278 4.28654 1.6
    endloop
  endfacet
  facet normal -0.634405 0.773001 0
    outer loop
      vertex 24.3259 4.18172 1.6
      vertex 24.1868 4.06756 11.6
      vertex 24.3259 4.18172 11.6
    endloop
  endfacet
  facet normal -0.634405 0.773001 0
    outer loop
      vertex 24.1868 4.06756 11.6
      vertex 24.3259 4.18172 1.6
      vertex 24.1868 4.06756 1.6
    endloop
  endfacet
  facet normal -0.957001 0.290085 0
    outer loop
      vertex 23.3437 2.71175 1.6
      vertex 23.3959 2.88396 11.6
      vertex 23.3959 2.88396 1.6
    endloop
  endfacet
  facet normal -0.957001 0.290085 0
    outer loop
      vertex 23.3959 2.88396 11.6
      vertex 23.3437 2.71175 1.6
      vertex 23.3437 2.71175 11.6
    endloop
  endfacet
  facet normal 0.528119 0.84917 -0
    outer loop
      vertex 27.5278 4.28654 1.6
      vertex 27.375 4.38157 11.6
      vertex 27.5278 4.28654 11.6
    endloop
  endfacet
  facet normal 0.528119 0.84917 0
    outer loop
      vertex 27.375 4.38157 11.6
      vertex 27.5278 4.28654 1.6
      vertex 27.375 4.38157 1.6
    endloop
  endfacet
  facet normal 0.881996 0.471257 0
    outer loop
      vertex 28.4664 3.21629 11.6
      vertex 28.3816 3.375 1.6
      vertex 28.3816 3.375 11.6
    endloop
  endfacet
  facet normal 0.881996 0.471257 0
    outer loop
      vertex 28.3816 3.375 1.6
      vertex 28.4664 3.21629 11.6
      vertex 28.4664 3.21629 1.6
    endloop
  endfacet
  facet normal -0.973831 -0.227274 0
    outer loop
      vertex 23.3437 1.28825 1.6
      vertex 23.3028 1.4635 11.6
      vertex 23.3028 1.4635 1.6
    endloop
  endfacet
  facet normal -0.973831 -0.227274 0
    outer loop
      vertex 23.3028 1.4635 11.6
      vertex 23.3437 1.28825 1.6
      vertex 23.3437 1.28825 11.6
    endloop
  endfacet
  facet normal -0.910794 0.412861 0
    outer loop
      vertex 23.4593 3.05238 1.6
      vertex 23.5336 3.21629 11.6
      vertex 23.5336 3.21629 1.6
    endloop
  endfacet
  facet normal -0.910794 0.412861 0
    outer loop
      vertex 23.5336 3.21629 11.6
      vertex 23.4593 3.05238 1.6
      vertex 23.4593 3.05238 11.6
    endloop
  endfacet
  facet normal 0.973831 -0.227274 0
    outer loop
      vertex 28.6563 1.28825 11.6
      vertex 28.6972 1.4635 1.6
      vertex 28.6972 1.4635 11.6
    endloop
  endfacet
  facet normal 0.973831 -0.227274 0
    outer loop
      vertex 28.6972 1.4635 1.6
      vertex 28.6563 1.28825 11.6
      vertex 28.6563 1.28825 1.6
    endloop
  endfacet
  facet normal 0.634411 -0.772996 0
    outer loop
      vertex 27.6741 -0.181721 1.6
      vertex 27.8132 -0.0675592 11.6
      vertex 27.6741 -0.181721 11.6
    endloop
  endfacet
  facet normal 0.634411 -0.772996 0
    outer loop
      vertex 27.8132 -0.0675592 11.6
      vertex 27.6741 -0.181721 1.6
      vertex 27.8132 -0.0675592 1.6
    endloop
  endfacet
  facet normal -0.773182 -0.634184 0
    outer loop
      vertex 23.9324 0.186798 1.6
      vertex 23.8183 0.325906 11.6
      vertex 23.8183 0.325906 1.6
    endloop
  endfacet
  facet normal -0.773182 -0.634184 0
    outer loop
      vertex 23.8183 0.325906 11.6
      vertex 23.9324 0.186798 1.6
      vertex 23.9324 0.186798 11.6
    endloop
  endfacet
  facet normal 0.47141 -0.881914 0
    outer loop
      vertex 27.2163 -0.466399 1.6
      vertex 27.375 -0.381569 11.6
      vertex 27.2163 -0.466399 11.6
    endloop
  endfacet
  facet normal 0.47141 -0.881914 0
    outer loop
      vertex 27.375 -0.381569 11.6
      vertex 27.2163 -0.466399 1.6
      vertex 27.375 -0.381569 1.6
    endloop
  endfacet
  facet normal 0.957001 0.290085 0
    outer loop
      vertex 28.6563 2.71175 11.6
      vertex 28.6041 2.88396 1.6
      vertex 28.6041 2.88396 11.6
    endloop
  endfacet
  facet normal 0.957001 0.290085 0
    outer loop
      vertex 28.6041 2.88396 1.6
      vertex 28.6563 2.71175 11.6
      vertex 28.6563 2.71175 1.6
    endloop
  endfacet
  facet normal 0.683723 0.729742 -0
    outer loop
      vertex 27.9445 3.94454 1.6
      vertex 27.8132 4.06756 11.6
      vertex 27.9445 3.94454 11.6
    endloop
  endfacet
  facet normal 0.683723 0.729742 0
    outer loop
      vertex 27.8132 4.06756 11.6
      vertex 27.9445 3.94454 1.6
      vertex 27.8132 4.06756 1.6
    endloop
  endfacet
  facet normal -0.812897 -0.582407 0
    outer loop
      vertex 23.8183 0.325906 1.6
      vertex 23.7135 0.472181 11.6
      vertex 23.7135 0.472181 1.6
    endloop
  endfacet
  facet normal -0.812897 -0.582407 0
    outer loop
      vertex 23.7135 0.472181 11.6
      vertex 23.8183 0.325906 1.6
      vertex 23.8183 0.325906 11.6
    endloop
  endfacet
  facet normal 0.0980669 -0.99518 0
    outer loop
      vertex 26.1799 -0.744112 1.6
      vertex 26.3589 -0.726473 11.6
      vertex 26.1799 -0.744112 11.6
    endloop
  endfacet
  facet normal 0.0980669 -0.99518 0
    outer loop
      vertex 26.3589 -0.726473 11.6
      vertex 26.1799 -0.744112 1.6
      vertex 26.3589 -0.726473 1.6
    endloop
  endfacet
  facet normal 0.729628 -0.683844 0
    outer loop
      vertex 27.9445 0.0554562 11.6
      vertex 28.0676 0.186798 1.6
      vertex 28.0676 0.186798 11.6
    endloop
  endfacet
  facet normal 0.729628 -0.683844 0
    outer loop
      vertex 28.0676 0.186798 1.6
      vertex 27.9445 0.0554562 11.6
      vertex 27.9445 0.0554562 1.6
    endloop
  endfacet
  facet normal -0.227001 0.973894 0
    outer loop
      vertex 25.4635 4.69716 1.6
      vertex 25.2882 4.6563 11.6
      vertex 25.4635 4.69716 11.6
    endloop
  endfacet
  facet normal -0.227001 0.973894 0
    outer loop
      vertex 25.2882 4.6563 11.6
      vertex 25.4635 4.69716 1.6
      vertex 25.2882 4.6563 1.6
    endloop
  endfacet
  facet normal 0.352293 0.93589 -0
    outer loop
      vertex 27.0524 4.54067 1.6
      vertex 26.884 4.60406 11.6
      vertex 27.0524 4.54067 11.6
    endloop
  endfacet
  facet normal 0.352293 0.93589 0
    outer loop
      vertex 26.884 4.60406 11.6
      vertex 27.0524 4.54067 1.6
      vertex 26.884 4.60406 1.6
    endloop
  endfacet
  facet normal -0.582415 -0.812892 0
    outer loop
      vertex 24.3259 -0.181721 1.6
      vertex 24.4722 -0.286541 11.6
      vertex 24.3259 -0.181721 11.6
    endloop
  endfacet
  facet normal -0.582415 -0.812892 -0
    outer loop
      vertex 24.4722 -0.286541 11.6
      vertex 24.3259 -0.181721 1.6
      vertex 24.4722 -0.286541 1.6
    endloop
  endfacet
  facet normal -0.935885 -0.352305 0
    outer loop
      vertex 23.4593 0.94762 1.6
      vertex 23.3959 1.11604 11.6
      vertex 23.3959 1.11604 1.6
    endloop
  endfacet
  facet normal -0.935885 -0.352305 0
    outer loop
      vertex 23.3959 1.11604 11.6
      vertex 23.4593 0.94762 1.6
      vertex 23.4593 0.94762 11.6
    endloop
  endfacet
  facet normal -0.683723 0.729742 0
    outer loop
      vertex 24.1868 4.06756 1.6
      vertex 24.0555 3.94454 11.6
      vertex 24.1868 4.06756 11.6
    endloop
  endfacet
  facet normal -0.683723 0.729742 0
    outer loop
      vertex 24.0555 3.94454 11.6
      vertex 24.1868 4.06756 1.6
      vertex 24.0555 3.94454 1.6
    endloop
  endfacet
  facet normal -0.162831 0.986654 0
    outer loop
      vertex 25.6411 4.72647 1.6
      vertex 25.4635 4.69716 11.6
      vertex 25.6411 4.72647 11.6
    endloop
  endfacet
  facet normal -0.162831 0.986654 0
    outer loop
      vertex 25.4635 4.69716 11.6
      vertex 25.6411 4.72647 1.6
      vertex 25.4635 4.69716 1.6
    endloop
  endfacet
  facet normal -0.683709 -0.729754 0
    outer loop
      vertex 24.0555 0.0554562 1.6
      vertex 24.1868 -0.0675592 11.6
      vertex 24.0555 0.0554562 11.6
    endloop
  endfacet
  facet normal -0.683709 -0.729754 -0
    outer loop
      vertex 24.1868 -0.0675592 11.6
      vertex 24.0555 0.0554562 1.6
      vertex 24.1868 -0.0675592 1.6
    endloop
  endfacet
  facet normal 0.935885 -0.352305 0
    outer loop
      vertex 28.5407 0.94762 11.6
      vertex 28.6041 1.11604 1.6
      vertex 28.6041 1.11604 11.6
    endloop
  endfacet
  facet normal 0.935885 -0.352305 0
    outer loop
      vertex 28.6041 1.11604 1.6
      vertex 28.5407 0.94762 11.6
      vertex 28.5407 0.94762 1.6
    endloop
  endfacet
  facet normal 0.986655 -0.162822 0
    outer loop
      vertex 28.6972 1.4635 11.6
      vertex 28.7265 1.64105 1.6
      vertex 28.7265 1.64105 11.6
    endloop
  endfacet
  facet normal 0.986655 -0.162822 0
    outer loop
      vertex 28.7265 1.64105 1.6
      vertex 28.6972 1.4635 11.6
      vertex 28.6972 1.4635 1.6
    endloop
  endfacet
  facet normal 0.910794 0.412861 0
    outer loop
      vertex 28.5407 3.05238 11.6
      vertex 28.4664 3.21629 1.6
      vertex 28.4664 3.21629 11.6
    endloop
  endfacet
  facet normal 0.910794 0.412861 0
    outer loop
      vertex 28.4664 3.21629 1.6
      vertex 28.5407 3.05238 11.6
      vertex 28.5407 3.05238 1.6
    endloop
  endfacet
  facet normal -0.582415 0.812892 0
    outer loop
      vertex 24.4722 4.28654 1.6
      vertex 24.3259 4.18172 11.6
      vertex 24.4722 4.28654 11.6
    endloop
  endfacet
  facet normal -0.582415 0.812892 0
    outer loop
      vertex 24.3259 4.18172 11.6
      vertex 24.4722 4.28654 1.6
      vertex 24.3259 4.18172 1.6
    endloop
  endfacet
  facet normal -0.995206 -0.0978035 0
    outer loop
      vertex 23.2735 1.64105 1.6
      vertex 23.2559 1.82014 11.6
      vertex 23.2559 1.82014 1.6
    endloop
  endfacet
  facet normal -0.995206 -0.0978035 0
    outer loop
      vertex 23.2559 1.82014 11.6
      vertex 23.2735 1.64105 1.6
      vertex 23.2735 1.64105 11.6
    endloop
  endfacet
  facet normal -0.881996 0.471257 0
    outer loop
      vertex 23.5336 3.21629 1.6
      vertex 23.6184 3.375 11.6
      vertex 23.6184 3.375 1.6
    endloop
  endfacet
  facet normal -0.881996 0.471257 0
    outer loop
      vertex 23.6184 3.375 11.6
      vertex 23.5336 3.21629 1.6
      vertex 23.5336 3.21629 11.6
    endloop
  endfacet
  facet normal 0.47141 0.881914 -0
    outer loop
      vertex 27.375 4.38157 1.6
      vertex 27.2163 4.4664 11.6
      vertex 27.375 4.38157 11.6
    endloop
  endfacet
  facet normal 0.47141 0.881914 0
    outer loop
      vertex 27.2163 4.4664 11.6
      vertex 27.375 4.38157 1.6
      vertex 27.2163 4.4664 1.6
    endloop
  endfacet
  facet normal 0.227001 0.973894 -0
    outer loop
      vertex 26.7118 4.6563 1.6
      vertex 26.5365 4.69716 11.6
      vertex 26.7118 4.6563 11.6
    endloop
  endfacet
  facet normal 0.227001 0.973894 0
    outer loop
      vertex 26.5365 4.69716 11.6
      vertex 26.7118 4.6563 1.6
      vertex 26.5365 4.69716 1.6
    endloop
  endfacet
  facet normal 0.290304 0.956935 -0
    outer loop
      vertex 26.884 4.60406 1.6
      vertex 26.7118 4.6563 11.6
      vertex 26.884 4.60406 11.6
    endloop
  endfacet
  facet normal 0.290304 0.956935 0
    outer loop
      vertex 26.7118 4.6563 11.6
      vertex 26.884 4.60406 1.6
      vertex 26.7118 4.6563 1.6
    endloop
  endfacet
  facet normal -0.973831 0.227274 0
    outer loop
      vertex 23.3028 2.5365 1.6
      vertex 23.3437 2.71175 11.6
      vertex 23.3437 2.71175 1.6
    endloop
  endfacet
  facet normal -0.973831 0.227274 0
    outer loop
      vertex 23.3437 2.71175 11.6
      vertex 23.3028 2.5365 1.6
      vertex 23.3028 2.5365 11.6
    endloop
  endfacet
  facet normal -0.0327118 -0.999465 0
    outer loop
      vertex 25.8201 -0.744112 1.6
      vertex 26 -0.75 11.6
      vertex 25.8201 -0.744112 11.6
    endloop
  endfacet
  facet normal -0.0327118 -0.999465 -0
    outer loop
      vertex 26 -0.75 11.6
      vertex 25.8201 -0.744112 1.6
      vertex 26 -0.75 1.6
    endloop
  endfacet
  facet normal -0.0980724 0.995179 0
    outer loop
      vertex 25.8201 4.74411 1.6
      vertex 25.6411 4.72647 11.6
      vertex 25.8201 4.74411 11.6
    endloop
  endfacet
  facet normal -0.0980724 0.995179 0
    outer loop
      vertex 25.6411 4.72647 11.6
      vertex 25.8201 4.74411 1.6
      vertex 25.6411 4.72647 1.6
    endloop
  endfacet
  facet normal 0.162853 -0.98665 0
    outer loop
      vertex 26.3589 -0.726473 1.6
      vertex 26.5365 -0.697159 11.6
      vertex 26.3589 -0.726473 11.6
    endloop
  endfacet
  facet normal 0.162853 -0.98665 0
    outer loop
      vertex 26.5365 -0.697159 11.6
      vertex 26.3589 -0.726473 1.6
      vertex 26.5365 -0.697159 1.6
    endloop
  endfacet
  facet normal 0.986655 0.162822 0
    outer loop
      vertex 28.7265 2.35895 11.6
      vertex 28.6972 2.5365 1.6
      vertex 28.6972 2.5365 11.6
    endloop
  endfacet
  facet normal 0.986655 0.162822 0
    outer loop
      vertex 28.6972 2.5365 1.6
      vertex 28.7265 2.35895 11.6
      vertex 28.7265 2.35895 1.6
    endloop
  endfacet
  facet normal 0.0327118 -0.999465 0
    outer loop
      vertex 26 -0.75 1.6
      vertex 26.1799 -0.744112 11.6
      vertex 26 -0.75 11.6
    endloop
  endfacet
  facet normal 0.0327118 -0.999465 0
    outer loop
      vertex 26.1799 -0.744112 11.6
      vertex 26 -0.75 1.6
      vertex 26.1799 -0.744112 1.6
    endloop
  endfacet
  facet normal -0.849027 0.52835 0
    outer loop
      vertex 23.6184 3.375 1.6
      vertex 23.7135 3.52782 11.6
      vertex 23.7135 3.52782 1.6
    endloop
  endfacet
  facet normal -0.849027 0.52835 0
    outer loop
      vertex 23.7135 3.52782 11.6
      vertex 23.6184 3.375 1.6
      vertex 23.6184 3.375 11.6
    endloop
  endfacet
  facet normal 0.773187 0.634179 0
    outer loop
      vertex 28.1817 3.67409 11.6
      vertex 28.0676 3.8132 1.6
      vertex 28.0676 3.8132 11.6
    endloop
  endfacet
  facet normal 0.773187 0.634179 0
    outer loop
      vertex 28.0676 3.8132 1.6
      vertex 28.1817 3.67409 11.6
      vertex 28.1817 3.67409 1.6
    endloop
  endfacet
  facet normal -0.528119 0.84917 0
    outer loop
      vertex 24.625 4.38157 1.6
      vertex 24.4722 4.28654 11.6
      vertex 24.625 4.38157 11.6
    endloop
  endfacet
  facet normal -0.528119 0.84917 0
    outer loop
      vertex 24.4722 4.28654 11.6
      vertex 24.625 4.38157 1.6
      vertex 24.4722 4.28654 1.6
    endloop
  endfacet
  facet normal 0.812888 0.58242 0
    outer loop
      vertex 28.2865 3.52782 11.6
      vertex 28.1817 3.67409 1.6
      vertex 28.1817 3.67409 11.6
    endloop
  endfacet
  facet normal 0.812888 0.58242 0
    outer loop
      vertex 28.1817 3.67409 1.6
      vertex 28.2865 3.52782 11.6
      vertex 28.2865 3.52782 1.6
    endloop
  endfacet
  facet normal -0.47141 -0.881914 0
    outer loop
      vertex 24.625 -0.381569 1.6
      vertex 24.7837 -0.466399 11.6
      vertex 24.625 -0.381569 11.6
    endloop
  endfacet
  facet normal -0.47141 -0.881914 -0
    outer loop
      vertex 24.7837 -0.466399 11.6
      vertex 24.625 -0.381569 1.6
      vertex 24.7837 -0.466399 1.6
    endloop
  endfacet
  facet normal -0.881991 -0.471267 0
    outer loop
      vertex 23.6184 0.625 1.6
      vertex 23.5336 0.783706 11.6
      vertex 23.5336 0.783706 1.6
    endloop
  endfacet
  facet normal -0.881991 -0.471267 0
    outer loop
      vertex 23.5336 0.783706 11.6
      vertex 23.6184 0.625 1.6
      vertex 23.6184 0.625 11.6
    endloop
  endfacet
  facet normal -0.999462 0.0327857 0
    outer loop
      vertex 23.25 2 1.6
      vertex 23.2559 2.17986 11.6
      vertex 23.2559 2.17986 1.6
    endloop
  endfacet
  facet normal -0.999462 0.0327857 0
    outer loop
      vertex 23.2559 2.17986 11.6
      vertex 23.25 2 1.6
      vertex 23.25 2 11.6
    endloop
  endfacet
  facet normal -0.986655 -0.162822 0
    outer loop
      vertex 23.3028 1.4635 1.6
      vertex 23.2735 1.64105 11.6
      vertex 23.2735 1.64105 1.6
    endloop
  endfacet
  facet normal -0.986655 -0.162822 0
    outer loop
      vertex 23.2735 1.64105 11.6
      vertex 23.3028 1.4635 1.6
      vertex 23.3028 1.4635 11.6
    endloop
  endfacet
  facet normal 0 0 1
    outer loop
      vertex 26.85 2 11.6
      vertex 28.75 2 11.6
      vertex 28.7441 2.17986 11.6
    endloop
  endfacet
  facet normal 0 0 1
    outer loop
      vertex 26.8482 2.05559 11.6
      vertex 28.7441 2.17986 11.6
      vertex 28.7265 2.35895 11.6
    endloop
  endfacet
  facet normal 0 0 1
    outer loop
      vertex 28.75 2 11.6
      vertex 26.85 2 11.6
      vertex 28.7441 1.82014 11.6
    endloop
  endfacet
  facet normal 0 0 1
    outer loop
      vertex 26.8427 2.11095 11.6
      vertex 28.7265 2.35895 11.6
      vertex 28.6972 2.5365 11.6
    endloop
  endfacet
  facet normal -0 0 1
    outer loop
      vertex 26.8482 1.94441 11.6
      vertex 28.7441 1.82014 11.6
      vertex 26.85 2 11.6
    endloop
  endfacet
  facet normal 0 0 1
    outer loop
      vertex 26.8337 2.16583 11.6
      vertex 28.6972 2.5365 11.6
      vertex 28.6563 2.71175 11.6
    endloop
  endfacet
  facet normal 0 0 1
    outer loop
      vertex 28.7441 1.82014 11.6
      vertex 26.8482 1.94441 11.6
      vertex 28.7265 1.64105 11.6
    endloop
  endfacet
  facet normal 0 0 1
    outer loop
      vertex 26.821 2.22 11.6
      vertex 28.6563 2.71175 11.6
      vertex 28.6041 2.88396 11.6
    endloop
  endfacet
  facet normal -0 0 1
    outer loop
      vertex 26.8427 1.88905 11.6
      vertex 28.7265 1.64105 11.6
      vertex 26.8482 1.94441 11.6
    endloop
  endfacet
  facet normal 0 0 1
    outer loop
      vertex 26.8049 2.27322 11.6
      vertex 28.6041 2.88396 11.6
      vertex 28.5407 3.05238 11.6
    endloop
  endfacet
  facet normal 0 0 1
    outer loop
      vertex 28.7265 1.64105 11.6
      vertex 26.8427 1.88905 11.6
      vertex 28.6972 1.4635 11.6
    endloop
  endfacet
  facet normal 0 0 1
    outer loop
      vertex 26.7853 2.32528 11.6
      vertex 28.5407 3.05238 11.6
      vertex 28.4664 3.21629 11.6
    endloop
  endfacet
  facet normal -0 0 1
    outer loop
      vertex 26.8337 1.83417 11.6
      vertex 28.6972 1.4635 11.6
      vertex 26.8427 1.88905 11.6
    endloop
  endfacet
  facet normal 0 0 1
    outer loop
      vertex 26.7623 2.37595 11.6
      vertex 28.4664 3.21629 11.6
      vertex 28.3816 3.375 11.6
    endloop
  endfacet
  facet normal 0 0 1
    outer loop
      vertex 28.6972 1.4635 11.6
      vertex 26.8337 1.83417 11.6
      vertex 28.6563 1.28825 11.6
    endloop
  endfacet
  facet normal 0 0 1
    outer loop
      vertex 26.7361 2.425 11.6
      vertex 28.3816 3.375 11.6
      vertex 28.2865 3.52782 11.6
    endloop
  endfacet
  facet normal -0 0 1
    outer loop
      vertex 26.821 1.78 11.6
      vertex 28.6563 1.28825 11.6
      vertex 26.8337 1.83417 11.6
    endloop
  endfacet
  facet normal 0 0 1
    outer loop
      vertex 26.7067 2.47223 11.6
      vertex 28.2865 3.52782 11.6
      vertex 28.1817 3.67409 11.6
    endloop
  endfacet
  facet normal 0 0 1
    outer loop
      vertex 28.6563 1.28825 11.6
      vertex 26.821 1.78 11.6
      vertex 28.6041 1.11604 11.6
    endloop
  endfacet
  facet normal 0 0 1
    outer loop
      vertex 26.6744 2.51745 11.6
      vertex 28.1817 3.67409 11.6
      vertex 28.0676 3.8132 11.6
    endloop
  endfacet
  facet normal -0 0 1
    outer loop
      vertex 26.8049 1.72678 11.6
      vertex 28.6041 1.11604 11.6
      vertex 26.821 1.78 11.6
    endloop
  endfacet
  facet normal 0 0 1
    outer loop
      vertex 26.6391 2.56044 11.6
      vertex 28.0676 3.8132 11.6
      vertex 27.9445 3.94454 11.6
    endloop
  endfacet
  facet normal 0 0 1
    outer loop
      vertex 28.6041 1.11604 11.6
      vertex 26.8049 1.72678 11.6
      vertex 28.5407 0.94762 11.6
    endloop
  endfacet
  facet normal 0 0 1
    outer loop
      vertex 26.601 2.60104 11.6
      vertex 27.9445 3.94454 11.6
      vertex 27.8132 4.06756 11.6
    endloop
  endfacet
  facet normal -0 0 1
    outer loop
      vertex 26.7853 1.67472 11.6
      vertex 28.5407 0.94762 11.6
      vertex 26.8049 1.72678 11.6
    endloop
  endfacet
  facet normal 0 0 1
    outer loop
      vertex 26.5604 2.63906 11.6
      vertex 27.8132 4.06756 11.6
      vertex 27.6741 4.18172 11.6
    endloop
  endfacet
  facet normal 0 0 1
    outer loop
      vertex 28.5407 0.94762 11.6
      vertex 26.7853 1.67472 11.6
      vertex 28.4664 0.783706 11.6
    endloop
  endfacet
  facet normal 0 0 1
    outer loop
      vertex 26.5174 2.67435 11.6
      vertex 27.6741 4.18172 11.6
      vertex 27.5278 4.28654 11.6
    endloop
  endfacet
  facet normal -0 0 1
    outer loop
      vertex 26.7623 1.62405 11.6
      vertex 28.4664 0.783706 11.6
      vertex 26.7853 1.67472 11.6
    endloop
  endfacet
  facet normal 0 0 1
    outer loop
      vertex 26.4722 2.70675 11.6
      vertex 27.5278 4.28654 11.6
      vertex 27.375 4.38157 11.6
    endloop
  endfacet
  facet normal 0 0 1
    outer loop
      vertex 28.4664 0.783706 11.6
      vertex 26.7623 1.62405 11.6
      vertex 28.3816 0.625 11.6
    endloop
  endfacet
  facet normal 0 0 1
    outer loop
      vertex 26.425 2.73612 11.6
      vertex 27.375 4.38157 11.6
      vertex 27.2163 4.4664 11.6
    endloop
  endfacet
  facet normal -0 0 1
    outer loop
      vertex 26.7361 1.575 11.6
      vertex 28.3816 0.625 11.6
      vertex 26.7623 1.62405 11.6
    endloop
  endfacet
  facet normal 0 0 1
    outer loop
      vertex 26.3759 2.76234 11.6
      vertex 27.2163 4.4664 11.6
      vertex 27.0524 4.54067 11.6
    endloop
  endfacet
  facet normal 0 0 1
    outer loop
      vertex 28.3816 0.625 11.6
      vertex 26.7361 1.575 11.6
      vertex 28.2865 0.472181 11.6
    endloop
  endfacet
  facet normal 0 0 1
    outer loop
      vertex 26.3253 2.7853 11.6
      vertex 27.0524 4.54067 11.6
      vertex 26.884 4.60406 11.6
    endloop
  endfacet
  facet normal -0 0 1
    outer loop
      vertex 26.7067 1.52777 11.6
      vertex 28.2865 0.472181 11.6
      vertex 26.7361 1.575 11.6
    endloop
  endfacet
  facet normal 0 0 1
    outer loop
      vertex 28.2865 0.472181 11.6
      vertex 26.7067 1.52777 11.6
      vertex 28.1817 0.325906 11.6
    endloop
  endfacet
  facet normal 0 0 1
    outer loop
      vertex 28.7441 2.17986 11.6
      vertex 26.8482 2.05559 11.6
      vertex 26.85 2 11.6
    endloop
  endfacet
  facet normal 0 0 1
    outer loop
      vertex 28.7265 2.35895 11.6
      vertex 26.8427 2.11095 11.6
      vertex 26.8482 2.05559 11.6
    endloop
  endfacet
  facet normal 0 0 1
    outer loop
      vertex 28.6972 2.5365 11.6
      vertex 26.8337 2.16583 11.6
      vertex 26.8427 2.11095 11.6
    endloop
  endfacet
  facet normal 0 0 1
    outer loop
      vertex 28.6563 2.71175 11.6
      vertex 26.821 2.22 11.6
      vertex 26.8337 2.16583 11.6
    endloop
  endfacet
  facet normal 0 0 1
    outer loop
      vertex 28.6041 2.88396 11.6
      vertex 26.8049 2.27322 11.6
      vertex 26.821 2.22 11.6
    endloop
  endfacet
  facet normal 0 0 1
    outer loop
      vertex 28.5407 3.05238 11.6
      vertex 26.7853 2.32528 11.6
      vertex 26.8049 2.27322 11.6
    endloop
  endfacet
  facet normal 0 0 1
    outer loop
      vertex 28.4664 3.21629 11.6
      vertex 26.7623 2.37595 11.6
      vertex 26.7853 2.32528 11.6
    endloop
  endfacet
  facet normal 0 0 1
    outer loop
      vertex 28.3816 3.375 11.6
      vertex 26.7361 2.425 11.6
      vertex 26.7623 2.37595 11.6
    endloop
  endfacet
  facet normal 0 0 1
    outer loop
      vertex 26.2732 2.80489 11.6
      vertex 26.884 4.60406 11.6
      vertex 26.7118 4.6563 11.6
    endloop
  endfacet
  facet normal 0 0 1
    outer loop
      vertex 28.2865 3.52782 11.6
      vertex 26.7067 2.47223 11.6
      vertex 26.7361 2.425 11.6
    endloop
  endfacet
  facet normal 0 0 1
    outer loop
      vertex 28.1817 3.67409 11.6
      vertex 26.6744 2.51745 11.6
      vertex 26.7067 2.47223 11.6
    endloop
  endfacet
  facet normal 0 0 1
    outer loop
      vertex 28.0676 3.8132 11.6
      vertex 26.6391 2.56044 11.6
      vertex 26.6744 2.51745 11.6
    endloop
  endfacet
  facet normal 0 0 1
    outer loop
      vertex 27.9445 3.94454 11.6
      vertex 26.601 2.60104 11.6
      vertex 26.6391 2.56044 11.6
    endloop
  endfacet
  facet normal 0 0 1
    outer loop
      vertex 27.8132 4.06756 11.6
      vertex 26.5604 2.63906 11.6
      vertex 26.601 2.60104 11.6
    endloop
  endfacet
  facet normal 0 0 1
    outer loop
      vertex 26.22 2.82104 11.6
      vertex 26.7118 4.6563 11.6
      vertex 26.5365 4.69716 11.6
    endloop
  endfacet
  facet normal 0 0 1
    outer loop
      vertex 27.6741 4.18172 11.6
      vertex 26.5174 2.67435 11.6
      vertex 26.5604 2.63906 11.6
    endloop
  endfacet
  facet normal 0 0 1
    outer loop
      vertex 27.5278 4.28654 11.6
      vertex 26.4722 2.70675 11.6
      vertex 26.5174 2.67435 11.6
    endloop
  endfacet
  facet normal 0 0 1
    outer loop
      vertex 27.375 4.38157 11.6
      vertex 26.425 2.73612 11.6
      vertex 26.4722 2.70675 11.6
    endloop
  endfacet
  facet normal 0 0 1
    outer loop
      vertex 27.2163 4.4664 11.6
      vertex 26.3759 2.76234 11.6
      vertex 26.425 2.73612 11.6
    endloop
  endfacet
  facet normal 0 0 1
    outer loop
      vertex 26.1658 2.83367 11.6
      vertex 26.5365 4.69716 11.6
      vertex 26.3589 4.72647 11.6
    endloop
  endfacet
  facet normal 0 0 1
    outer loop
      vertex 27.0524 4.54067 11.6
      vertex 26.3253 2.7853 11.6
      vertex 26.3759 2.76234 11.6
    endloop
  endfacet
  facet normal 0 0 1
    outer loop
      vertex 26.884 4.60406 11.6
      vertex 26.2732 2.80489 11.6
      vertex 26.3253 2.7853 11.6
    endloop
  endfacet
  facet normal 0 0 1
    outer loop
      vertex 26.7118 4.6563 11.6
      vertex 26.22 2.82104 11.6
      vertex 26.2732 2.80489 11.6
    endloop
  endfacet
  facet normal 0 0 1
    outer loop
      vertex 26.1109 2.84273 11.6
      vertex 26.3589 4.72647 11.6
      vertex 26.1799 4.74411 11.6
    endloop
  endfacet
  facet normal 0 0 1
    outer loop
      vertex 26.5365 4.69716 11.6
      vertex 26.1658 2.83367 11.6
      vertex 26.22 2.82104 11.6
    endloop
  endfacet
  facet normal 0 0 1
    outer loop
      vertex 26.3589 4.72647 11.6
      vertex 26.1109 2.84273 11.6
      vertex 26.1658 2.83367 11.6
    endloop
  endfacet
  facet normal 0 0 1
    outer loop
      vertex 26.1799 4.74411 11.6
      vertex 26.0556 2.84818 11.6
      vertex 26.1109 2.84273 11.6
    endloop
  endfacet
  facet normal 0 0 1
    outer loop
      vertex 26 4.75 11.6
      vertex 26.0556 2.84818 11.6
      vertex 26.1799 4.74411 11.6
    endloop
  endfacet
  facet normal 0 0 1
    outer loop
      vertex 26 4.75 11.6
      vertex 26 2.85 11.6
      vertex 26.0556 2.84818 11.6
    endloop
  endfacet
  facet normal 0 0 1
    outer loop
      vertex 26 4.75 11.6
      vertex 25.9444 2.84818 11.6
      vertex 26 2.85 11.6
    endloop
  endfacet
  facet normal -0 0 1
    outer loop
      vertex 25.8201 4.74411 11.6
      vertex 25.9444 2.84818 11.6
      vertex 26 4.75 11.6
    endloop
  endfacet
  facet normal 0 0 1
    outer loop
      vertex 25.9444 2.84818 11.6
      vertex 25.8201 4.74411 11.6
      vertex 25.8891 2.84273 11.6
    endloop
  endfacet
  facet normal -0 0 1
    outer loop
      vertex 25.6411 4.72647 11.6
      vertex 25.8891 2.84273 11.6
      vertex 25.8201 4.74411 11.6
    endloop
  endfacet
  facet normal 0 0 1
    outer loop
      vertex 25.8891 2.84273 11.6
      vertex 25.6411 4.72647 11.6
      vertex 25.8342 2.83367 11.6
    endloop
  endfacet
  facet normal -0 0 1
    outer loop
      vertex 25.4635 4.69716 11.6
      vertex 25.8342 2.83367 11.6
      vertex 25.6411 4.72647 11.6
    endloop
  endfacet
  facet normal 0 0 1
    outer loop
      vertex 25.8342 2.83367 11.6
      vertex 25.4635 4.69716 11.6
      vertex 25.78 2.82104 11.6
    endloop
  endfacet
  facet normal -0 0 1
    outer loop
      vertex 25.2882 4.6563 11.6
      vertex 25.78 2.82104 11.6
      vertex 25.4635 4.69716 11.6
    endloop
  endfacet
  facet normal 0 0 1
    outer loop
      vertex 25.78 2.82104 11.6
      vertex 25.2882 4.6563 11.6
      vertex 25.7268 2.80489 11.6
    endloop
  endfacet
  facet normal -0 0 1
    outer loop
      vertex 25.116 4.60406 11.6
      vertex 25.7268 2.80489 11.6
      vertex 25.2882 4.6563 11.6
    endloop
  endfacet
  facet normal 0 0 1
    outer loop
      vertex 25.7268 2.80489 11.6
      vertex 25.116 4.60406 11.6
      vertex 25.6747 2.7853 11.6
    endloop
  endfacet
  facet normal -0 0 1
    outer loop
      vertex 24.9476 4.54067 11.6
      vertex 25.6747 2.7853 11.6
      vertex 25.116 4.60406 11.6
    endloop
  endfacet
  facet normal 0 0 1
    outer loop
      vertex 25.6747 2.7853 11.6
      vertex 24.9476 4.54067 11.6
      vertex 25.6241 2.76234 11.6
    endloop
  endfacet
  facet normal -0 0 1
    outer loop
      vertex 24.7837 4.4664 11.6
      vertex 25.6241 2.76234 11.6
      vertex 24.9476 4.54067 11.6
    endloop
  endfacet
  facet normal 0 0 1
    outer loop
      vertex 25.6241 2.76234 11.6
      vertex 24.7837 4.4664 11.6
      vertex 25.575 2.73612 11.6
    endloop
  endfacet
  facet normal -0 0 1
    outer loop
      vertex 24.625 4.38157 11.6
      vertex 25.575 2.73612 11.6
      vertex 24.7837 4.4664 11.6
    endloop
  endfacet
  facet normal 0 0 1
    outer loop
      vertex 25.575 2.73612 11.6
      vertex 24.625 4.38157 11.6
      vertex 25.5278 2.70675 11.6
    endloop
  endfacet
  facet normal -0 0 1
    outer loop
      vertex 24.4722 4.28654 11.6
      vertex 25.5278 2.70675 11.6
      vertex 24.625 4.38157 11.6
    endloop
  endfacet
  facet normal 0 0 1
    outer loop
      vertex 25.5278 2.70675 11.6
      vertex 24.4722 4.28654 11.6
      vertex 25.4826 2.67435 11.6
    endloop
  endfacet
  facet normal -0 0 1
    outer loop
      vertex 24.3259 4.18172 11.6
      vertex 25.4826 2.67435 11.6
      vertex 24.4722 4.28654 11.6
    endloop
  endfacet
  facet normal 0 0 1
    outer loop
      vertex 25.4826 2.67435 11.6
      vertex 24.3259 4.18172 11.6
      vertex 25.4396 2.63906 11.6
    endloop
  endfacet
  facet normal -0 0 1
    outer loop
      vertex 24.1868 4.06756 11.6
      vertex 25.4396 2.63906 11.6
      vertex 24.3259 4.18172 11.6
    endloop
  endfacet
  facet normal 0 0 1
    outer loop
      vertex 25.4396 2.63906 11.6
      vertex 24.1868 4.06756 11.6
      vertex 25.399 2.60104 11.6
    endloop
  endfacet
  facet normal -0 0 1
    outer loop
      vertex 24.0555 3.94454 11.6
      vertex 25.399 2.60104 11.6
      vertex 24.1868 4.06756 11.6
    endloop
  endfacet
  facet normal 0 0 1
    outer loop
      vertex 25.399 2.60104 11.6
      vertex 24.0555 3.94454 11.6
      vertex 25.3609 2.56044 11.6
    endloop
  endfacet
  facet normal -0 0 1
    outer loop
      vertex 23.9324 3.8132 11.6
      vertex 25.3609 2.56044 11.6
      vertex 24.0555 3.94454 11.6
    endloop
  endfacet
  facet normal 0 0 1
    outer loop
      vertex 25.3609 2.56044 11.6
      vertex 23.9324 3.8132 11.6
      vertex 25.3256 2.51745 11.6
    endloop
  endfacet
  facet normal 0 0 1
    outer loop
      vertex 25.3256 2.51745 11.6
      vertex 23.8183 3.67409 11.6
      vertex 25.2933 2.47223 11.6
    endloop
  endfacet
  facet normal -0 0 1
    outer loop
      vertex 23.8183 3.67409 11.6
      vertex 25.3256 2.51745 11.6
      vertex 23.9324 3.8132 11.6
    endloop
  endfacet
  facet normal -0 0 1
    outer loop
      vertex 26.6744 1.48255 11.6
      vertex 28.1817 0.325906 11.6
      vertex 26.7067 1.52777 11.6
    endloop
  endfacet
  facet normal 0 0 1
    outer loop
      vertex 28.1817 0.325906 11.6
      vertex 26.6744 1.48255 11.6
      vertex 28.0676 0.186798 11.6
    endloop
  endfacet
  facet normal -0 0 1
    outer loop
      vertex 26.6391 1.43956 11.6
      vertex 28.0676 0.186798 11.6
      vertex 26.6744 1.48255 11.6
    endloop
  endfacet
  facet normal 0 0 1
    outer loop
      vertex 28.0676 0.186798 11.6
      vertex 26.6391 1.43956 11.6
      vertex 27.9445 0.0554562 11.6
    endloop
  endfacet
  facet normal -0 0 1
    outer loop
      vertex 26.601 1.39896 11.6
      vertex 27.9445 0.0554562 11.6
      vertex 26.6391 1.43956 11.6
    endloop
  endfacet
  facet normal 0 0 1
    outer loop
      vertex 27.9445 0.0554562 11.6
      vertex 26.601 1.39896 11.6
      vertex 27.8132 -0.0675592 11.6
    endloop
  endfacet
  facet normal -0 0 1
    outer loop
      vertex 26.5604 1.36094 11.6
      vertex 27.8132 -0.0675592 11.6
      vertex 26.601 1.39896 11.6
    endloop
  endfacet
  facet normal 0 0 1
    outer loop
      vertex 27.8132 -0.0675592 11.6
      vertex 26.5604 1.36094 11.6
      vertex 27.6741 -0.181721 11.6
    endloop
  endfacet
  facet normal -0 0 1
    outer loop
      vertex 26.5174 1.32565 11.6
      vertex 27.6741 -0.181721 11.6
      vertex 26.5604 1.36094 11.6
    endloop
  endfacet
  facet normal 0 0 1
    outer loop
      vertex 27.6741 -0.181721 11.6
      vertex 26.5174 1.32565 11.6
      vertex 27.5278 -0.286541 11.6
    endloop
  endfacet
  facet normal -0 0 1
    outer loop
      vertex 26.4722 1.29325 11.6
      vertex 27.5278 -0.286541 11.6
      vertex 26.5174 1.32565 11.6
    endloop
  endfacet
  facet normal 0 0 1
    outer loop
      vertex 27.5278 -0.286541 11.6
      vertex 26.4722 1.29325 11.6
      vertex 27.375 -0.381569 11.6
    endloop
  endfacet
  facet normal -0 0 1
    outer loop
      vertex 26.425 1.26388 11.6
      vertex 27.375 -0.381569 11.6
      vertex 26.4722 1.29325 11.6
    endloop
  endfacet
  facet normal 0 0 1
    outer loop
      vertex 27.375 -0.381569 11.6
      vertex 26.425 1.26388 11.6
      vertex 27.2163 -0.466399 11.6
    endloop
  endfacet
  facet normal -0 0 1
    outer loop
      vertex 26.3759 1.23766 11.6
      vertex 27.2163 -0.466399 11.6
      vertex 26.425 1.26388 11.6
    endloop
  endfacet
  facet normal 0 0 1
    outer loop
      vertex 27.2163 -0.466399 11.6
      vertex 26.3759 1.23766 11.6
      vertex 27.0524 -0.540668 11.6
    endloop
  endfacet
  facet normal -0 0 1
    outer loop
      vertex 26.3253 1.2147 11.6
      vertex 27.0524 -0.540668 11.6
      vertex 26.3759 1.23766 11.6
    endloop
  endfacet
  facet normal 0 0 1
    outer loop
      vertex 27.0524 -0.540668 11.6
      vertex 26.3253 1.2147 11.6
      vertex 26.884 -0.604057 11.6
    endloop
  endfacet
  facet normal -0 0 1
    outer loop
      vertex 26.2732 1.19511 11.6
      vertex 26.884 -0.604057 11.6
      vertex 26.3253 1.2147 11.6
    endloop
  endfacet
  facet normal 0 0 1
    outer loop
      vertex 26.884 -0.604057 11.6
      vertex 26.2732 1.19511 11.6
      vertex 26.7118 -0.656296 11.6
    endloop
  endfacet
  facet normal -0 0 1
    outer loop
      vertex 26.22 1.17896 11.6
      vertex 26.7118 -0.656296 11.6
      vertex 26.2732 1.19511 11.6
    endloop
  endfacet
  facet normal 0 0 1
    outer loop
      vertex 26.7118 -0.656296 11.6
      vertex 26.22 1.17896 11.6
      vertex 26.5365 -0.697159 11.6
    endloop
  endfacet
  facet normal -0 0 1
    outer loop
      vertex 26.1658 1.16633 11.6
      vertex 26.5365 -0.697159 11.6
      vertex 26.22 1.17896 11.6
    endloop
  endfacet
  facet normal 0 0 1
    outer loop
      vertex 26.5365 -0.697159 11.6
      vertex 26.1658 1.16633 11.6
      vertex 26.3589 -0.726473 11.6
    endloop
  endfacet
  facet normal -0 0 1
    outer loop
      vertex 26.1109 1.15727 11.6
      vertex 26.3589 -0.726473 11.6
      vertex 26.1658 1.16633 11.6
    endloop
  endfacet
  facet normal 0 0 1
    outer loop
      vertex 26.3589 -0.726473 11.6
      vertex 26.1109 1.15727 11.6
      vertex 26.1799 -0.744112 11.6
    endloop
  endfacet
  facet normal -0 0 1
    outer loop
      vertex 26.0556 1.15182 11.6
      vertex 26.1799 -0.744112 11.6
      vertex 26.1109 1.15727 11.6
    endloop
  endfacet
  facet normal -0 0 1
    outer loop
      vertex 26 1.15 11.6
      vertex 26.1799 -0.744112 11.6
      vertex 26.0556 1.15182 11.6
    endloop
  endfacet
  facet normal 0 0 1
    outer loop
      vertex 26 1.15 11.6
      vertex 26 -0.75 11.6
      vertex 26.1799 -0.744112 11.6
    endloop
  endfacet
  facet normal 0 0 1
    outer loop
      vertex 25.9444 1.15182 11.6
      vertex 26 -0.75 11.6
      vertex 26 1.15 11.6
    endloop
  endfacet
  facet normal 0 0 1
    outer loop
      vertex 25.8201 -0.744112 11.6
      vertex 25.9444 1.15182 11.6
      vertex 25.8891 1.15727 11.6
    endloop
  endfacet
  facet normal 0 0 1
    outer loop
      vertex 25.6411 -0.726473 11.6
      vertex 25.8891 1.15727 11.6
      vertex 25.8342 1.16633 11.6
    endloop
  endfacet
  facet normal 0 0 1
    outer loop
      vertex 25.9444 1.15182 11.6
      vertex 25.8201 -0.744112 11.6
      vertex 26 -0.75 11.6
    endloop
  endfacet
  facet normal 0 0 1
    outer loop
      vertex 25.4635 -0.697159 11.6
      vertex 25.8342 1.16633 11.6
      vertex 25.78 1.17896 11.6
    endloop
  endfacet
  facet normal 0 0 1
    outer loop
      vertex 25.2882 -0.656296 11.6
      vertex 25.78 1.17896 11.6
      vertex 25.7268 1.19511 11.6
    endloop
  endfacet
  facet normal 0 0 1
    outer loop
      vertex 25.116 -0.604057 11.6
      vertex 25.7268 1.19511 11.6
      vertex 25.6747 1.2147 11.6
    endloop
  endfacet
  facet normal 0 0 1
    outer loop
      vertex 25.8891 1.15727 11.6
      vertex 25.6411 -0.726473 11.6
      vertex 25.8201 -0.744112 11.6
    endloop
  endfacet
  facet normal 0 0 1
    outer loop
      vertex 24.9476 -0.540668 11.6
      vertex 25.6747 1.2147 11.6
      vertex 25.6241 1.23766 11.6
    endloop
  endfacet
  facet normal 0 0 1
    outer loop
      vertex 24.7837 -0.466399 11.6
      vertex 25.6241 1.23766 11.6
      vertex 25.575 1.26388 11.6
    endloop
  endfacet
  facet normal 0 0 1
    outer loop
      vertex 24.625 -0.381569 11.6
      vertex 25.575 1.26388 11.6
      vertex 25.5278 1.29325 11.6
    endloop
  endfacet
  facet normal 0 0 1
    outer loop
      vertex 24.4722 -0.286541 11.6
      vertex 25.5278 1.29325 11.6
      vertex 25.4826 1.32565 11.6
    endloop
  endfacet
  facet normal 0 0 1
    outer loop
      vertex 25.8342 1.16633 11.6
      vertex 25.4635 -0.697159 11.6
      vertex 25.6411 -0.726473 11.6
    endloop
  endfacet
  facet normal 0 0 1
    outer loop
      vertex 24.3259 -0.181721 11.6
      vertex 25.4826 1.32565 11.6
      vertex 25.4396 1.36094 11.6
    endloop
  endfacet
  facet normal 0 0 1
    outer loop
      vertex 24.1868 -0.0675592 11.6
      vertex 25.4396 1.36094 11.6
      vertex 25.399 1.39896 11.6
    endloop
  endfacet
  facet normal 0 0 1
    outer loop
      vertex 24.0555 0.0554562 11.6
      vertex 25.399 1.39896 11.6
      vertex 25.3609 1.43956 11.6
    endloop
  endfacet
  facet normal 0 0 1
    outer loop
      vertex 23.9324 0.186798 11.6
      vertex 25.3609 1.43956 11.6
      vertex 25.3256 1.48255 11.6
    endloop
  endfacet
  facet normal 0 0 1
    outer loop
      vertex 23.8183 0.325906 11.6
      vertex 25.3256 1.48255 11.6
      vertex 25.2933 1.52777 11.6
    endloop
  endfacet
  facet normal 0 0 1
    outer loop
      vertex 25.78 1.17896 11.6
      vertex 25.2882 -0.656296 11.6
      vertex 25.4635 -0.697159 11.6
    endloop
  endfacet
  facet normal 0 0 1
    outer loop
      vertex 23.7135 0.472181 11.6
      vertex 25.2933 1.52777 11.6
      vertex 25.2639 1.575 11.6
    endloop
  endfacet
  facet normal 0 0 1
    outer loop
      vertex 23.6184 0.625 11.6
      vertex 25.2639 1.575 11.6
      vertex 25.2377 1.62405 11.6
    endloop
  endfacet
  facet normal 0 0 1
    outer loop
      vertex 23.5336 0.783706 11.6
      vertex 25.2377 1.62405 11.6
      vertex 25.2147 1.67472 11.6
    endloop
  endfacet
  facet normal 0 0 1
    outer loop
      vertex 23.4593 0.94762 11.6
      vertex 25.2147 1.67472 11.6
      vertex 25.1951 1.72678 11.6
    endloop
  endfacet
  facet normal 0 0 1
    outer loop
      vertex 23.3959 1.11604 11.6
      vertex 25.1951 1.72678 11.6
      vertex 25.179 1.78 11.6
    endloop
  endfacet
  facet normal 0 0 1
    outer loop
      vertex 23.3437 1.28825 11.6
      vertex 25.179 1.78 11.6
      vertex 25.1663 1.83417 11.6
    endloop
  endfacet
  facet normal 0 0 1
    outer loop
      vertex 23.3028 1.4635 11.6
      vertex 25.1663 1.83417 11.6
      vertex 25.1573 1.88905 11.6
    endloop
  endfacet
  facet normal 0 0 1
    outer loop
      vertex 23.2735 1.64105 11.6
      vertex 25.1573 1.88905 11.6
      vertex 25.1518 1.94441 11.6
    endloop
  endfacet
  facet normal 0 0 1
    outer loop
      vertex 25.7268 1.19511 11.6
      vertex 25.116 -0.604057 11.6
      vertex 25.2882 -0.656296 11.6
    endloop
  endfacet
  facet normal 0 0 1
    outer loop
      vertex 23.2559 1.82014 11.6
      vertex 25.1518 1.94441 11.6
      vertex 25.15 2 11.6
    endloop
  endfacet
  facet normal -0 0 1
    outer loop
      vertex 23.7135 3.52782 11.6
      vertex 25.2933 2.47223 11.6
      vertex 23.8183 3.67409 11.6
    endloop
  endfacet
  facet normal 0 0 1
    outer loop
      vertex 25.2933 2.47223 11.6
      vertex 23.7135 3.52782 11.6
      vertex 25.2639 2.425 11.6
    endloop
  endfacet
  facet normal 0 0 1
    outer loop
      vertex 25.6747 1.2147 11.6
      vertex 24.9476 -0.540668 11.6
      vertex 25.116 -0.604057 11.6
    endloop
  endfacet
  facet normal -0 0 1
    outer loop
      vertex 23.6184 3.375 11.6
      vertex 25.2639 2.425 11.6
      vertex 23.7135 3.52782 11.6
    endloop
  endfacet
  facet normal 0 0 1
    outer loop
      vertex 25.6241 1.23766 11.6
      vertex 24.7837 -0.466399 11.6
      vertex 24.9476 -0.540668 11.6
    endloop
  endfacet
  facet normal 0 0 1
    outer loop
      vertex 25.2639 2.425 11.6
      vertex 23.6184 3.375 11.6
      vertex 25.2377 2.37595 11.6
    endloop
  endfacet
  facet normal 0 0 1
    outer loop
      vertex 25.575 1.26388 11.6
      vertex 24.625 -0.381569 11.6
      vertex 24.7837 -0.466399 11.6
    endloop
  endfacet
  facet normal -0 0 1
    outer loop
      vertex 23.5336 3.21629 11.6
      vertex 25.2377 2.37595 11.6
      vertex 23.6184 3.375 11.6
    endloop
  endfacet
  facet normal 0 0 1
    outer loop
      vertex 25.5278 1.29325 11.6
      vertex 24.4722 -0.286541 11.6
      vertex 24.625 -0.381569 11.6
    endloop
  endfacet
  facet normal 0 0 1
    outer loop
      vertex 25.2377 2.37595 11.6
      vertex 23.5336 3.21629 11.6
      vertex 25.2147 2.32528 11.6
    endloop
  endfacet
  facet normal 0 0 1
    outer loop
      vertex 25.4826 1.32565 11.6
      vertex 24.3259 -0.181721 11.6
      vertex 24.4722 -0.286541 11.6
    endloop
  endfacet
  facet normal -0 0 1
    outer loop
      vertex 23.4593 3.05238 11.6
      vertex 25.2147 2.32528 11.6
      vertex 23.5336 3.21629 11.6
    endloop
  endfacet
  facet normal 0 0 1
    outer loop
      vertex 25.4396 1.36094 11.6
      vertex 24.1868 -0.0675592 11.6
      vertex 24.3259 -0.181721 11.6
    endloop
  endfacet
  facet normal 0 0 1
    outer loop
      vertex 25.2147 2.32528 11.6
      vertex 23.4593 3.05238 11.6
      vertex 25.1951 2.27322 11.6
    endloop
  endfacet
  facet normal 0 0 1
    outer loop
      vertex 25.399 1.39896 11.6
      vertex 24.0555 0.0554562 11.6
      vertex 24.1868 -0.0675592 11.6
    endloop
  endfacet
  facet normal -0 0 1
    outer loop
      vertex 23.3959 2.88396 11.6
      vertex 25.1951 2.27322 11.6
      vertex 23.4593 3.05238 11.6
    endloop
  endfacet
  facet normal 0 0 1
    outer loop
      vertex 25.3609 1.43956 11.6
      vertex 23.9324 0.186798 11.6
      vertex 24.0555 0.0554562 11.6
    endloop
  endfacet
  facet normal 0 0 1
    outer loop
      vertex 25.1951 2.27322 11.6
      vertex 23.3959 2.88396 11.6
      vertex 25.179 2.22 11.6
    endloop
  endfacet
  facet normal 0 0 1
    outer loop
      vertex 25.3256 1.48255 11.6
      vertex 23.8183 0.325906 11.6
      vertex 23.9324 0.186798 11.6
    endloop
  endfacet
  facet normal -0 0 1
    outer loop
      vertex 23.3437 2.71175 11.6
      vertex 25.179 2.22 11.6
      vertex 23.3959 2.88396 11.6
    endloop
  endfacet
  facet normal 0 0 1
    outer loop
      vertex 25.2933 1.52777 11.6
      vertex 23.7135 0.472181 11.6
      vertex 23.8183 0.325906 11.6
    endloop
  endfacet
  facet normal 0 0 1
    outer loop
      vertex 25.179 2.22 11.6
      vertex 23.3437 2.71175 11.6
      vertex 25.1663 2.16583 11.6
    endloop
  endfacet
  facet normal 0 0 1
    outer loop
      vertex 25.2639 1.575 11.6
      vertex 23.6184 0.625 11.6
      vertex 23.7135 0.472181 11.6
    endloop
  endfacet
  facet normal -0 0 1
    outer loop
      vertex 23.3028 2.5365 11.6
      vertex 25.1663 2.16583 11.6
      vertex 23.3437 2.71175 11.6
    endloop
  endfacet
  facet normal 0 0 1
    outer loop
      vertex 25.2377 1.62405 11.6
      vertex 23.5336 0.783706 11.6
      vertex 23.6184 0.625 11.6
    endloop
  endfacet
  facet normal 0 0 1
    outer loop
      vertex 25.1663 2.16583 11.6
      vertex 23.3028 2.5365 11.6
      vertex 25.1573 2.11095 11.6
    endloop
  endfacet
  facet normal 0 0 1
    outer loop
      vertex 25.2147 1.67472 11.6
      vertex 23.4593 0.94762 11.6
      vertex 23.5336 0.783706 11.6
    endloop
  endfacet
  facet normal -0 0 1
    outer loop
      vertex 23.2735 2.35895 11.6
      vertex 25.1573 2.11095 11.6
      vertex 23.3028 2.5365 11.6
    endloop
  endfacet
  facet normal 0 0 1
    outer loop
      vertex 25.1951 1.72678 11.6
      vertex 23.3959 1.11604 11.6
      vertex 23.4593 0.94762 11.6
    endloop
  endfacet
  facet normal 0 0 1
    outer loop
      vertex 25.1573 2.11095 11.6
      vertex 23.2735 2.35895 11.6
      vertex 25.1518 2.05559 11.6
    endloop
  endfacet
  facet normal 0 0 1
    outer loop
      vertex 25.179 1.78 11.6
      vertex 23.3437 1.28825 11.6
      vertex 23.3959 1.11604 11.6
    endloop
  endfacet
  facet normal -0 0 1
    outer loop
      vertex 23.2559 2.17986 11.6
      vertex 25.1518 2.05559 11.6
      vertex 23.2735 2.35895 11.6
    endloop
  endfacet
  facet normal 0 0 1
    outer loop
      vertex 25.1663 1.83417 11.6
      vertex 23.3028 1.4635 11.6
      vertex 23.3437 1.28825 11.6
    endloop
  endfacet
  facet normal 0 0 1
    outer loop
      vertex 25.1518 2.05559 11.6
      vertex 23.2559 2.17986 11.6
      vertex 25.15 2 11.6
    endloop
  endfacet
  facet normal 0 0 1
    outer loop
      vertex 25.1573 1.88905 11.6
      vertex 23.2735 1.64105 11.6
      vertex 23.3028 1.4635 11.6
    endloop
  endfacet
  facet normal 0 0 1
    outer loop
      vertex 23.25 2 11.6
      vertex 25.15 2 11.6
      vertex 23.2559 2.17986 11.6
    endloop
  endfacet
  facet normal 0 0 1
    outer loop
      vertex 25.1518 1.94441 11.6
      vertex 23.2559 1.82014 11.6
      vertex 23.2735 1.64105 11.6
    endloop
  endfacet
  facet normal 0 0 1
    outer loop
      vertex 25.15 2 11.6
      vertex 23.25 2 11.6
      vertex 23.2559 1.82014 11.6
    endloop
  endfacet
  facet normal -0.995207 0.097789 0
    outer loop
      vertex -10.2128 13.2042 5.72205e-07
      vertex -10.2032 13.3019 1.6
      vertex -10.2032 13.3019 5.72205e-07
    endloop
  endfacet
  facet normal -0.995207 0.097789 0
    outer loop
      vertex -10.2032 13.3019 1.6
      vertex -10.2128 13.2042 5.72205e-07
      vertex -10.2128 13.2042 1.6
    endloop
  endfacet
  facet normal -0.999468 0.0326024 0
    outer loop
      vertex -10.2032 13.3019 5.72205e-07
      vertex -10.2 13.4 1.6
      vertex -10.2 13.4 5.72205e-07
    endloop
  endfacet
  facet normal -0.999468 0.0326024 0
    outer loop
      vertex -10.2 13.4 1.6
      vertex -10.2032 13.3019 5.72205e-07
      vertex -10.2032 13.3019 1.6
    endloop
  endfacet
  facet normal -0.986613 0.163077 0
    outer loop
      vertex -10.2288 13.1074 5.72205e-07
      vertex -10.2128 13.2042 1.6
      vertex -10.2128 13.2042 5.72205e-07
    endloop
  endfacet
  facet normal -0.986613 0.163077 0
    outer loop
      vertex -10.2128 13.2042 1.6
      vertex -10.2288 13.1074 5.72205e-07
      vertex -10.2288 13.1074 1.6
    endloop
  endfacet
  facet normal -0.583069 0.812423 0
    outer loop
      vertex -10.7869 12.21 5.72205e-07
      vertex -10.8666 12.1528 1.6
      vertex -10.7869 12.21 1.6
    endloop
  endfacet
  facet normal -0.583069 0.812423 0
    outer loop
      vertex -10.8666 12.1528 1.6
      vertex -10.7869 12.21 5.72205e-07
      vertex -10.8666 12.1528 5.72205e-07
    endloop
  endfacet
  facet normal -0.0326024 -0.999468 0
    outer loop
      vertex -11.7 14.9 5.72205e-07
      vertex -11.6019 14.8968 1.6
      vertex -11.7 14.9 1.6
    endloop
  endfacet
  facet normal -0.0326024 -0.999468 -0
    outer loop
      vertex -11.6019 14.8968 1.6
      vertex -11.7 14.9 5.72205e-07
      vertex -11.6019 14.8968 5.72205e-07
    endloop
  endfacet
  facet normal -0.812423 0.583069 0
    outer loop
      vertex -10.51 12.4869 5.72205e-07
      vertex -10.4528 12.5666 1.6
      vertex -10.4528 12.5666 5.72205e-07
    endloop
  endfacet
  facet normal -0.812423 0.583069 0
    outer loop
      vertex -10.4528 12.5666 1.6
      vertex -10.51 12.4869 5.72205e-07
      vertex -10.51 12.4869 1.6
    endloop
  endfacet
  facet normal -0.956982 -0.290149 0
    outer loop
      vertex -10.2511 13.7882 5.72205e-07
      vertex -10.2796 13.8822 1.6
      vertex -10.2796 13.8822 5.72205e-07
    endloop
  endfacet
  facet normal -0.956982 -0.290149 0
    outer loop
      vertex -10.2796 13.8822 1.6
      vertex -10.2511 13.7882 5.72205e-07
      vertex -10.2511 13.7882 1.6
    endloop
  endfacet
  facet normal -0.73014 -0.683297 0
    outer loop
      vertex -10.5722 14.389 5.72205e-07
      vertex -10.6393 14.4607 1.6
      vertex -10.6393 14.4607 5.72205e-07
    endloop
  endfacet
  facet normal -0.73014 -0.683297 0
    outer loop
      vertex -10.6393 14.4607 1.6
      vertex -10.5722 14.389 5.72205e-07
      vertex -10.5722 14.389 1.6
    endloop
  endfacet
  facet normal -0.352687 -0.935741 0
    outer loop
      vertex -11.2178 14.8204 5.72205e-07
      vertex -11.126 14.7858 1.6
      vertex -11.2178 14.8204 1.6
    endloop
  endfacet
  facet normal -0.352687 -0.935741 -0
    outer loop
      vertex -11.126 14.7858 1.6
      vertex -11.2178 14.8204 5.72205e-07
      vertex -11.126 14.7858 5.72205e-07
    endloop
  endfacet
  facet normal 0.986613 0.163077 0
    outer loop
      vertex -13.1712 13.1074 1.6
      vertex -13.1872 13.2042 5.72205e-07
      vertex -13.1872 13.2042 1.6
    endloop
  endfacet
  facet normal 0.986613 0.163077 0
    outer loop
      vertex -13.1872 13.2042 5.72205e-07
      vertex -13.1712 13.1074 1.6
      vertex -13.1712 13.1074 5.72205e-07
    endloop
  endfacet
  facet normal -0.163077 -0.986613 0
    outer loop
      vertex -11.5042 14.8872 5.72205e-07
      vertex -11.4074 14.8712 1.6
      vertex -11.5042 14.8872 1.6
    endloop
  endfacet
  facet normal -0.163077 -0.986613 -0
    outer loop
      vertex -11.4074 14.8712 1.6
      vertex -11.5042 14.8872 5.72205e-07
      vertex -11.4074 14.8712 5.72205e-07
    endloop
  endfacet
  facet normal 0.097789 -0.995207 0
    outer loop
      vertex -11.8958 14.8872 5.72205e-07
      vertex -11.7981 14.8968 1.6
      vertex -11.8958 14.8872 1.6
    endloop
  endfacet
  facet normal 0.097789 -0.995207 0
    outer loop
      vertex -11.7981 14.8968 1.6
      vertex -11.8958 14.8872 5.72205e-07
      vertex -11.7981 14.8968 5.72205e-07
    endloop
  endfacet
  facet normal -0.73014 0.683297 0
    outer loop
      vertex -10.6393 12.3393 5.72205e-07
      vertex -10.5722 12.411 1.6
      vertex -10.5722 12.411 5.72205e-07
    endloop
  endfacet
  facet normal -0.73014 0.683297 0
    outer loop
      vertex -10.5722 12.411 1.6
      vertex -10.6393 12.3393 5.72205e-07
      vertex -10.6393 12.3393 1.6
    endloop
  endfacet
  facet normal 0.227165 -0.973856 0
    outer loop
      vertex -12.0882 14.8489 5.72205e-07
      vertex -11.9926 14.8712 1.6
      vertex -12.0882 14.8489 1.6
    endloop
  endfacet
  facet normal 0.227165 -0.973856 0
    outer loop
      vertex -11.9926 14.8712 1.6
      vertex -12.0882 14.8489 5.72205e-07
      vertex -11.9926 14.8712 5.72205e-07
    endloop
  endfacet
  facet normal -0.999468 -0.0326024 0
    outer loop
      vertex -10.2 13.4 5.72205e-07
      vertex -10.2032 13.4981 1.6
      vertex -10.2032 13.4981 5.72205e-07
    endloop
  endfacet
  facet normal -0.999468 -0.0326024 0
    outer loop
      vertex -10.2032 13.4981 1.6
      vertex -10.2 13.4 5.72205e-07
      vertex -10.2 13.4 1.6
    endloop
  endfacet
  facet normal -0.773458 0.633848 0
    outer loop
      vertex -10.5722 12.411 5.72205e-07
      vertex -10.51 12.4869 1.6
      vertex -10.51 12.4869 5.72205e-07
    endloop
  endfacet
  facet normal -0.773458 0.633848 0
    outer loop
      vertex -10.51 12.4869 1.6
      vertex -10.5722 12.411 5.72205e-07
      vertex -10.5722 12.411 1.6
    endloop
  endfacet
  facet normal -0.973856 0.227165 0
    outer loop
      vertex -10.2511 13.0118 5.72205e-07
      vertex -10.2288 13.1074 1.6
      vertex -10.2288 13.1074 5.72205e-07
    endloop
  endfacet
  facet normal -0.973856 0.227165 0
    outer loop
      vertex -10.2288 13.1074 1.6
      vertex -10.2511 13.0118 5.72205e-07
      vertex -10.2511 13.0118 1.6
    endloop
  endfacet
  facet normal 0.986613 -0.163077 0
    outer loop
      vertex -13.1872 13.5958 1.6
      vertex -13.1712 13.6926 5.72205e-07
      vertex -13.1712 13.6926 1.6
    endloop
  endfacet
  facet normal 0.986613 -0.163077 0
    outer loop
      vertex -13.1712 13.6926 5.72205e-07
      vertex -13.1872 13.5958 1.6
      vertex -13.1872 13.5958 5.72205e-07
    endloop
  endfacet
  facet normal 0.999468 -0.0326024 0
    outer loop
      vertex -13.2 13.4 1.6
      vertex -13.1968 13.4981 5.72205e-07
      vertex -13.1968 13.4981 1.6
    endloop
  endfacet
  facet normal 0.999468 -0.0326024 0
    outer loop
      vertex -13.1968 13.4981 5.72205e-07
      vertex -13.2 13.4 1.6
      vertex -13.2 13.4 5.72205e-07
    endloop
  endfacet
  facet normal 0.527616 0.849483 -0
    outer loop
      vertex -12.45 12.101 5.72205e-07
      vertex -12.5334 12.1528 1.6
      vertex -12.45 12.101 1.6
    endloop
  endfacet
  facet normal 0.527616 0.849483 0
    outer loop
      vertex -12.5334 12.1528 1.6
      vertex -12.45 12.101 5.72205e-07
      vertex -12.5334 12.1528 5.72205e-07
    endloop
  endfacet
  facet normal -0.881873 0.471487 0
    outer loop
      vertex -10.401 12.65 5.72205e-07
      vertex -10.3547 12.7366 1.6
      vertex -10.3547 12.7366 5.72205e-07
    endloop
  endfacet
  facet normal -0.881873 0.471487 0
    outer loop
      vertex -10.3547 12.7366 1.6
      vertex -10.401 12.65 5.72205e-07
      vertex -10.401 12.65 1.6
    endloop
  endfacet
  facet normal -0.097789 -0.995207 0
    outer loop
      vertex -11.6019 14.8968 5.72205e-07
      vertex -11.5042 14.8872 1.6
      vertex -11.6019 14.8968 1.6
    endloop
  endfacet
  facet normal -0.097789 -0.995207 -0
    outer loop
      vertex -11.5042 14.8872 1.6
      vertex -11.6019 14.8968 5.72205e-07
      vertex -11.5042 14.8872 5.72205e-07
    endloop
  endfacet
  facet normal -0.956982 0.290149 0
    outer loop
      vertex -10.2796 12.9178 5.72205e-07
      vertex -10.2511 13.0118 1.6
      vertex -10.2511 13.0118 5.72205e-07
    endloop
  endfacet
  facet normal -0.956982 0.290149 0
    outer loop
      vertex -10.2511 13.0118 1.6
      vertex -10.2796 12.9178 5.72205e-07
      vertex -10.2796 12.9178 1.6
    endloop
  endfacet
  facet normal 0.0326024 -0.999468 0
    outer loop
      vertex -11.7981 14.8968 5.72205e-07
      vertex -11.7 14.9 1.6
      vertex -11.7981 14.8968 1.6
    endloop
  endfacet
  facet normal 0.0326024 -0.999468 0
    outer loop
      vertex -11.7 14.9 1.6
      vertex -11.7981 14.8968 5.72205e-07
      vertex -11.7 14.9 5.72205e-07
    endloop
  endfacet
  facet normal -0.290149 0.956982 0
    outer loop
      vertex -11.2178 11.9796 5.72205e-07
      vertex -11.3118 11.9511 1.6
      vertex -11.2178 11.9796 1.6
    endloop
  endfacet
  facet normal -0.290149 0.956982 0
    outer loop
      vertex -11.3118 11.9511 1.6
      vertex -11.2178 11.9796 5.72205e-07
      vertex -11.3118 11.9511 5.72205e-07
    endloop
  endfacet
  facet normal -0.163077 0.986613 0
    outer loop
      vertex -11.4074 11.9288 5.72205e-07
      vertex -11.5042 11.9128 1.6
      vertex -11.4074 11.9288 1.6
    endloop
  endfacet
  facet normal -0.163077 0.986613 0
    outer loop
      vertex -11.5042 11.9128 1.6
      vertex -11.4074 11.9288 5.72205e-07
      vertex -11.5042 11.9128 5.72205e-07
    endloop
  endfacet
  facet normal 0.290149 -0.956982 0
    outer loop
      vertex -12.1822 14.8204 5.72205e-07
      vertex -12.0882 14.8489 1.6
      vertex -12.1822 14.8204 1.6
    endloop
  endfacet
  facet normal 0.290149 -0.956982 0
    outer loop
      vertex -12.0882 14.8489 1.6
      vertex -12.1822 14.8204 5.72205e-07
      vertex -12.0882 14.8489 5.72205e-07
    endloop
  endfacet
  facet normal 0.995207 -0.097789 0
    outer loop
      vertex -13.1968 13.4981 1.6
      vertex -13.1872 13.5958 5.72205e-07
      vertex -13.1872 13.5958 1.6
    endloop
  endfacet
  facet normal 0.995207 -0.097789 0
    outer loop
      vertex -13.1872 13.5958 5.72205e-07
      vertex -13.1968 13.4981 1.6
      vertex -13.1968 13.4981 5.72205e-07
    endloop
  endfacet
  facet normal 0.881873 -0.471487 0
    outer loop
      vertex -13.0453 14.0634 1.6
      vertex -12.999 14.15 5.72205e-07
      vertex -12.999 14.15 1.6
    endloop
  endfacet
  facet normal 0.881873 -0.471487 0
    outer loop
      vertex -12.999 14.15 5.72205e-07
      vertex -13.0453 14.0634 1.6
      vertex -13.0453 14.0634 5.72205e-07
    endloop
  endfacet
  facet normal -0.849483 -0.527616 0
    outer loop
      vertex -10.401 14.15 5.72205e-07
      vertex -10.4528 14.2334 1.6
      vertex -10.4528 14.2334 5.72205e-07
    endloop
  endfacet
  facet normal -0.849483 -0.527616 0
    outer loop
      vertex -10.4528 14.2334 1.6
      vertex -10.401 14.15 5.72205e-07
      vertex -10.401 14.15 1.6
    endloop
  endfacet
  facet normal -0.910889 0.412651 0
    outer loop
      vertex -10.3547 12.7366 5.72205e-07
      vertex -10.3142 12.826 1.6
      vertex -10.3142 12.826 5.72205e-07
    endloop
  endfacet
  facet normal -0.910889 0.412651 0
    outer loop
      vertex -10.3142 12.826 1.6
      vertex -10.3547 12.7366 5.72205e-07
      vertex -10.3547 12.7366 1.6
    endloop
  endfacet
  facet normal 0.773458 -0.633848 0
    outer loop
      vertex -12.89 14.3131 1.6
      vertex -12.8278 14.389 5.72205e-07
      vertex -12.8278 14.389 1.6
    endloop
  endfacet
  facet normal 0.773458 -0.633848 0
    outer loop
      vertex -12.8278 14.389 5.72205e-07
      vertex -12.89 14.3131 1.6
      vertex -12.89 14.3131 5.72205e-07
    endloop
  endfacet
  facet normal 0.352687 0.935741 -0
    outer loop
      vertex -12.1822 11.9796 5.72205e-07
      vertex -12.274 12.0142 1.6
      vertex -12.1822 11.9796 1.6
    endloop
  endfacet
  facet normal 0.352687 0.935741 0
    outer loop
      vertex -12.274 12.0142 1.6
      vertex -12.1822 11.9796 5.72205e-07
      vertex -12.274 12.0142 5.72205e-07
    endloop
  endfacet
  facet normal 0.773458 0.633848 0
    outer loop
      vertex -12.8278 12.411 1.6
      vertex -12.89 12.4869 5.72205e-07
      vertex -12.89 12.4869 1.6
    endloop
  endfacet
  facet normal 0.773458 0.633848 0
    outer loop
      vertex -12.89 12.4869 5.72205e-07
      vertex -12.8278 12.411 1.6
      vertex -12.8278 12.411 5.72205e-07
    endloop
  endfacet
  facet normal -0.412651 0.910889 0
    outer loop
      vertex -11.0366 12.0547 5.72205e-07
      vertex -11.126 12.0142 1.6
      vertex -11.0366 12.0547 1.6
    endloop
  endfacet
  facet normal -0.412651 0.910889 0
    outer loop
      vertex -11.126 12.0142 1.6
      vertex -11.0366 12.0547 5.72205e-07
      vertex -11.126 12.0142 5.72205e-07
    endloop
  endfacet
  facet normal 0.097789 0.995207 -0
    outer loop
      vertex -11.7981 11.9032 5.72205e-07
      vertex -11.8958 11.9128 1.6
      vertex -11.7981 11.9032 1.6
    endloop
  endfacet
  facet normal 0.097789 0.995207 0
    outer loop
      vertex -11.8958 11.9128 1.6
      vertex -11.7981 11.9032 5.72205e-07
      vertex -11.8958 11.9128 5.72205e-07
    endloop
  endfacet
  facet normal -0.412651 -0.910889 0
    outer loop
      vertex -11.126 14.7858 5.72205e-07
      vertex -11.0366 14.7453 1.6
      vertex -11.126 14.7858 1.6
    endloop
  endfacet
  facet normal -0.412651 -0.910889 -0
    outer loop
      vertex -11.0366 14.7453 1.6
      vertex -11.126 14.7858 5.72205e-07
      vertex -11.0366 14.7453 5.72205e-07
    endloop
  endfacet
  facet normal 0.881873 0.471487 0
    outer loop
      vertex -12.999 12.65 1.6
      vertex -13.0453 12.7366 5.72205e-07
      vertex -13.0453 12.7366 1.6
    endloop
  endfacet
  facet normal 0.881873 0.471487 0
    outer loop
      vertex -13.0453 12.7366 5.72205e-07
      vertex -12.999 12.65 1.6
      vertex -12.999 12.65 5.72205e-07
    endloop
  endfacet
  facet normal 0.471487 0.881873 -0
    outer loop
      vertex -12.3634 12.0547 5.72205e-07
      vertex -12.45 12.101 1.6
      vertex -12.3634 12.0547 1.6
    endloop
  endfacet
  facet normal 0.471487 0.881873 0
    outer loop
      vertex -12.45 12.101 1.6
      vertex -12.3634 12.0547 5.72205e-07
      vertex -12.45 12.101 5.72205e-07
    endloop
  endfacet
  facet normal -0.986613 -0.163077 0
    outer loop
      vertex -10.2128 13.5958 5.72205e-07
      vertex -10.2288 13.6926 1.6
      vertex -10.2288 13.6926 5.72205e-07
    endloop
  endfacet
  facet normal -0.986613 -0.163077 0
    outer loop
      vertex -10.2288 13.6926 1.6
      vertex -10.2128 13.5958 5.72205e-07
      vertex -10.2128 13.5958 1.6
    endloop
  endfacet
  facet normal -0.683297 0.73014 0
    outer loop
      vertex -10.6393 12.3393 5.72205e-07
      vertex -10.711 12.2722 1.6
      vertex -10.6393 12.3393 1.6
    endloop
  endfacet
  facet normal -0.683297 0.73014 0
    outer loop
      vertex -10.711 12.2722 1.6
      vertex -10.6393 12.3393 5.72205e-07
      vertex -10.711 12.2722 5.72205e-07
    endloop
  endfacet
  facet normal 0.227165 0.973856 -0
    outer loop
      vertex -11.9926 11.9288 5.72205e-07
      vertex -12.0882 11.9511 1.6
      vertex -11.9926 11.9288 1.6
    endloop
  endfacet
  facet normal 0.227165 0.973856 0
    outer loop
      vertex -12.0882 11.9511 1.6
      vertex -11.9926 11.9288 5.72205e-07
      vertex -12.0882 11.9511 5.72205e-07
    endloop
  endfacet
  facet normal 0.956982 -0.290149 0
    outer loop
      vertex -13.1489 13.7882 1.6
      vertex -13.1204 13.8822 5.72205e-07
      vertex -13.1204 13.8822 1.6
    endloop
  endfacet
  facet normal 0.956982 -0.290149 0
    outer loop
      vertex -13.1204 13.8822 5.72205e-07
      vertex -13.1489 13.7882 1.6
      vertex -13.1489 13.7882 5.72205e-07
    endloop
  endfacet
  facet normal -0.633848 0.773458 0
    outer loop
      vertex -10.711 12.2722 5.72205e-07
      vertex -10.7869 12.21 1.6
      vertex -10.711 12.2722 1.6
    endloop
  endfacet
  facet normal -0.633848 0.773458 0
    outer loop
      vertex -10.7869 12.21 1.6
      vertex -10.711 12.2722 5.72205e-07
      vertex -10.7869 12.21 5.72205e-07
    endloop
  endfacet
  facet normal -0.583069 -0.812423 0
    outer loop
      vertex -10.8666 14.6472 5.72205e-07
      vertex -10.7869 14.59 1.6
      vertex -10.8666 14.6472 1.6
    endloop
  endfacet
  facet normal -0.583069 -0.812423 -0
    outer loop
      vertex -10.7869 14.59 1.6
      vertex -10.8666 14.6472 5.72205e-07
      vertex -10.7869 14.59 5.72205e-07
    endloop
  endfacet
  facet normal 0.412651 0.910889 -0
    outer loop
      vertex -12.274 12.0142 5.72205e-07
      vertex -12.3634 12.0547 1.6
      vertex -12.274 12.0142 1.6
    endloop
  endfacet
  facet normal 0.412651 0.910889 0
    outer loop
      vertex -12.3634 12.0547 1.6
      vertex -12.274 12.0142 5.72205e-07
      vertex -12.3634 12.0547 5.72205e-07
    endloop
  endfacet
  facet normal -0.812423 -0.583069 0
    outer loop
      vertex -10.4528 14.2334 5.72205e-07
      vertex -10.51 14.3131 1.6
      vertex -10.51 14.3131 5.72205e-07
    endloop
  endfacet
  facet normal -0.812423 -0.583069 0
    outer loop
      vertex -10.51 14.3131 1.6
      vertex -10.4528 14.2334 5.72205e-07
      vertex -10.4528 14.2334 1.6
    endloop
  endfacet
  facet normal -0.097789 0.995207 0
    outer loop
      vertex -11.5042 11.9128 5.72205e-07
      vertex -11.6019 11.9032 1.6
      vertex -11.5042 11.9128 1.6
    endloop
  endfacet
  facet normal -0.097789 0.995207 0
    outer loop
      vertex -11.6019 11.9032 1.6
      vertex -11.5042 11.9128 5.72205e-07
      vertex -11.6019 11.9032 5.72205e-07
    endloop
  endfacet
  facet normal -0.935741 -0.352687 0
    outer loop
      vertex -10.2796 13.8822 5.72205e-07
      vertex -10.3142 13.974 1.6
      vertex -10.3142 13.974 5.72205e-07
    endloop
  endfacet
  facet normal -0.935741 -0.352687 0
    outer loop
      vertex -10.3142 13.974 1.6
      vertex -10.2796 13.8822 5.72205e-07
      vertex -10.2796 13.8822 1.6
    endloop
  endfacet
  facet normal 0.935741 -0.352687 0
    outer loop
      vertex -13.1204 13.8822 1.6
      vertex -13.0858 13.974 5.72205e-07
      vertex -13.0858 13.974 1.6
    endloop
  endfacet
  facet normal 0.935741 -0.352687 0
    outer loop
      vertex -13.0858 13.974 5.72205e-07
      vertex -13.1204 13.8822 1.6
      vertex -13.1204 13.8822 5.72205e-07
    endloop
  endfacet
  facet normal 0.583069 0.812423 -0
    outer loop
      vertex -12.5334 12.1528 5.72205e-07
      vertex -12.6131 12.21 1.6
      vertex -12.5334 12.1528 1.6
    endloop
  endfacet
  facet normal 0.583069 0.812423 0
    outer loop
      vertex -12.6131 12.21 1.6
      vertex -12.5334 12.1528 5.72205e-07
      vertex -12.6131 12.21 5.72205e-07
    endloop
  endfacet
  facet normal -0.995207 -0.097789 0
    outer loop
      vertex -10.2032 13.4981 5.72205e-07
      vertex -10.2128 13.5958 1.6
      vertex -10.2128 13.5958 5.72205e-07
    endloop
  endfacet
  facet normal -0.995207 -0.097789 0
    outer loop
      vertex -10.2128 13.5958 1.6
      vertex -10.2032 13.4981 5.72205e-07
      vertex -10.2032 13.4981 1.6
    endloop
  endfacet
  facet normal 0.910889 -0.412651 0
    outer loop
      vertex -13.0858 13.974 1.6
      vertex -13.0453 14.0634 5.72205e-07
      vertex -13.0453 14.0634 1.6
    endloop
  endfacet
  facet normal 0.910889 -0.412651 0
    outer loop
      vertex -13.0453 14.0634 5.72205e-07
      vertex -13.0858 13.974 1.6
      vertex -13.0858 13.974 5.72205e-07
    endloop
  endfacet
  facet normal 0.812423 -0.583069 0
    outer loop
      vertex -12.9472 14.2334 1.6
      vertex -12.89 14.3131 5.72205e-07
      vertex -12.89 14.3131 1.6
    endloop
  endfacet
  facet normal 0.812423 -0.583069 0
    outer loop
      vertex -12.89 14.3131 5.72205e-07
      vertex -12.9472 14.2334 1.6
      vertex -12.9472 14.2334 5.72205e-07
    endloop
  endfacet
  facet normal 0.412651 -0.910889 0
    outer loop
      vertex -12.3634 14.7453 5.72205e-07
      vertex -12.274 14.7858 1.6
      vertex -12.3634 14.7453 1.6
    endloop
  endfacet
  facet normal 0.412651 -0.910889 0
    outer loop
      vertex -12.274 14.7858 1.6
      vertex -12.3634 14.7453 5.72205e-07
      vertex -12.274 14.7858 5.72205e-07
    endloop
  endfacet
  facet normal -0.935741 0.352687 0
    outer loop
      vertex -10.3142 12.826 5.72205e-07
      vertex -10.2796 12.9178 1.6
      vertex -10.2796 12.9178 5.72205e-07
    endloop
  endfacet
  facet normal -0.935741 0.352687 0
    outer loop
      vertex -10.2796 12.9178 1.6
      vertex -10.3142 12.826 5.72205e-07
      vertex -10.3142 12.826 1.6
    endloop
  endfacet
  facet normal 0.995207 0.097789 0
    outer loop
      vertex -13.1872 13.2042 1.6
      vertex -13.1968 13.3019 5.72205e-07
      vertex -13.1968 13.3019 1.6
    endloop
  endfacet
  facet normal 0.995207 0.097789 0
    outer loop
      vertex -13.1968 13.3019 5.72205e-07
      vertex -13.1872 13.2042 1.6
      vertex -13.1872 13.2042 5.72205e-07
    endloop
  endfacet
  facet normal 0.935741 0.352687 0
    outer loop
      vertex -13.0858 12.826 1.6
      vertex -13.1204 12.9178 5.72205e-07
      vertex -13.1204 12.9178 1.6
    endloop
  endfacet
  facet normal 0.935741 0.352687 0
    outer loop
      vertex -13.1204 12.9178 5.72205e-07
      vertex -13.0858 12.826 1.6
      vertex -13.0858 12.826 5.72205e-07
    endloop
  endfacet
  facet normal 0.163077 0.986613 -0
    outer loop
      vertex -11.8958 11.9128 5.72205e-07
      vertex -11.9926 11.9288 1.6
      vertex -11.8958 11.9128 1.6
    endloop
  endfacet
  facet normal 0.163077 0.986613 0
    outer loop
      vertex -11.9926 11.9288 1.6
      vertex -11.8958 11.9128 5.72205e-07
      vertex -11.9926 11.9288 5.72205e-07
    endloop
  endfacet
  facet normal 0.973856 0.227165 0
    outer loop
      vertex -13.1489 13.0118 1.6
      vertex -13.1712 13.1074 5.72205e-07
      vertex -13.1712 13.1074 1.6
    endloop
  endfacet
  facet normal 0.973856 0.227165 0
    outer loop
      vertex -13.1712 13.1074 5.72205e-07
      vertex -13.1489 13.0118 1.6
      vertex -13.1489 13.0118 5.72205e-07
    endloop
  endfacet
  facet normal 0.812423 0.583069 0
    outer loop
      vertex -12.89 12.4869 1.6
      vertex -12.9472 12.5666 5.72205e-07
      vertex -12.9472 12.5666 1.6
    endloop
  endfacet
  facet normal 0.812423 0.583069 0
    outer loop
      vertex -12.9472 12.5666 5.72205e-07
      vertex -12.89 12.4869 1.6
      vertex -12.89 12.4869 5.72205e-07
    endloop
  endfacet
  facet normal 0.73014 0.683297 0
    outer loop
      vertex -12.7607 12.3393 1.6
      vertex -12.8278 12.411 5.72205e-07
      vertex -12.8278 12.411 1.6
    endloop
  endfacet
  facet normal 0.73014 0.683297 0
    outer loop
      vertex -12.8278 12.411 5.72205e-07
      vertex -12.7607 12.3393 1.6
      vertex -12.7607 12.3393 5.72205e-07
    endloop
  endfacet
  facet normal 0.973856 -0.227165 0
    outer loop
      vertex -13.1712 13.6926 1.6
      vertex -13.1489 13.7882 5.72205e-07
      vertex -13.1489 13.7882 1.6
    endloop
  endfacet
  facet normal 0.973856 -0.227165 0
    outer loop
      vertex -13.1489 13.7882 5.72205e-07
      vertex -13.1712 13.6926 1.6
      vertex -13.1712 13.6926 5.72205e-07
    endloop
  endfacet
  facet normal 0.683297 0.73014 -0
    outer loop
      vertex -12.689 12.2722 5.72205e-07
      vertex -12.7607 12.3393 1.6
      vertex -12.689 12.2722 1.6
    endloop
  endfacet
  facet normal 0.683297 0.73014 0
    outer loop
      vertex -12.7607 12.3393 1.6
      vertex -12.689 12.2722 5.72205e-07
      vertex -12.7607 12.3393 5.72205e-07
    endloop
  endfacet
  facet normal -0.910889 -0.412651 0
    outer loop
      vertex -10.3142 13.974 5.72205e-07
      vertex -10.3547 14.0634 1.6
      vertex -10.3547 14.0634 5.72205e-07
    endloop
  endfacet
  facet normal -0.910889 -0.412651 0
    outer loop
      vertex -10.3547 14.0634 1.6
      vertex -10.3142 13.974 5.72205e-07
      vertex -10.3142 13.974 1.6
    endloop
  endfacet
  facet normal -0.973856 -0.227165 0
    outer loop
      vertex -10.2288 13.6926 5.72205e-07
      vertex -10.2511 13.7882 1.6
      vertex -10.2511 13.7882 5.72205e-07
    endloop
  endfacet
  facet normal -0.973856 -0.227165 0
    outer loop
      vertex -10.2511 13.7882 1.6
      vertex -10.2288 13.6926 5.72205e-07
      vertex -10.2288 13.6926 1.6
    endloop
  endfacet
  facet normal -0.849483 0.527616 0
    outer loop
      vertex -10.4528 12.5666 5.72205e-07
      vertex -10.401 12.65 1.6
      vertex -10.401 12.65 5.72205e-07
    endloop
  endfacet
  facet normal -0.849483 0.527616 0
    outer loop
      vertex -10.401 12.65 1.6
      vertex -10.4528 12.5666 5.72205e-07
      vertex -10.4528 12.5666 1.6
    endloop
  endfacet
  facet normal -0.227165 -0.973856 0
    outer loop
      vertex -11.4074 14.8712 5.72205e-07
      vertex -11.3118 14.8489 1.6
      vertex -11.4074 14.8712 1.6
    endloop
  endfacet
  facet normal -0.227165 -0.973856 -0
    outer loop
      vertex -11.3118 14.8489 1.6
      vertex -11.4074 14.8712 5.72205e-07
      vertex -11.3118 14.8489 5.72205e-07
    endloop
  endfacet
  facet normal -0.471487 -0.881873 0
    outer loop
      vertex -11.0366 14.7453 5.72205e-07
      vertex -10.95 14.699 1.6
      vertex -11.0366 14.7453 1.6
    endloop
  endfacet
  facet normal -0.471487 -0.881873 -0
    outer loop
      vertex -10.95 14.699 1.6
      vertex -11.0366 14.7453 5.72205e-07
      vertex -10.95 14.699 5.72205e-07
    endloop
  endfacet
  facet normal -0.773458 -0.633848 0
    outer loop
      vertex -10.51 14.3131 5.72205e-07
      vertex -10.5722 14.389 1.6
      vertex -10.5722 14.389 5.72205e-07
    endloop
  endfacet
  facet normal -0.773458 -0.633848 0
    outer loop
      vertex -10.5722 14.389 1.6
      vertex -10.51 14.3131 5.72205e-07
      vertex -10.51 14.3131 1.6
    endloop
  endfacet
  facet normal 0.633848 0.773458 -0
    outer loop
      vertex -12.6131 12.21 5.72205e-07
      vertex -12.689 12.2722 1.6
      vertex -12.6131 12.21 1.6
    endloop
  endfacet
  facet normal 0.633848 0.773458 0
    outer loop
      vertex -12.689 12.2722 1.6
      vertex -12.6131 12.21 5.72205e-07
      vertex -12.689 12.2722 5.72205e-07
    endloop
  endfacet
  facet normal 0.73014 -0.683297 0
    outer loop
      vertex -12.8278 14.389 1.6
      vertex -12.7607 14.4607 5.72205e-07
      vertex -12.7607 14.4607 1.6
    endloop
  endfacet
  facet normal 0.73014 -0.683297 0
    outer loop
      vertex -12.7607 14.4607 5.72205e-07
      vertex -12.8278 14.389 1.6
      vertex -12.8278 14.389 5.72205e-07
    endloop
  endfacet
  facet normal 0.352687 -0.935741 0
    outer loop
      vertex -12.274 14.7858 5.72205e-07
      vertex -12.1822 14.8204 1.6
      vertex -12.274 14.7858 1.6
    endloop
  endfacet
  facet normal 0.352687 -0.935741 0
    outer loop
      vertex -12.1822 14.8204 1.6
      vertex -12.274 14.7858 5.72205e-07
      vertex -12.1822 14.8204 5.72205e-07
    endloop
  endfacet
  facet normal 0.956982 0.290149 0
    outer loop
      vertex -13.1204 12.9178 1.6
      vertex -13.1489 13.0118 5.72205e-07
      vertex -13.1489 13.0118 1.6
    endloop
  endfacet
  facet normal 0.956982 0.290149 0
    outer loop
      vertex -13.1489 13.0118 5.72205e-07
      vertex -13.1204 12.9178 1.6
      vertex -13.1204 12.9178 5.72205e-07
    endloop
  endfacet
  facet normal -0.0326024 0.999468 0
    outer loop
      vertex -11.6019 11.9032 5.72205e-07
      vertex -11.7 11.9 1.6
      vertex -11.6019 11.9032 1.6
    endloop
  endfacet
  facet normal -0.0326024 0.999468 0
    outer loop
      vertex -11.7 11.9 1.6
      vertex -11.6019 11.9032 5.72205e-07
      vertex -11.7 11.9 5.72205e-07
    endloop
  endfacet
  facet normal 0.290149 0.956982 -0
    outer loop
      vertex -12.0882 11.9511 5.72205e-07
      vertex -12.1822 11.9796 1.6
      vertex -12.0882 11.9511 1.6
    endloop
  endfacet
  facet normal 0.290149 0.956982 0
    outer loop
      vertex -12.1822 11.9796 1.6
      vertex -12.0882 11.9511 5.72205e-07
      vertex -12.1822 11.9796 5.72205e-07
    endloop
  endfacet
  facet normal -0.290149 -0.956982 0
    outer loop
      vertex -11.3118 14.8489 5.72205e-07
      vertex -11.2178 14.8204 1.6
      vertex -11.3118 14.8489 1.6
    endloop
  endfacet
  facet normal -0.290149 -0.956982 -0
    outer loop
      vertex -11.2178 14.8204 1.6
      vertex -11.3118 14.8489 5.72205e-07
      vertex -11.2178 14.8204 5.72205e-07
    endloop
  endfacet
  facet normal -0.527616 -0.849483 0
    outer loop
      vertex -10.95 14.699 5.72205e-07
      vertex -10.8666 14.6472 1.6
      vertex -10.95 14.699 1.6
    endloop
  endfacet
  facet normal -0.527616 -0.849483 -0
    outer loop
      vertex -10.8666 14.6472 1.6
      vertex -10.95 14.699 5.72205e-07
      vertex -10.8666 14.6472 5.72205e-07
    endloop
  endfacet
  facet normal 0.471487 -0.881873 0
    outer loop
      vertex -12.45 14.699 5.72205e-07
      vertex -12.3634 14.7453 1.6
      vertex -12.45 14.699 1.6
    endloop
  endfacet
  facet normal 0.471487 -0.881873 0
    outer loop
      vertex -12.3634 14.7453 1.6
      vertex -12.45 14.699 5.72205e-07
      vertex -12.3634 14.7453 5.72205e-07
    endloop
  endfacet
  facet normal 0.0326024 0.999468 -0
    outer loop
      vertex -11.7 11.9 5.72205e-07
      vertex -11.7981 11.9032 1.6
      vertex -11.7 11.9 1.6
    endloop
  endfacet
  facet normal 0.0326024 0.999468 0
    outer loop
      vertex -11.7981 11.9032 1.6
      vertex -11.7 11.9 5.72205e-07
      vertex -11.7981 11.9032 5.72205e-07
    endloop
  endfacet
  facet normal -0.527616 0.849483 0
    outer loop
      vertex -10.8666 12.1528 5.72205e-07
      vertex -10.95 12.101 1.6
      vertex -10.8666 12.1528 1.6
    endloop
  endfacet
  facet normal -0.527616 0.849483 0
    outer loop
      vertex -10.95 12.101 1.6
      vertex -10.8666 12.1528 5.72205e-07
      vertex -10.95 12.101 5.72205e-07
    endloop
  endfacet
  facet normal 0.683297 -0.73014 0
    outer loop
      vertex -12.7607 14.4607 5.72205e-07
      vertex -12.689 14.5278 1.6
      vertex -12.7607 14.4607 1.6
    endloop
  endfacet
  facet normal 0.683297 -0.73014 0
    outer loop
      vertex -12.689 14.5278 1.6
      vertex -12.7607 14.4607 5.72205e-07
      vertex -12.689 14.5278 5.72205e-07
    endloop
  endfacet
  facet normal 0.910889 0.412651 0
    outer loop
      vertex -13.0453 12.7366 1.6
      vertex -13.0858 12.826 5.72205e-07
      vertex -13.0858 12.826 1.6
    endloop
  endfacet
  facet normal 0.910889 0.412651 0
    outer loop
      vertex -13.0858 12.826 5.72205e-07
      vertex -13.0453 12.7366 1.6
      vertex -13.0453 12.7366 5.72205e-07
    endloop
  endfacet
  facet normal 0.163077 -0.986613 0
    outer loop
      vertex -11.9926 14.8712 5.72205e-07
      vertex -11.8958 14.8872 1.6
      vertex -11.9926 14.8712 1.6
    endloop
  endfacet
  facet normal 0.163077 -0.986613 0
    outer loop
      vertex -11.8958 14.8872 1.6
      vertex -11.9926 14.8712 5.72205e-07
      vertex -11.8958 14.8872 5.72205e-07
    endloop
  endfacet
  facet normal -0.683297 -0.73014 0
    outer loop
      vertex -10.711 14.5278 5.72205e-07
      vertex -10.6393 14.4607 1.6
      vertex -10.711 14.5278 1.6
    endloop
  endfacet
  facet normal -0.683297 -0.73014 -0
    outer loop
      vertex -10.6393 14.4607 1.6
      vertex -10.711 14.5278 5.72205e-07
      vertex -10.6393 14.4607 5.72205e-07
    endloop
  endfacet
  facet normal 0.849483 -0.527616 0
    outer loop
      vertex -12.999 14.15 1.6
      vertex -12.9472 14.2334 5.72205e-07
      vertex -12.9472 14.2334 1.6
    endloop
  endfacet
  facet normal 0.849483 -0.527616 0
    outer loop
      vertex -12.9472 14.2334 5.72205e-07
      vertex -12.999 14.15 1.6
      vertex -12.999 14.15 5.72205e-07
    endloop
  endfacet
  facet normal 0.583069 -0.812423 0
    outer loop
      vertex -12.6131 14.59 5.72205e-07
      vertex -12.5334 14.6472 1.6
      vertex -12.6131 14.59 1.6
    endloop
  endfacet
  facet normal 0.583069 -0.812423 0
    outer loop
      vertex -12.5334 14.6472 1.6
      vertex -12.6131 14.59 5.72205e-07
      vertex -12.5334 14.6472 5.72205e-07
    endloop
  endfacet
  facet normal -0.471487 0.881873 0
    outer loop
      vertex -10.95 12.101 5.72205e-07
      vertex -11.0366 12.0547 1.6
      vertex -10.95 12.101 1.6
    endloop
  endfacet
  facet normal -0.471487 0.881873 0
    outer loop
      vertex -11.0366 12.0547 1.6
      vertex -10.95 12.101 5.72205e-07
      vertex -11.0366 12.0547 5.72205e-07
    endloop
  endfacet
  facet normal -0.227165 0.973856 0
    outer loop
      vertex -11.3118 11.9511 5.72205e-07
      vertex -11.4074 11.9288 1.6
      vertex -11.3118 11.9511 1.6
    endloop
  endfacet
  facet normal -0.227165 0.973856 0
    outer loop
      vertex -11.4074 11.9288 1.6
      vertex -11.3118 11.9511 5.72205e-07
      vertex -11.4074 11.9288 5.72205e-07
    endloop
  endfacet
  facet normal -0.881873 -0.471487 0
    outer loop
      vertex -10.3547 14.0634 5.72205e-07
      vertex -10.401 14.15 1.6
      vertex -10.401 14.15 5.72205e-07
    endloop
  endfacet
  facet normal -0.881873 -0.471487 0
    outer loop
      vertex -10.401 14.15 1.6
      vertex -10.3547 14.0634 5.72205e-07
      vertex -10.3547 14.0634 1.6
    endloop
  endfacet
  facet normal -0.352687 0.935741 0
    outer loop
      vertex -11.126 12.0142 5.72205e-07
      vertex -11.2178 11.9796 1.6
      vertex -11.126 12.0142 1.6
    endloop
  endfacet
  facet normal -0.352687 0.935741 0
    outer loop
      vertex -11.2178 11.9796 1.6
      vertex -11.126 12.0142 5.72205e-07
      vertex -11.2178 11.9796 5.72205e-07
    endloop
  endfacet
  facet normal 0.849483 0.527616 0
    outer loop
      vertex -12.9472 12.5666 1.6
      vertex -12.999 12.65 5.72205e-07
      vertex -12.999 12.65 1.6
    endloop
  endfacet
  facet normal 0.849483 0.527616 0
    outer loop
      vertex -12.999 12.65 5.72205e-07
      vertex -12.9472 12.5666 1.6
      vertex -12.9472 12.5666 5.72205e-07
    endloop
  endfacet
  facet normal 0.999468 0.0326024 0
    outer loop
      vertex -13.1968 13.3019 1.6
      vertex -13.2 13.4 5.72205e-07
      vertex -13.2 13.4 1.6
    endloop
  endfacet
  facet normal 0.999468 0.0326024 0
    outer loop
      vertex -13.2 13.4 5.72205e-07
      vertex -13.1968 13.3019 1.6
      vertex -13.1968 13.3019 5.72205e-07
    endloop
  endfacet
  facet normal -0.633848 -0.773458 0
    outer loop
      vertex -10.7869 14.59 5.72205e-07
      vertex -10.711 14.5278 1.6
      vertex -10.7869 14.59 1.6
    endloop
  endfacet
  facet normal -0.633848 -0.773458 -0
    outer loop
      vertex -10.711 14.5278 1.6
      vertex -10.7869 14.59 5.72205e-07
      vertex -10.711 14.5278 5.72205e-07
    endloop
  endfacet
  facet normal 0.633848 -0.773458 0
    outer loop
      vertex -12.689 14.5278 5.72205e-07
      vertex -12.6131 14.59 1.6
      vertex -12.689 14.5278 1.6
    endloop
  endfacet
  facet normal 0.633848 -0.773458 0
    outer loop
      vertex -12.6131 14.59 1.6
      vertex -12.689 14.5278 5.72205e-07
      vertex -12.6131 14.59 5.72205e-07
    endloop
  endfacet
  facet normal 0.527616 -0.849483 0
    outer loop
      vertex -12.5334 14.6472 5.72205e-07
      vertex -12.45 14.699 1.6
      vertex -12.5334 14.6472 1.6
    endloop
  endfacet
  facet normal 0.527616 -0.849483 0
    outer loop
      vertex -12.45 14.699 1.6
      vertex -12.5334 14.6472 5.72205e-07
      vertex -12.45 14.699 5.72205e-07
    endloop
  endfacet
  facet normal -0.999468 -0.0326024 0
    outer loop
      vertex -10.4 5.4 5.72205e-07
      vertex -10.4032 5.4981 1.6
      vertex -10.4032 5.4981 5.72205e-07
    endloop
  endfacet
  facet normal -0.999468 -0.0326024 0
    outer loop
      vertex -10.4032 5.4981 1.6
      vertex -10.4 5.4 5.72205e-07
      vertex -10.4 5.4 1.6
    endloop
  endfacet
  facet normal -0.995206 0.097799 0
    outer loop
      vertex -10.4128 5.20421 5.72205e-07
      vertex -10.4032 5.3019 1.6
      vertex -10.4032 5.3019 5.72205e-07
    endloop
  endfacet
  facet normal -0.995206 0.097799 0
    outer loop
      vertex -10.4032 5.3019 1.6
      vertex -10.4128 5.20421 5.72205e-07
      vertex -10.4128 5.20421 1.6
    endloop
  endfacet
  facet normal -0.999468 0.0326024 0
    outer loop
      vertex -10.4032 5.3019 5.72205e-07
      vertex -10.4 5.4 1.6
      vertex -10.4 5.4 5.72205e-07
    endloop
  endfacet
  facet normal -0.999468 0.0326024 0
    outer loop
      vertex -10.4 5.4 1.6
      vertex -10.4032 5.3019 5.72205e-07
      vertex -10.4032 5.3019 1.6
    endloop
  endfacet
  facet normal -0.986627 0.162995 0
    outer loop
      vertex -10.4288 5.10736 5.72205e-07
      vertex -10.4128 5.20421 1.6
      vertex -10.4128 5.20421 5.72205e-07
    endloop
  endfacet
  facet normal -0.986627 0.162995 0
    outer loop
      vertex -10.4128 5.20421 1.6
      vertex -10.4288 5.10736 5.72205e-07
      vertex -10.4288 5.10736 1.6
    endloop
  endfacet
  facet normal -0.956922 0.290347 0
    outer loop
      vertex -10.4796 4.91784 5.72205e-07
      vertex -10.4511 5.01177 1.6
      vertex -10.4511 5.01177 5.72205e-07
    endloop
  endfacet
  facet normal -0.956922 0.290347 0
    outer loop
      vertex -10.4511 5.01177 1.6
      vertex -10.4796 4.91784 5.72205e-07
      vertex -10.4796 4.91784 1.6
    endloop
  endfacet
  facet normal -0.412736 -0.910851 0
    outer loop
      vertex -11.326 6.78582 5.72205e-07
      vertex -11.2366 6.74531 1.6
      vertex -11.326 6.78582 1.6
    endloop
  endfacet
  facet normal -0.412736 -0.910851 -0
    outer loop
      vertex -11.2366 6.74531 1.6
      vertex -11.326 6.78582 5.72205e-07
      vertex -11.2366 6.74531 5.72205e-07
    endloop
  endfacet
  facet normal -0.634274 0.773108 0
    outer loop
      vertex -10.911 4.27224 5.72205e-07
      vertex -10.9869 4.20997 1.6
      vertex -10.911 4.27224 1.6
    endloop
  endfacet
  facet normal -0.634274 0.773108 0
    outer loop
      vertex -10.9869 4.20997 1.6
      vertex -10.911 4.27224 5.72205e-07
      vertex -10.9869 4.20997 5.72205e-07
    endloop
  endfacet
  facet normal -0.582934 0.812519 0
    outer loop
      vertex -10.9869 4.20997 5.72205e-07
      vertex -11.0666 4.15279 1.6
      vertex -10.9869 4.20997 1.6
    endloop
  endfacet
  facet normal -0.582934 0.812519 0
    outer loop
      vertex -11.0666 4.15279 1.6
      vertex -10.9869 4.20997 5.72205e-07
      vertex -11.0666 4.15279 5.72205e-07
    endloop
  endfacet
  facet normal 0.352419 -0.935842 0
    outer loop
      vertex -12.474 6.78582 5.72205e-07
      vertex -12.3822 6.82039 1.6
      vertex -12.474 6.78582 1.6
    endloop
  endfacet
  facet normal 0.352419 -0.935842 0
    outer loop
      vertex -12.3822 6.82039 1.6
      vertex -12.474 6.78582 5.72205e-07
      vertex -12.3822 6.82039 5.72205e-07
    endloop
  endfacet
  facet normal -0.995206 -0.097799 0
    outer loop
      vertex -10.4032 5.4981 5.72205e-07
      vertex -10.4128 5.59579 1.6
      vertex -10.4128 5.59579 5.72205e-07
    endloop
  endfacet
  facet normal -0.995206 -0.097799 0
    outer loop
      vertex -10.4128 5.59579 1.6
      vertex -10.4032 5.4981 5.72205e-07
      vertex -10.4032 5.4981 1.6
    endloop
  endfacet
  facet normal -0.162977 -0.98663 0
    outer loop
      vertex -11.7042 6.88717 5.72205e-07
      vertex -11.6074 6.87118 1.6
      vertex -11.7042 6.88717 1.6
    endloop
  endfacet
  facet normal -0.162977 -0.98663 -0
    outer loop
      vertex -11.6074 6.87118 1.6
      vertex -11.7042 6.88717 5.72205e-07
      vertex -11.6074 6.87118 5.72205e-07
    endloop
  endfacet
  facet normal -0.0327042 0.999465 0
    outer loop
      vertex -11.8019 3.90321 5.72205e-07
      vertex -11.9 3.9 1.6
      vertex -11.8019 3.90321 1.6
    endloop
  endfacet
  facet normal -0.0327042 0.999465 0
    outer loop
      vertex -11.9 3.9 1.6
      vertex -11.8019 3.90321 5.72205e-07
      vertex -11.9 3.9 5.72205e-07
    endloop
  endfacet
  facet normal -0.683297 0.73014 0
    outer loop
      vertex -10.8393 4.33934 5.72205e-07
      vertex -10.911 4.27224 1.6
      vertex -10.8393 4.33934 1.6
    endloop
  endfacet
  facet normal -0.683297 0.73014 0
    outer loop
      vertex -10.911 4.27224 1.6
      vertex -10.8393 4.33934 5.72205e-07
      vertex -10.911 4.27224 5.72205e-07
    endloop
  endfacet
  facet normal -0.849341 -0.527845 0
    outer loop
      vertex -10.601 6.15 5.72205e-07
      vertex -10.6528 6.23335 1.6
      vertex -10.6528 6.23335 5.72205e-07
    endloop
  endfacet
  facet normal -0.849341 -0.527845 0
    outer loop
      vertex -10.6528 6.23335 1.6
      vertex -10.601 6.15 5.72205e-07
      vertex -10.601 6.15 1.6
    endloop
  endfacet
  facet normal -0.52791 -0.8493 0
    outer loop
      vertex -11.15 6.69904 5.72205e-07
      vertex -11.0666 6.6472 1.6
      vertex -11.15 6.69904 1.6
    endloop
  endfacet
  facet normal -0.52791 -0.8493 -0
    outer loop
      vertex -11.0666 6.6472 1.6
      vertex -11.15 6.69904 5.72205e-07
      vertex -11.0666 6.6472 5.72205e-07
    endloop
  endfacet
  facet normal 0.352508 0.935809 -0
    outer loop
      vertex -12.3822 3.9796 5.72205e-07
      vertex -12.474 4.01418 1.6
      vertex -12.3822 3.9796 1.6
    endloop
  endfacet
  facet normal 0.352508 0.935809 0
    outer loop
      vertex -12.474 4.01418 1.6
      vertex -12.3822 3.9796 5.72205e-07
      vertex -12.474 4.01418 5.72205e-07
    endloop
  endfacet
  facet normal 0.93583 0.352452 0
    outer loop
      vertex -13.2858 4.82597 1.6
      vertex -13.3204 4.91784 5.72205e-07
      vertex -13.3204 4.91784 1.6
    endloop
  endfacet
  facet normal 0.93583 0.352452 0
    outer loop
      vertex -13.3204 4.91784 5.72205e-07
      vertex -13.2858 4.82597 1.6
      vertex -13.2858 4.82597 5.72205e-07
    endloop
  endfacet
  facet normal 0.412736 -0.910851 0
    outer loop
      vertex -12.5634 6.74531 5.72205e-07
      vertex -12.474 6.78582 1.6
      vertex -12.5634 6.74531 1.6
    endloop
  endfacet
  facet normal 0.412736 -0.910851 0
    outer loop
      vertex -12.474 6.78582 1.6
      vertex -12.5634 6.74531 5.72205e-07
      vertex -12.474 6.78582 5.72205e-07
    endloop
  endfacet
  facet normal -0.412736 0.910851 0
    outer loop
      vertex -11.2366 4.05469 5.72205e-07
      vertex -11.326 4.01418 1.6
      vertex -11.2366 4.05469 1.6
    endloop
  endfacet
  facet normal -0.412736 0.910851 0
    outer loop
      vertex -11.326 4.01418 1.6
      vertex -11.2366 4.05469 5.72205e-07
      vertex -11.326 4.01418 5.72205e-07
    endloop
  endfacet
  facet normal -0.0979908 -0.995187 0
    outer loop
      vertex -11.8019 6.89679 5.72205e-07
      vertex -11.7042 6.88717 1.6
      vertex -11.8019 6.89679 1.6
    endloop
  endfacet
  facet normal -0.0979908 -0.995187 -0
    outer loop
      vertex -11.7042 6.88717 1.6
      vertex -11.8019 6.89679 5.72205e-07
      vertex -11.7042 6.88717 5.72205e-07
    endloop
  endfacet
  facet normal 0.956922 -0.290347 0
    outer loop
      vertex -13.3489 5.78823 1.6
      vertex -13.3204 5.88216 5.72205e-07
      vertex -13.3204 5.88216 1.6
    endloop
  endfacet
  facet normal 0.956922 -0.290347 0
    outer loop
      vertex -13.3204 5.88216 5.72205e-07
      vertex -13.3489 5.78823 1.6
      vertex -13.3489 5.78823 5.72205e-07
    endloop
  endfacet
  facet normal 0.634274 -0.773108 0
    outer loop
      vertex -12.889 6.52776 5.72205e-07
      vertex -12.8131 6.59003 1.6
      vertex -12.889 6.52776 1.6
    endloop
  endfacet
  facet normal 0.634274 -0.773108 0
    outer loop
      vertex -12.8131 6.59003 1.6
      vertex -12.889 6.52776 5.72205e-07
      vertex -12.8131 6.59003 5.72205e-07
    endloop
  endfacet
  facet normal 0.290055 0.95701 -0
    outer loop
      vertex -12.2882 3.95111 5.72205e-07
      vertex -12.3822 3.9796 1.6
      vertex -12.2882 3.95111 1.6
    endloop
  endfacet
  facet normal 0.290055 0.95701 0
    outer loop
      vertex -12.3822 3.9796 1.6
      vertex -12.2882 3.95111 5.72205e-07
      vertex -12.3822 3.9796 5.72205e-07
    endloop
  endfacet
  facet normal 0.973851 0.227188 0
    outer loop
      vertex -13.3489 5.01177 1.6
      vertex -13.3712 5.10736 5.72205e-07
      vertex -13.3712 5.10736 1.6
    endloop
  endfacet
  facet normal 0.973851 0.227188 0
    outer loop
      vertex -13.3712 5.10736 5.72205e-07
      vertex -13.3489 5.01177 1.6
      vertex -13.3489 5.01177 5.72205e-07
    endloop
  endfacet
  facet normal 0.290149 -0.956982 0
    outer loop
      vertex -12.3822 6.82039 5.72205e-07
      vertex -12.2882 6.84889 1.6
      vertex -12.3822 6.82039 1.6
    endloop
  endfacet
  facet normal 0.290149 -0.956982 0
    outer loop
      vertex -12.2882 6.84889 1.6
      vertex -12.3822 6.82039 5.72205e-07
      vertex -12.2882 6.84889 5.72205e-07
    endloop
  endfacet
  facet normal -0.986624 -0.163011 0
    outer loop
      vertex -10.4128 5.59579 5.72205e-07
      vertex -10.4288 5.69263 1.6
      vertex -10.4288 5.69263 5.72205e-07
    endloop
  endfacet
  facet normal -0.986624 -0.163011 0
    outer loop
      vertex -10.4288 5.69263 1.6
      vertex -10.4128 5.59579 5.72205e-07
      vertex -10.4128 5.59579 1.6
    endloop
  endfacet
  facet normal -0.849369 0.527799 0
    outer loop
      vertex -10.6528 4.56664 5.72205e-07
      vertex -10.601 4.65 1.6
      vertex -10.601 4.65 5.72205e-07
    endloop
  endfacet
  facet normal -0.849369 0.527799 0
    outer loop
      vertex -10.601 4.65 1.6
      vertex -10.6528 4.56664 5.72205e-07
      vertex -10.6528 4.56664 1.6
    endloop
  endfacet
  facet normal 0.881805 -0.471614 0
    outer loop
      vertex -13.2453 6.06343 1.6
      vertex -13.199 6.15 5.72205e-07
      vertex -13.199 6.15 1.6
    endloop
  endfacet
  facet normal 0.881805 -0.471614 0
    outer loop
      vertex -13.199 6.15 5.72205e-07
      vertex -13.2453 6.06343 1.6
      vertex -13.2453 6.06343 5.72205e-07
    endloop
  endfacet
  facet normal -0.729855 -0.683602 0
    outer loop
      vertex -10.7722 6.38902 5.72205e-07
      vertex -10.8393 6.46066 1.6
      vertex -10.8393 6.46066 5.72205e-07
    endloop
  endfacet
  facet normal -0.729855 -0.683602 0
    outer loop
      vertex -10.8393 6.46066 1.6
      vertex -10.7722 6.38902 5.72205e-07
      vertex -10.7722 6.38902 1.6
    endloop
  endfacet
  facet normal 0.995206 0.097799 0
    outer loop
      vertex -13.3872 5.20421 1.6
      vertex -13.3968 5.3019 5.72205e-07
      vertex -13.3968 5.3019 1.6
    endloop
  endfacet
  facet normal 0.995206 0.097799 0
    outer loop
      vertex -13.3968 5.3019 5.72205e-07
      vertex -13.3872 5.20421 1.6
      vertex -13.3872 5.20421 5.72205e-07
    endloop
  endfacet
  facet normal -0.352419 -0.935842 0
    outer loop
      vertex -11.4178 6.82039 5.72205e-07
      vertex -11.326 6.78582 1.6
      vertex -11.4178 6.82039 1.6
    endloop
  endfacet
  facet normal -0.352419 -0.935842 -0
    outer loop
      vertex -11.326 6.78582 1.6
      vertex -11.4178 6.82039 5.72205e-07
      vertex -11.326 6.78582 5.72205e-07
    endloop
  endfacet
  facet normal -0.8127 0.582683 0
    outer loop
      vertex -10.71 4.48686 5.72205e-07
      vertex -10.6528 4.56664 1.6
      vertex -10.6528 4.56664 5.72205e-07
    endloop
  endfacet
  facet normal -0.8127 0.582683 0
    outer loop
      vertex -10.6528 4.56664 1.6
      vertex -10.71 4.48686 5.72205e-07
      vertex -10.71 4.48686 1.6
    endloop
  endfacet
  facet normal 0.935817 -0.352485 0
    outer loop
      vertex -13.3204 5.88216 1.6
      vertex -13.2858 5.97402 5.72205e-07
      vertex -13.2858 5.97402 1.6
    endloop
  endfacet
  facet normal 0.935817 -0.352485 0
    outer loop
      vertex -13.2858 5.97402 5.72205e-07
      vertex -13.3204 5.88216 1.6
      vertex -13.3204 5.88216 5.72205e-07
    endloop
  endfacet
  facet normal 0.162977 0.98663 -0
    outer loop
      vertex -12.0958 3.91283 5.72205e-07
      vertex -12.1926 3.92882 1.6
      vertex -12.0958 3.91283 1.6
    endloop
  endfacet
  facet normal 0.162977 0.98663 0
    outer loop
      vertex -12.1926 3.92882 1.6
      vertex -12.0958 3.91283 5.72205e-07
      vertex -12.1926 3.92882 5.72205e-07
    endloop
  endfacet
  facet normal 0.527837 0.849346 -0
    outer loop
      vertex -12.65 4.10096 5.72205e-07
      vertex -12.7334 4.15279 1.6
      vertex -12.65 4.10096 1.6
    endloop
  endfacet
  facet normal 0.527837 0.849346 0
    outer loop
      vertex -12.7334 4.15279 1.6
      vertex -12.65 4.10096 5.72205e-07
      vertex -12.7334 4.15279 5.72205e-07
    endloop
  endfacet
  facet normal 0.0979908 -0.995187 0
    outer loop
      vertex -12.0958 6.88717 5.72205e-07
      vertex -11.9981 6.89679 1.6
      vertex -12.0958 6.88717 1.6
    endloop
  endfacet
  facet normal 0.0979908 -0.995187 0
    outer loop
      vertex -11.9981 6.89679 1.6
      vertex -12.0958 6.88717 5.72205e-07
      vertex -11.9981 6.89679 5.72205e-07
    endloop
  endfacet
  facet normal -0.973851 0.227188 0
    outer loop
      vertex -10.4511 5.01177 5.72205e-07
      vertex -10.4288 5.10736 1.6
      vertex -10.4288 5.10736 5.72205e-07
    endloop
  endfacet
  facet normal -0.973851 0.227188 0
    outer loop
      vertex -10.4288 5.10736 1.6
      vertex -10.4511 5.01177 5.72205e-07
      vertex -10.4511 5.01177 1.6
    endloop
  endfacet
  facet normal -0.812734 -0.582634 0
    outer loop
      vertex -10.6528 6.23335 5.72205e-07
      vertex -10.71 6.31314 1.6
      vertex -10.71 6.31314 5.72205e-07
    endloop
  endfacet
  facet normal -0.812734 -0.582634 0
    outer loop
      vertex -10.71 6.31314 1.6
      vertex -10.6528 6.23335 5.72205e-07
      vertex -10.6528 6.23335 1.6
    endloop
  endfacet
  facet normal 0.0979908 0.995187 -0
    outer loop
      vertex -11.9981 3.90321 5.72205e-07
      vertex -12.0958 3.91283 1.6
      vertex -11.9981 3.90321 1.6
    endloop
  endfacet
  facet normal 0.0979908 0.995187 0
    outer loop
      vertex -12.0958 3.91283 1.6
      vertex -11.9981 3.90321 5.72205e-07
      vertex -12.0958 3.91283 5.72205e-07
    endloop
  endfacet
  facet normal 0.634274 0.773108 -0
    outer loop
      vertex -12.8131 4.20997 5.72205e-07
      vertex -12.889 4.27224 1.6
      vertex -12.8131 4.20997 1.6
    endloop
  endfacet
  facet normal 0.634274 0.773108 0
    outer loop
      vertex -12.889 4.27224 1.6
      vertex -12.8131 4.20997 5.72205e-07
      vertex -12.889 4.27224 5.72205e-07
    endloop
  endfacet
  facet normal 0.0327042 0.999465 -0
    outer loop
      vertex -11.9 3.9 5.72205e-07
      vertex -11.9981 3.90321 1.6
      vertex -11.9 3.9 1.6
    endloop
  endfacet
  facet normal 0.0327042 0.999465 0
    outer loop
      vertex -11.9981 3.90321 1.6
      vertex -11.9 3.9 5.72205e-07
      vertex -11.9981 3.90321 5.72205e-07
    endloop
  endfacet
  facet normal -0.881805 -0.471614 0
    outer loop
      vertex -10.5547 6.06343 5.72205e-07
      vertex -10.601 6.15 1.6
      vertex -10.601 6.15 5.72205e-07
    endloop
  endfacet
  facet normal -0.881805 -0.471614 0
    outer loop
      vertex -10.601 6.15 1.6
      vertex -10.5547 6.06343 5.72205e-07
      vertex -10.5547 6.06343 1.6
    endloop
  endfacet
  facet normal 0.582934 0.812519 -0
    outer loop
      vertex -12.7334 4.15279 5.72205e-07
      vertex -12.8131 4.20997 1.6
      vertex -12.7334 4.15279 1.6
    endloop
  endfacet
  facet normal 0.582934 0.812519 0
    outer loop
      vertex -12.8131 4.20997 1.6
      vertex -12.7334 4.15279 5.72205e-07
      vertex -12.8131 4.20997 5.72205e-07
    endloop
  endfacet
  facet normal -0.935817 -0.352485 0
    outer loop
      vertex -10.4796 5.88216 5.72205e-07
      vertex -10.5142 5.97402 1.6
      vertex -10.5142 5.97402 5.72205e-07
    endloop
  endfacet
  facet normal -0.935817 -0.352485 0
    outer loop
      vertex -10.5142 5.97402 1.6
      vertex -10.4796 5.88216 5.72205e-07
      vertex -10.4796 5.88216 1.6
    endloop
  endfacet
  facet normal 0.729855 0.683602 0
    outer loop
      vertex -12.9607 4.33934 1.6
      vertex -13.0278 4.41098 5.72205e-07
      vertex -13.0278 4.41098 1.6
    endloop
  endfacet
  facet normal 0.729855 0.683602 0
    outer loop
      vertex -13.0278 4.41098 5.72205e-07
      vertex -12.9607 4.33934 1.6
      vertex -12.9607 4.33934 5.72205e-07
    endloop
  endfacet
  facet normal -0.881805 0.471614 0
    outer loop
      vertex -10.601 4.65 5.72205e-07
      vertex -10.5547 4.73657 1.6
      vertex -10.5547 4.73657 5.72205e-07
    endloop
  endfacet
  facet normal -0.881805 0.471614 0
    outer loop
      vertex -10.5547 4.73657 1.6
      vertex -10.601 4.65 5.72205e-07
      vertex -10.601 4.65 1.6
    endloop
  endfacet
  facet normal -0.290055 0.95701 0
    outer loop
      vertex -11.4178 3.9796 5.72205e-07
      vertex -11.5118 3.95111 1.6
      vertex -11.4178 3.9796 1.6
    endloop
  endfacet
  facet normal -0.290055 0.95701 0
    outer loop
      vertex -11.5118 3.95111 1.6
      vertex -11.4178 3.9796 5.72205e-07
      vertex -11.5118 3.95111 5.72205e-07
    endloop
  endfacet
  facet normal 0.986624 -0.163011 0
    outer loop
      vertex -13.3872 5.59579 1.6
      vertex -13.3712 5.69263 5.72205e-07
      vertex -13.3712 5.69263 1.6
    endloop
  endfacet
  facet normal 0.986624 -0.163011 0
    outer loop
      vertex -13.3712 5.69263 5.72205e-07
      vertex -13.3872 5.59579 1.6
      vertex -13.3872 5.59579 5.72205e-07
    endloop
  endfacet
  facet normal -0.910889 0.412651 0
    outer loop
      vertex -10.5547 4.73657 5.72205e-07
      vertex -10.5142 4.82597 1.6
      vertex -10.5142 4.82597 5.72205e-07
    endloop
  endfacet
  facet normal -0.910889 0.412651 0
    outer loop
      vertex -10.5142 4.82597 1.6
      vertex -10.5547 4.73657 5.72205e-07
      vertex -10.5547 4.73657 1.6
    endloop
  endfacet
  facet normal -0.227069 -0.973879 0
    outer loop
      vertex -11.6074 6.87118 5.72205e-07
      vertex -11.5118 6.84889 1.6
      vertex -11.6074 6.87118 1.6
    endloop
  endfacet
  facet normal -0.227069 -0.973879 -0
    outer loop
      vertex -11.5118 6.84889 1.6
      vertex -11.6074 6.87118 5.72205e-07
      vertex -11.5118 6.84889 5.72205e-07
    endloop
  endfacet
  facet normal 0.881805 0.471614 0
    outer loop
      vertex -13.199 4.65 1.6
      vertex -13.2453 4.73657 5.72205e-07
      vertex -13.2453 4.73657 1.6
    endloop
  endfacet
  facet normal 0.881805 0.471614 0
    outer loop
      vertex -13.2453 4.73657 5.72205e-07
      vertex -13.199 4.65 1.6
      vertex -13.199 4.65 5.72205e-07
    endloop
  endfacet
  facet normal -0.634274 -0.773108 0
    outer loop
      vertex -10.9869 6.59003 5.72205e-07
      vertex -10.911 6.52776 1.6
      vertex -10.9869 6.59003 1.6
    endloop
  endfacet
  facet normal -0.634274 -0.773108 -0
    outer loop
      vertex -10.911 6.52776 1.6
      vertex -10.9869 6.59003 5.72205e-07
      vertex -10.911 6.52776 5.72205e-07
    endloop
  endfacet
  facet normal 0.471249 0.882 -0
    outer loop
      vertex -12.5634 4.05469 5.72205e-07
      vertex -12.65 4.10096 1.6
      vertex -12.5634 4.05469 1.6
    endloop
  endfacet
  facet normal 0.471249 0.882 0
    outer loop
      vertex -12.65 4.10096 1.6
      vertex -12.5634 4.05469 5.72205e-07
      vertex -12.65 4.10096 5.72205e-07
    endloop
  endfacet
  facet normal -0.773376 0.633948 0
    outer loop
      vertex -10.7722 4.41098 5.72205e-07
      vertex -10.71 4.48686 1.6
      vertex -10.71 4.48686 5.72205e-07
    endloop
  endfacet
  facet normal -0.773376 0.633948 0
    outer loop
      vertex -10.71 4.48686 1.6
      vertex -10.7722 4.41098 5.72205e-07
      vertex -10.7722 4.41098 1.6
    endloop
  endfacet
  facet normal -0.471249 -0.882 0
    outer loop
      vertex -11.2366 6.74531 5.72205e-07
      vertex -11.15 6.69904 1.6
      vertex -11.2366 6.74531 1.6
    endloop
  endfacet
  facet normal -0.471249 -0.882 -0
    outer loop
      vertex -11.15 6.69904 1.6
      vertex -11.2366 6.74531 5.72205e-07
      vertex -11.15 6.69904 5.72205e-07
    endloop
  endfacet
  facet normal 0.412736 0.910851 -0
    outer loop
      vertex -12.474 4.01418 5.72205e-07
      vertex -12.5634 4.05469 1.6
      vertex -12.474 4.01418 1.6
    endloop
  endfacet
  facet normal 0.412736 0.910851 0
    outer loop
      vertex -12.5634 4.05469 1.6
      vertex -12.474 4.01418 5.72205e-07
      vertex -12.5634 4.05469 5.72205e-07
    endloop
  endfacet
  facet normal 0.227069 0.973879 -0
    outer loop
      vertex -12.1926 3.92882 5.72205e-07
      vertex -12.2882 3.95111 1.6
      vertex -12.1926 3.92882 1.6
    endloop
  endfacet
  facet normal 0.227069 0.973879 0
    outer loop
      vertex -12.2882 3.95111 1.6
      vertex -12.1926 3.92882 5.72205e-07
      vertex -12.2882 3.95111 5.72205e-07
    endloop
  endfacet
  facet normal -0.0979908 0.995187 0
    outer loop
      vertex -11.7042 3.91283 5.72205e-07
      vertex -11.8019 3.90321 1.6
      vertex -11.7042 3.91283 1.6
    endloop
  endfacet
  facet normal -0.0979908 0.995187 0
    outer loop
      vertex -11.8019 3.90321 1.6
      vertex -11.7042 3.91283 5.72205e-07
      vertex -11.8019 3.90321 5.72205e-07
    endloop
  endfacet
  facet normal 0.849369 0.527799 0
    outer loop
      vertex -13.1472 4.56664 1.6
      vertex -13.199 4.65 5.72205e-07
      vertex -13.199 4.65 1.6
    endloop
  endfacet
  facet normal 0.849369 0.527799 0
    outer loop
      vertex -13.199 4.65 5.72205e-07
      vertex -13.1472 4.56664 1.6
      vertex -13.1472 4.56664 5.72205e-07
    endloop
  endfacet
  facet normal 0.729855 -0.683602 0
    outer loop
      vertex -13.0278 6.38902 1.6
      vertex -12.9607 6.46066 5.72205e-07
      vertex -12.9607 6.46066 1.6
    endloop
  endfacet
  facet normal 0.729855 -0.683602 0
    outer loop
      vertex -12.9607 6.46066 5.72205e-07
      vertex -13.0278 6.38902 1.6
      vertex -13.0278 6.38902 5.72205e-07
    endloop
  endfacet
  facet normal 0.973856 -0.227165 0
    outer loop
      vertex -13.3712 5.69263 1.6
      vertex -13.3489 5.78823 5.72205e-07
      vertex -13.3489 5.78823 1.6
    endloop
  endfacet
  facet normal 0.973856 -0.227165 0
    outer loop
      vertex -13.3489 5.78823 5.72205e-07
      vertex -13.3712 5.69263 1.6
      vertex -13.3712 5.69263 5.72205e-07
    endloop
  endfacet
  facet normal 0.0327042 -0.999465 0
    outer loop
      vertex -11.9981 6.89679 5.72205e-07
      vertex -11.9 6.9 1.6
      vertex -11.9981 6.89679 1.6
    endloop
  endfacet
  facet normal 0.0327042 -0.999465 0
    outer loop
      vertex -11.9 6.9 1.6
      vertex -11.9981 6.89679 5.72205e-07
      vertex -11.9 6.9 5.72205e-07
    endloop
  endfacet
  facet normal 0.812734 -0.582634 0
    outer loop
      vertex -13.1472 6.23335 1.6
      vertex -13.09 6.31314 5.72205e-07
      vertex -13.09 6.31314 1.6
    endloop
  endfacet
  facet normal 0.812734 -0.582634 0
    outer loop
      vertex -13.09 6.31314 5.72205e-07
      vertex -13.1472 6.23335 1.6
      vertex -13.1472 6.23335 5.72205e-07
    endloop
  endfacet
  facet normal -0.93583 0.352452 0
    outer loop
      vertex -10.5142 4.82597 5.72205e-07
      vertex -10.4796 4.91784 1.6
      vertex -10.4796 4.91784 5.72205e-07
    endloop
  endfacet
  facet normal -0.93583 0.352452 0
    outer loop
      vertex -10.4796 4.91784 1.6
      vertex -10.5142 4.82597 5.72205e-07
      vertex -10.5142 4.82597 1.6
    endloop
  endfacet
  facet normal -0.352508 0.935809 0
    outer loop
      vertex -11.326 4.01418 5.72205e-07
      vertex -11.4178 3.9796 1.6
      vertex -11.326 4.01418 1.6
    endloop
  endfacet
  facet normal -0.352508 0.935809 0
    outer loop
      vertex -11.4178 3.9796 1.6
      vertex -11.326 4.01418 5.72205e-07
      vertex -11.4178 3.9796 5.72205e-07
    endloop
  endfacet
  facet normal -0.162977 0.98663 0
    outer loop
      vertex -11.6074 3.92882 5.72205e-07
      vertex -11.7042 3.91283 1.6
      vertex -11.6074 3.92882 1.6
    endloop
  endfacet
  facet normal -0.162977 0.98663 0
    outer loop
      vertex -11.7042 3.91283 1.6
      vertex -11.6074 3.92882 5.72205e-07
      vertex -11.7042 3.91283 5.72205e-07
    endloop
  endfacet
  facet normal -0.0327042 -0.999465 0
    outer loop
      vertex -11.9 6.9 5.72205e-07
      vertex -11.8019 6.89679 1.6
      vertex -11.9 6.9 1.6
    endloop
  endfacet
  facet normal -0.0327042 -0.999465 -0
    outer loop
      vertex -11.8019 6.89679 1.6
      vertex -11.9 6.9 5.72205e-07
      vertex -11.8019 6.89679 5.72205e-07
    endloop
  endfacet
  facet normal -0.973856 -0.227165 0
    outer loop
      vertex -10.4288 5.69263 5.72205e-07
      vertex -10.4511 5.78823 1.6
      vertex -10.4511 5.78823 5.72205e-07
    endloop
  endfacet
  facet normal -0.973856 -0.227165 0
    outer loop
      vertex -10.4511 5.78823 1.6
      vertex -10.4288 5.69263 5.72205e-07
      vertex -10.4288 5.69263 1.6
    endloop
  endfacet
  facet normal 0.683297 0.73014 -0
    outer loop
      vertex -12.889 4.27224 5.72205e-07
      vertex -12.9607 4.33934 1.6
      vertex -12.889 4.27224 1.6
    endloop
  endfacet
  facet normal 0.683297 0.73014 0
    outer loop
      vertex -12.9607 4.33934 1.6
      vertex -12.889 4.27224 5.72205e-07
      vertex -12.9607 4.33934 5.72205e-07
    endloop
  endfacet
  facet normal -0.956922 -0.290347 0
    outer loop
      vertex -10.4511 5.78823 5.72205e-07
      vertex -10.4796 5.88216 1.6
      vertex -10.4796 5.88216 5.72205e-07
    endloop
  endfacet
  facet normal -0.956922 -0.290347 0
    outer loop
      vertex -10.4796 5.88216 1.6
      vertex -10.4511 5.78823 5.72205e-07
      vertex -10.4511 5.78823 1.6
    endloop
  endfacet
  facet normal -0.290149 -0.956982 0
    outer loop
      vertex -11.5118 6.84889 5.72205e-07
      vertex -11.4178 6.82039 1.6
      vertex -11.5118 6.84889 1.6
    endloop
  endfacet
  facet normal -0.290149 -0.956982 -0
    outer loop
      vertex -11.4178 6.82039 1.6
      vertex -11.5118 6.84889 5.72205e-07
      vertex -11.4178 6.82039 5.72205e-07
    endloop
  endfacet
  facet normal -0.773376 -0.633948 0
    outer loop
      vertex -10.71 6.31314 5.72205e-07
      vertex -10.7722 6.38902 1.6
      vertex -10.7722 6.38902 5.72205e-07
    endloop
  endfacet
  facet normal -0.773376 -0.633948 0
    outer loop
      vertex -10.7722 6.38902 1.6
      vertex -10.71 6.31314 5.72205e-07
      vertex -10.71 6.31314 1.6
    endloop
  endfacet
  facet normal 0.999468 0.0326024 0
    outer loop
      vertex -13.3968 5.3019 1.6
      vertex -13.4 5.4 5.72205e-07
      vertex -13.4 5.4 1.6
    endloop
  endfacet
  facet normal 0.999468 0.0326024 0
    outer loop
      vertex -13.4 5.4 5.72205e-07
      vertex -13.3968 5.3019 1.6
      vertex -13.3968 5.3019 5.72205e-07
    endloop
  endfacet
  facet normal -0.910906 -0.412613 0
    outer loop
      vertex -10.5142 5.97402 5.72205e-07
      vertex -10.5547 6.06343 1.6
      vertex -10.5547 6.06343 5.72205e-07
    endloop
  endfacet
  facet normal -0.910906 -0.412613 0
    outer loop
      vertex -10.5547 6.06343 1.6
      vertex -10.5142 5.97402 5.72205e-07
      vertex -10.5142 5.97402 1.6
    endloop
  endfacet
  facet normal 0.910906 -0.412613 0
    outer loop
      vertex -13.2858 5.97402 1.6
      vertex -13.2453 6.06343 5.72205e-07
      vertex -13.2453 6.06343 1.6
    endloop
  endfacet
  facet normal 0.910906 -0.412613 0
    outer loop
      vertex -13.2453 6.06343 5.72205e-07
      vertex -13.2858 5.97402 1.6
      vertex -13.2858 5.97402 5.72205e-07
    endloop
  endfacet
  facet normal 0.8127 0.582683 0
    outer loop
      vertex -13.09 4.48686 1.6
      vertex -13.1472 4.56664 5.72205e-07
      vertex -13.1472 4.56664 1.6
    endloop
  endfacet
  facet normal 0.8127 0.582683 0
    outer loop
      vertex -13.1472 4.56664 5.72205e-07
      vertex -13.09 4.48686 1.6
      vertex -13.09 4.48686 5.72205e-07
    endloop
  endfacet
  facet normal 0.995206 -0.097799 0
    outer loop
      vertex -13.3968 5.4981 1.6
      vertex -13.3872 5.59579 5.72205e-07
      vertex -13.3872 5.59579 1.6
    endloop
  endfacet
  facet normal 0.995206 -0.097799 0
    outer loop
      vertex -13.3872 5.59579 5.72205e-07
      vertex -13.3968 5.4981 1.6
      vertex -13.3968 5.4981 5.72205e-07
    endloop
  endfacet
  facet normal -0.729855 0.683602 0
    outer loop
      vertex -10.8393 4.33934 5.72205e-07
      vertex -10.7722 4.41098 1.6
      vertex -10.7722 4.41098 5.72205e-07
    endloop
  endfacet
  facet normal -0.729855 0.683602 0
    outer loop
      vertex -10.7722 4.41098 1.6
      vertex -10.8393 4.33934 5.72205e-07
      vertex -10.8393 4.33934 1.6
    endloop
  endfacet
  facet normal 0.999468 -0.0326024 0
    outer loop
      vertex -13.4 5.4 1.6
      vertex -13.3968 5.4981 5.72205e-07
      vertex -13.3968 5.4981 1.6
    endloop
  endfacet
  facet normal 0.999468 -0.0326024 0
    outer loop
      vertex -13.3968 5.4981 5.72205e-07
      vertex -13.4 5.4 1.6
      vertex -13.4 5.4 5.72205e-07
    endloop
  endfacet
  facet normal 0.986627 0.162995 0
    outer loop
      vertex -13.3712 5.10736 1.6
      vertex -13.3872 5.20421 5.72205e-07
      vertex -13.3872 5.20421 1.6
    endloop
  endfacet
  facet normal 0.986627 0.162995 0
    outer loop
      vertex -13.3872 5.20421 5.72205e-07
      vertex -13.3712 5.10736 1.6
      vertex -13.3712 5.10736 5.72205e-07
    endloop
  endfacet
  facet normal 0.773376 -0.633948 0
    outer loop
      vertex -13.09 6.31314 1.6
      vertex -13.0278 6.38902 5.72205e-07
      vertex -13.0278 6.38902 1.6
    endloop
  endfacet
  facet normal 0.773376 -0.633948 0
    outer loop
      vertex -13.0278 6.38902 5.72205e-07
      vertex -13.09 6.31314 1.6
      vertex -13.09 6.31314 5.72205e-07
    endloop
  endfacet
  facet normal 0.683297 -0.73014 0
    outer loop
      vertex -12.9607 6.46066 5.72205e-07
      vertex -12.889 6.52776 1.6
      vertex -12.9607 6.46066 1.6
    endloop
  endfacet
  facet normal 0.683297 -0.73014 0
    outer loop
      vertex -12.889 6.52776 1.6
      vertex -12.9607 6.46066 5.72205e-07
      vertex -12.889 6.52776 5.72205e-07
    endloop
  endfacet
  facet normal 0.471249 -0.882 0
    outer loop
      vertex -12.65 6.69904 5.72205e-07
      vertex -12.5634 6.74531 1.6
      vertex -12.65 6.69904 1.6
    endloop
  endfacet
  facet normal 0.471249 -0.882 0
    outer loop
      vertex -12.5634 6.74531 1.6
      vertex -12.65 6.69904 5.72205e-07
      vertex -12.5634 6.74531 5.72205e-07
    endloop
  endfacet
  facet normal -0.527837 0.849346 0
    outer loop
      vertex -11.0666 4.15279 5.72205e-07
      vertex -11.15 4.10096 1.6
      vertex -11.0666 4.15279 1.6
    endloop
  endfacet
  facet normal -0.527837 0.849346 0
    outer loop
      vertex -11.15 4.10096 1.6
      vertex -11.0666 4.15279 5.72205e-07
      vertex -11.15 4.10096 5.72205e-07
    endloop
  endfacet
  facet normal 0.227069 -0.973879 0
    outer loop
      vertex -12.2882 6.84889 5.72205e-07
      vertex -12.1926 6.87118 1.6
      vertex -12.2882 6.84889 1.6
    endloop
  endfacet
  facet normal 0.227069 -0.973879 0
    outer loop
      vertex -12.1926 6.87118 1.6
      vertex -12.2882 6.84889 5.72205e-07
      vertex -12.1926 6.87118 5.72205e-07
    endloop
  endfacet
  facet normal -0.227069 0.973879 0
    outer loop
      vertex -11.5118 3.95111 5.72205e-07
      vertex -11.6074 3.92882 1.6
      vertex -11.5118 3.95111 1.6
    endloop
  endfacet
  facet normal -0.227069 0.973879 0
    outer loop
      vertex -11.6074 3.92882 1.6
      vertex -11.5118 3.95111 5.72205e-07
      vertex -11.6074 3.92882 5.72205e-07
    endloop
  endfacet
  facet normal 0.773376 0.633948 0
    outer loop
      vertex -13.0278 4.41098 1.6
      vertex -13.09 4.48686 5.72205e-07
      vertex -13.09 4.48686 1.6
    endloop
  endfacet
  facet normal 0.773376 0.633948 0
    outer loop
      vertex -13.09 4.48686 5.72205e-07
      vertex -13.0278 4.41098 1.6
      vertex -13.0278 4.41098 5.72205e-07
    endloop
  endfacet
  facet normal 0.162977 -0.98663 0
    outer loop
      vertex -12.1926 6.87118 5.72205e-07
      vertex -12.0958 6.88717 1.6
      vertex -12.1926 6.87118 1.6
    endloop
  endfacet
  facet normal 0.162977 -0.98663 0
    outer loop
      vertex -12.0958 6.88717 1.6
      vertex -12.1926 6.87118 5.72205e-07
      vertex -12.0958 6.88717 5.72205e-07
    endloop
  endfacet
  facet normal -0.683297 -0.73014 0
    outer loop
      vertex -10.911 6.52776 5.72205e-07
      vertex -10.8393 6.46066 1.6
      vertex -10.911 6.52776 1.6
    endloop
  endfacet
  facet normal -0.683297 -0.73014 -0
    outer loop
      vertex -10.8393 6.46066 1.6
      vertex -10.911 6.52776 5.72205e-07
      vertex -10.8393 6.46066 5.72205e-07
    endloop
  endfacet
  facet normal -0.471249 0.882 0
    outer loop
      vertex -11.15 4.10096 5.72205e-07
      vertex -11.2366 4.05469 1.6
      vertex -11.15 4.10096 1.6
    endloop
  endfacet
  facet normal -0.471249 0.882 0
    outer loop
      vertex -11.2366 4.05469 1.6
      vertex -11.15 4.10096 5.72205e-07
      vertex -11.2366 4.05469 5.72205e-07
    endloop
  endfacet
  facet normal 0.849341 -0.527845 0
    outer loop
      vertex -13.199 6.15 1.6
      vertex -13.1472 6.23335 5.72205e-07
      vertex -13.1472 6.23335 1.6
    endloop
  endfacet
  facet normal 0.849341 -0.527845 0
    outer loop
      vertex -13.1472 6.23335 5.72205e-07
      vertex -13.199 6.15 1.6
      vertex -13.199 6.15 5.72205e-07
    endloop
  endfacet
  facet normal -0.582867 -0.812568 0
    outer loop
      vertex -11.0666 6.6472 5.72205e-07
      vertex -10.9869 6.59003 1.6
      vertex -11.0666 6.6472 1.6
    endloop
  endfacet
  facet normal -0.582867 -0.812568 -0
    outer loop
      vertex -10.9869 6.59003 1.6
      vertex -11.0666 6.6472 5.72205e-07
      vertex -10.9869 6.59003 5.72205e-07
    endloop
  endfacet
  facet normal 0.956922 0.290347 0
    outer loop
      vertex -13.3204 4.91784 1.6
      vertex -13.3489 5.01177 5.72205e-07
      vertex -13.3489 5.01177 1.6
    endloop
  endfacet
  facet normal 0.956922 0.290347 0
    outer loop
      vertex -13.3489 5.01177 5.72205e-07
      vertex -13.3204 4.91784 1.6
      vertex -13.3204 4.91784 5.72205e-07
    endloop
  endfacet
  facet normal 0.582867 -0.812568 0
    outer loop
      vertex -12.8131 6.59003 5.72205e-07
      vertex -12.7334 6.6472 1.6
      vertex -12.8131 6.59003 1.6
    endloop
  endfacet
  facet normal 0.582867 -0.812568 0
    outer loop
      vertex -12.7334 6.6472 1.6
      vertex -12.8131 6.59003 5.72205e-07
      vertex -12.7334 6.6472 5.72205e-07
    endloop
  endfacet
  facet normal 0.910889 0.412651 0
    outer loop
      vertex -13.2453 4.73657 1.6
      vertex -13.2858 4.82597 5.72205e-07
      vertex -13.2858 4.82597 1.6
    endloop
  endfacet
  facet normal 0.910889 0.412651 0
    outer loop
      vertex -13.2858 4.82597 5.72205e-07
      vertex -13.2453 4.73657 1.6
      vertex -13.2453 4.73657 5.72205e-07
    endloop
  endfacet
  facet normal 0.52791 -0.8493 0
    outer loop
      vertex -12.7334 6.6472 5.72205e-07
      vertex -12.65 6.69904 1.6
      vertex -12.7334 6.6472 1.6
    endloop
  endfacet
  facet normal 0.52791 -0.8493 0
    outer loop
      vertex -12.65 6.69904 1.6
      vertex -12.7334 6.6472 5.72205e-07
      vertex -12.65 6.69904 5.72205e-07
    endloop
  endfacet
  facet normal 0.81276 -0.582598 0
    outer loop
      vertex -7.70675 25.9722 11.6
      vertex -7.67435 26.0174 4.6
      vertex -7.67435 26.0174 11.6
    endloop
  endfacet
  facet normal 0.81276 -0.582598 0
    outer loop
      vertex -7.67435 26.0174 4.6
      vertex -7.70675 25.9722 11.6
      vertex -7.70675 25.9722 4.6
    endloop
  endfacet
  facet normal -0.995179 0.0980782 0
    outer loop
      vertex -6.15727 25.3891 4.6
      vertex -6.15182 25.4444 11.6
      vertex -6.15182 25.4444 4.6
    endloop
  endfacet
  facet normal -0.995179 0.0980782 0
    outer loop
      vertex -6.15182 25.4444 11.6
      vertex -6.15727 25.3891 4.6
      vertex -6.15727 25.3891 11.6
    endloop
  endfacet
  facet normal -0.999465 0.0327163 0
    outer loop
      vertex -6.15182 25.4444 4.6
      vertex -6.15 25.5 11.6
      vertex -6.15 25.5 4.6
    endloop
  endfacet
  facet normal -0.999465 0.0327163 0
    outer loop
      vertex -6.15 25.5 11.6
      vertex -6.15182 25.4444 4.6
      vertex -6.15182 25.4444 11.6
    endloop
  endfacet
  facet normal 0.910637 0.413206 0
    outer loop
      vertex -7.76234 25.1241 11.6
      vertex -7.7853 25.1747 4.6
      vertex -7.7853 25.1747 11.6
    endloop
  endfacet
  facet normal 0.910637 0.413206 0
    outer loop
      vertex -7.7853 25.1747 4.6
      vertex -7.76234 25.1241 11.6
      vertex -7.76234 25.1241 4.6
    endloop
  endfacet
  facet normal 0.956881 0.290482 0
    outer loop
      vertex -7.80489 25.2268 11.6
      vertex -7.82104 25.28 4.6
      vertex -7.82104 25.28 11.6
    endloop
  endfacet
  facet normal 0.956881 0.290482 0
    outer loop
      vertex -7.82104 25.28 4.6
      vertex -7.80489 25.2268 11.6
      vertex -7.80489 25.2268 4.6
    endloop
  endfacet
  facet normal 0.352345 0.93587 -0
    outer loop
      vertex -7.27322 24.6951 4.6
      vertex -7.32528 24.7147 11.6
      vertex -7.27322 24.6951 11.6
    endloop
  endfacet
  facet normal 0.352345 0.93587 0
    outer loop
      vertex -7.32528 24.7147 11.6
      vertex -7.27322 24.6951 4.6
      vertex -7.32528 24.7147 4.6
    endloop
  endfacet
  facet normal -0.773003 0.634402 0
    outer loop
      vertex -6.36094 24.9396 4.6
      vertex -6.32565 24.9826 11.6
      vertex -6.32565 24.9826 4.6
    endloop
  endfacet
  facet normal -0.773003 0.634402 0
    outer loop
      vertex -6.32565 24.9826 11.6
      vertex -6.36094 24.9396 4.6
      vertex -6.36094 24.9396 11.6
    endloop
  endfacet
  facet normal -0.528463 0.848956 0
    outer loop
      vertex -6.52777 24.7933 4.6
      vertex -6.575 24.7639 11.6
      vertex -6.52777 24.7933 11.6
    endloop
  endfacet
  facet normal -0.528463 0.848956 0
    outer loop
      vertex -6.575 24.7639 11.6
      vertex -6.52777 24.7933 4.6
      vertex -6.575 24.7639 4.6
    endloop
  endfacet
  facet normal 0.098863 0.995101 -0
    outer loop
      vertex -7.05559 24.6518 4.6
      vertex -7.11095 24.6573 11.6
      vertex -7.05559 24.6518 11.6
    endloop
  endfacet
  facet normal 0.098863 0.995101 0
    outer loop
      vertex -7.11095 24.6573 11.6
      vertex -7.05559 24.6518 4.6
      vertex -7.11095 24.6573 4.6
    endloop
  endfacet
  facet normal -0.910637 -0.413206 0
    outer loop
      vertex -6.2147 25.8253 4.6
      vertex -6.23766 25.8759 11.6
      vertex -6.23766 25.8759 4.6
    endloop
  endfacet
  facet normal -0.910637 -0.413206 0
    outer loop
      vertex -6.23766 25.8759 11.6
      vertex -6.2147 25.8253 4.6
      vertex -6.2147 25.8253 11.6
    endloop
  endfacet
  facet normal 0.995179 0.0980782 0
    outer loop
      vertex -7.84273 25.3891 11.6
      vertex -7.84818 25.4444 4.6
      vertex -7.84818 25.4444 11.6
    endloop
  endfacet
  facet normal 0.995179 0.0980782 0
    outer loop
      vertex -7.84818 25.4444 4.6
      vertex -7.84273 25.3891 11.6
      vertex -7.84273 25.3891 4.6
    endloop
  endfacet
  facet normal 0.289558 -0.95716 0
    outer loop
      vertex -7.27322 26.3049 4.6
      vertex -7.22 26.321 11.6
      vertex -7.27322 26.3049 11.6
    endloop
  endfacet
  facet normal 0.289558 -0.95716 0
    outer loop
      vertex -7.22 26.321 11.6
      vertex -7.27322 26.3049 4.6
      vertex -7.22 26.321 4.6
    endloop
  endfacet
  facet normal -0.581238 0.813733 0
    outer loop
      vertex -6.48255 24.8256 4.6
      vertex -6.52777 24.7933 11.6
      vertex -6.48255 24.8256 11.6
    endloop
  endfacet
  facet normal -0.581238 0.813733 0
    outer loop
      vertex -6.52777 24.7933 11.6
      vertex -6.48255 24.8256 4.6
      vertex -6.52777 24.7933 4.6
    endloop
  endfacet
  facet normal -0.471148 -0.882054 0
    outer loop
      vertex -6.62405 26.2623 4.6
      vertex -6.575 26.2361 11.6
      vertex -6.62405 26.2623 11.6
    endloop
  endfacet
  facet normal -0.471148 -0.882054 -0
    outer loop
      vertex -6.575 26.2361 11.6
      vertex -6.62405 26.2623 4.6
      vertex -6.575 26.2361 4.6
    endloop
  endfacet
  facet normal -0.936019 -0.35195 0
    outer loop
      vertex -6.19511 25.7732 4.6
      vertex -6.2147 25.8253 11.6
      vertex -6.2147 25.8253 4.6
    endloop
  endfacet
  facet normal -0.936019 -0.35195 0
    outer loop
      vertex -6.2147 25.8253 11.6
      vertex -6.19511 25.7732 4.6
      vertex -6.19511 25.7732 11.6
    endloop
  endfacet
  facet normal -0.413329 -0.910582 0
    outer loop
      vertex -6.67472 26.2853 4.6
      vertex -6.62405 26.2623 11.6
      vertex -6.67472 26.2853 11.6
    endloop
  endfacet
  facet normal -0.413329 -0.910582 -0
    outer loop
      vertex -6.62405 26.2623 11.6
      vertex -6.67472 26.2853 4.6
      vertex -6.62405 26.2623 4.6
    endloop
  endfacet
  facet normal -0.773003 -0.634402 0
    outer loop
      vertex -6.32565 26.0174 4.6
      vertex -6.36094 26.0604 11.6
      vertex -6.36094 26.0604 4.6
    endloop
  endfacet
  facet normal -0.773003 -0.634402 0
    outer loop
      vertex -6.36094 26.0604 11.6
      vertex -6.32565 26.0174 4.6
      vertex -6.32565 26.0174 11.6
    endloop
  endfacet
  facet normal -0.973907 0.226946 0
    outer loop
      vertex -6.17896 25.28 4.6
      vertex -6.16633 25.3342 11.6
      vertex -6.16633 25.3342 4.6
    endloop
  endfacet
  facet normal -0.973907 0.226946 0
    outer loop
      vertex -6.16633 25.3342 11.6
      vertex -6.17896 25.28 4.6
      vertex -6.17896 25.28 11.6
    endloop
  endfacet
  facet normal -0.581238 -0.813733 0
    outer loop
      vertex -6.52777 26.2067 4.6
      vertex -6.48255 26.1744 11.6
      vertex -6.52777 26.2067 11.6
    endloop
  endfacet
  facet normal -0.581238 -0.813733 -0
    outer loop
      vertex -6.48255 26.1744 11.6
      vertex -6.52777 26.2067 4.6
      vertex -6.48255 26.1744 4.6
    endloop
  endfacet
  facet normal 0.849048 0.528316 0
    outer loop
      vertex -7.70675 25.0278 11.6
      vertex -7.73612 25.075 4.6
      vertex -7.73612 25.075 11.6
    endloop
  endfacet
  facet normal 0.849048 0.528316 0
    outer loop
      vertex -7.73612 25.075 4.6
      vertex -7.70675 25.0278 11.6
      vertex -7.70675 25.0278 4.6
    endloop
  endfacet
  facet normal 0.413329 0.910582 -0
    outer loop
      vertex -7.32528 24.7147 4.6
      vertex -7.37595 24.7377 11.6
      vertex -7.32528 24.7147 11.6
    endloop
  endfacet
  facet normal 0.413329 0.910582 0
    outer loop
      vertex -7.37595 24.7377 11.6
      vertex -7.32528 24.7147 4.6
      vertex -7.37595 24.7377 4.6
    endloop
  endfacet
  facet normal -0.999465 -0.0327163 0
    outer loop
      vertex -6.15 25.5 4.6
      vertex -6.15182 25.5556 11.6
      vertex -6.15182 25.5556 4.6
    endloop
  endfacet
  facet normal -0.999465 -0.0327163 0
    outer loop
      vertex -6.15182 25.5556 11.6
      vertex -6.15 25.5 4.6
      vertex -6.15 25.5 11.6
    endloop
  endfacet
  facet normal 0.471148 -0.882054 0
    outer loop
      vertex -7.425 26.2361 4.6
      vertex -7.37595 26.2623 11.6
      vertex -7.425 26.2361 11.6
    endloop
  endfacet
  facet normal 0.471148 -0.882054 0
    outer loop
      vertex -7.37595 26.2623 11.6
      vertex -7.425 26.2361 4.6
      vertex -7.37595 26.2623 4.6
    endloop
  endfacet
  facet normal -0.956881 0.290482 0
    outer loop
      vertex -6.19511 25.2268 4.6
      vertex -6.17896 25.28 11.6
      vertex -6.17896 25.28 4.6
    endloop
  endfacet
  facet normal -0.956881 0.290482 0
    outer loop
      vertex -6.17896 25.28 11.6
      vertex -6.19511 25.2268 4.6
      vertex -6.19511 25.2268 11.6
    endloop
  endfacet
  facet normal -0.849048 -0.528316 0
    outer loop
      vertex -6.26388 25.925 4.6
      vertex -6.29325 25.9722 11.6
      vertex -6.29325 25.9722 4.6
    endloop
  endfacet
  facet normal -0.849048 -0.528316 0
    outer loop
      vertex -6.29325 25.9722 11.6
      vertex -6.26388 25.925 4.6
      vertex -6.26388 25.925 11.6
    endloop
  endfacet
  facet normal -0.413329 0.910582 0
    outer loop
      vertex -6.62405 24.7377 4.6
      vertex -6.67472 24.7147 11.6
      vertex -6.62405 24.7377 11.6
    endloop
  endfacet
  facet normal -0.413329 0.910582 0
    outer loop
      vertex -6.67472 24.7147 11.6
      vertex -6.62405 24.7377 4.6
      vertex -6.67472 24.7147 4.6
    endloop
  endfacet
  facet normal -0.471148 0.882054 0
    outer loop
      vertex -6.575 24.7639 4.6
      vertex -6.62405 24.7377 11.6
      vertex -6.575 24.7639 11.6
    endloop
  endfacet
  facet normal -0.471148 0.882054 0
    outer loop
      vertex -6.62405 24.7377 11.6
      vertex -6.575 24.7639 4.6
      vertex -6.62405 24.7377 4.6
    endloop
  endfacet
  facet normal 0.882104 0.471054 0
    outer loop
      vertex -7.73612 25.075 11.6
      vertex -7.76234 25.1241 4.6
      vertex -7.76234 25.1241 11.6
    endloop
  endfacet
  facet normal 0.882104 0.471054 0
    outer loop
      vertex -7.76234 25.1241 4.6
      vertex -7.73612 25.075 11.6
      vertex -7.73612 25.075 4.6
    endloop
  endfacet
  facet normal -0.729918 -0.683534 0
    outer loop
      vertex -6.36094 26.0604 4.6
      vertex -6.39896 26.101 11.6
      vertex -6.39896 26.101 4.6
    endloop
  endfacet
  facet normal -0.729918 -0.683534 0
    outer loop
      vertex -6.39896 26.101 11.6
      vertex -6.36094 26.0604 4.6
      vertex -6.36094 26.0604 11.6
    endloop
  endfacet
  facet normal 0.999465 -0.0327163 0
    outer loop
      vertex -7.85 25.5 11.6
      vertex -7.84818 25.5556 4.6
      vertex -7.84818 25.5556 11.6
    endloop
  endfacet
  facet normal 0.999465 -0.0327163 0
    outer loop
      vertex -7.84818 25.5556 4.6
      vertex -7.85 25.5 11.6
      vertex -7.85 25.5 4.6
    endloop
  endfacet
  facet normal 0.634598 0.772843 -0
    outer loop
      vertex -7.51745 24.8256 4.6
      vertex -7.56044 24.8609 11.6
      vertex -7.51745 24.8256 11.6
    endloop
  endfacet
  facet normal 0.634598 0.772843 0
    outer loop
      vertex -7.56044 24.8609 11.6
      vertex -7.51745 24.8256 4.6
      vertex -7.56044 24.8609 4.6
    endloop
  endfacet
  facet normal 0.352345 -0.93587 0
    outer loop
      vertex -7.32528 26.2853 4.6
      vertex -7.27322 26.3049 11.6
      vertex -7.32528 26.2853 11.6
    endloop
  endfacet
  facet normal 0.352345 -0.93587 0
    outer loop
      vertex -7.27322 26.3049 11.6
      vertex -7.32528 26.2853 4.6
      vertex -7.27322 26.3049 4.6
    endloop
  endfacet
  facet normal 0.986655 -0.162825 0
    outer loop
      vertex -7.84273 25.6109 11.6
      vertex -7.83367 25.6658 4.6
      vertex -7.83367 25.6658 11.6
    endloop
  endfacet
  facet normal 0.986655 -0.162825 0
    outer loop
      vertex -7.83367 25.6658 4.6
      vertex -7.84273 25.6109 11.6
      vertex -7.84273 25.6109 4.6
    endloop
  endfacet
  facet normal -0.228258 0.973601 0
    outer loop
      vertex -6.78 24.679 4.6
      vertex -6.83417 24.6663 11.6
      vertex -6.78 24.679 11.6
    endloop
  endfacet
  facet normal -0.228258 0.973601 0
    outer loop
      vertex -6.83417 24.6663 11.6
      vertex -6.78 24.679 4.6
      vertex -6.83417 24.6663 4.6
    endloop
  endfacet
  facet normal 0.773003 0.634402 0
    outer loop
      vertex -7.63906 24.9396 11.6
      vertex -7.67435 24.9826 4.6
      vertex -7.67435 24.9826 11.6
    endloop
  endfacet
  facet normal 0.773003 0.634402 0
    outer loop
      vertex -7.67435 24.9826 4.6
      vertex -7.63906 24.9396 11.6
      vertex -7.63906 24.9396 4.6
    endloop
  endfacet
  facet normal -0.882104 -0.471054 0
    outer loop
      vertex -6.23766 25.8759 4.6
      vertex -6.26388 25.925 11.6
      vertex -6.26388 25.925 4.6
    endloop
  endfacet
  facet normal -0.882104 -0.471054 0
    outer loop
      vertex -6.26388 25.925 11.6
      vertex -6.23766 25.8759 4.6
      vertex -6.23766 25.8759 11.6
    endloop
  endfacet
  facet normal 0.999465 0.0327163 0
    outer loop
      vertex -7.84818 25.4444 11.6
      vertex -7.85 25.5 4.6
      vertex -7.85 25.5 11.6
    endloop
  endfacet
  facet normal 0.999465 0.0327163 0
    outer loop
      vertex -7.85 25.5 4.6
      vertex -7.84818 25.4444 11.6
      vertex -7.84818 25.4444 4.6
    endloop
  endfacet
  facet normal -0.986655 -0.162825 0
    outer loop
      vertex -6.15727 25.6109 4.6
      vertex -6.16633 25.6658 11.6
      vertex -6.16633 25.6658 4.6
    endloop
  endfacet
  facet normal -0.986655 -0.162825 0
    outer loop
      vertex -6.16633 25.6658 11.6
      vertex -6.15727 25.6109 4.6
      vertex -6.15727 25.6109 11.6
    endloop
  endfacet
  facet normal -0.634598 0.772843 0
    outer loop
      vertex -6.43956 24.8609 4.6
      vertex -6.48255 24.8256 11.6
      vertex -6.43956 24.8609 11.6
    endloop
  endfacet
  facet normal -0.634598 0.772843 0
    outer loop
      vertex -6.48255 24.8256 11.6
      vertex -6.43956 24.8609 4.6
      vertex -6.48255 24.8256 4.6
    endloop
  endfacet
  facet normal -0.161832 0.986818 0
    outer loop
      vertex -6.83417 24.6663 4.6
      vertex -6.88905 24.6573 11.6
      vertex -6.83417 24.6663 11.6
    endloop
  endfacet
  facet normal -0.161832 0.986818 0
    outer loop
      vertex -6.88905 24.6573 11.6
      vertex -6.83417 24.6663 4.6
      vertex -6.88905 24.6573 4.6
    endloop
  endfacet
  facet normal -0.098863 -0.995101 0
    outer loop
      vertex -6.94441 26.3482 4.6
      vertex -6.88905 26.3427 11.6
      vertex -6.94441 26.3482 11.6
    endloop
  endfacet
  facet normal -0.098863 -0.995101 -0
    outer loop
      vertex -6.88905 26.3427 11.6
      vertex -6.94441 26.3482 4.6
      vertex -6.88905 26.3427 4.6
    endloop
  endfacet
  facet normal -0.352345 0.93587 0
    outer loop
      vertex -6.67472 24.7147 4.6
      vertex -6.72678 24.6951 11.6
      vertex -6.67472 24.7147 11.6
    endloop
  endfacet
  facet normal -0.352345 0.93587 0
    outer loop
      vertex -6.72678 24.6951 11.6
      vertex -6.67472 24.7147 4.6
      vertex -6.72678 24.6951 4.6
    endloop
  endfacet
  facet normal -0.973907 -0.226946 0
    outer loop
      vertex -6.16633 25.6658 4.6
      vertex -6.17896 25.72 11.6
      vertex -6.17896 25.72 4.6
    endloop
  endfacet
  facet normal -0.973907 -0.226946 0
    outer loop
      vertex -6.17896 25.72 11.6
      vertex -6.16633 25.6658 4.6
      vertex -6.16633 25.6658 11.6
    endloop
  endfacet
  facet normal 0.849048 -0.528316 0
    outer loop
      vertex -7.73612 25.925 11.6
      vertex -7.70675 25.9722 4.6
      vertex -7.70675 25.9722 11.6
    endloop
  endfacet
  facet normal 0.849048 -0.528316 0
    outer loop
      vertex -7.70675 25.9722 4.6
      vertex -7.73612 25.925 11.6
      vertex -7.73612 25.925 4.6
    endloop
  endfacet
  facet normal 0.81276 0.582598 0
    outer loop
      vertex -7.67435 24.9826 11.6
      vertex -7.70675 25.0278 4.6
      vertex -7.70675 25.0278 11.6
    endloop
  endfacet
  facet normal 0.81276 0.582598 0
    outer loop
      vertex -7.70675 25.0278 4.6
      vertex -7.67435 24.9826 11.6
      vertex -7.67435 24.9826 4.6
    endloop
  endfacet
  facet normal -0.098863 0.995101 0
    outer loop
      vertex -6.88905 24.6573 4.6
      vertex -6.94441 24.6518 11.6
      vertex -6.88905 24.6573 11.6
    endloop
  endfacet
  facet normal -0.098863 0.995101 0
    outer loop
      vertex -6.94441 24.6518 11.6
      vertex -6.88905 24.6573 4.6
      vertex -6.94441 24.6518 4.6
    endloop
  endfacet
  facet normal -0.81276 0.582598 0
    outer loop
      vertex -6.32565 24.9826 4.6
      vertex -6.29325 25.0278 11.6
      vertex -6.29325 25.0278 4.6
    endloop
  endfacet
  facet normal -0.81276 0.582598 0
    outer loop
      vertex -6.29325 25.0278 11.6
      vertex -6.32565 24.9826 4.6
      vertex -6.32565 24.9826 11.6
    endloop
  endfacet
  facet normal -0.910637 0.413206 0
    outer loop
      vertex -6.23766 25.1241 4.6
      vertex -6.2147 25.1747 11.6
      vertex -6.2147 25.1747 4.6
    endloop
  endfacet
  facet normal -0.910637 0.413206 0
    outer loop
      vertex -6.2147 25.1747 11.6
      vertex -6.23766 25.1241 4.6
      vertex -6.23766 25.1241 11.6
    endloop
  endfacet
  facet normal -0.032363 -0.999476 0
    outer loop
      vertex -7 26.35 4.6
      vertex -6.94441 26.3482 11.6
      vertex -7 26.35 11.6
    endloop
  endfacet
  facet normal -0.032363 -0.999476 -0
    outer loop
      vertex -6.94441 26.3482 11.6
      vertex -7 26.35 4.6
      vertex -6.94441 26.3482 4.6
    endloop
  endfacet
  facet normal 0.032363 -0.999476 0
    outer loop
      vertex -7.05559 26.3482 4.6
      vertex -7 26.35 11.6
      vertex -7.05559 26.3482 11.6
    endloop
  endfacet
  facet normal 0.032363 -0.999476 0
    outer loop
      vertex -7 26.35 11.6
      vertex -7.05559 26.3482 4.6
      vertex -7 26.35 4.6
    endloop
  endfacet
  facet normal -0.289558 -0.95716 0
    outer loop
      vertex -6.78 26.321 4.6
      vertex -6.72678 26.3049 11.6
      vertex -6.78 26.321 11.6
    endloop
  endfacet
  facet normal -0.289558 -0.95716 -0
    outer loop
      vertex -6.72678 26.3049 11.6
      vertex -6.78 26.321 4.6
      vertex -6.72678 26.3049 4.6
    endloop
  endfacet
  facet normal 0 0 1
    outer loop
      vertex -6.15182 25.5556 4.6
      vertex -6.15182 25.4444 4.6
      vertex -6.15 25.5 4.6
    endloop
  endfacet
  facet normal 0 0 1
    outer loop
      vertex -6.15727 25.6109 4.6
      vertex -6.15182 25.4444 4.6
      vertex -6.15182 25.5556 4.6
    endloop
  endfacet
  facet normal 0 0 1
    outer loop
      vertex -6.15727 25.6109 4.6
      vertex -6.15727 25.3891 4.6
      vertex -6.15182 25.4444 4.6
    endloop
  endfacet
  facet normal 0 0 1
    outer loop
      vertex -6.16633 25.6658 4.6
      vertex -6.15727 25.3891 4.6
      vertex -6.15727 25.6109 4.6
    endloop
  endfacet
  facet normal 0 0 1
    outer loop
      vertex -6.16633 25.6658 4.6
      vertex -6.16633 25.3342 4.6
      vertex -6.15727 25.3891 4.6
    endloop
  endfacet
  facet normal 0 0 1
    outer loop
      vertex -6.17896 25.72 4.6
      vertex -6.16633 25.3342 4.6
      vertex -6.16633 25.6658 4.6
    endloop
  endfacet
  facet normal 0 0 1
    outer loop
      vertex -6.17896 25.72 4.6
      vertex -6.17896 25.28 4.6
      vertex -6.16633 25.3342 4.6
    endloop
  endfacet
  facet normal 0 0 1
    outer loop
      vertex -6.19511 25.7732 4.6
      vertex -6.17896 25.28 4.6
      vertex -6.17896 25.72 4.6
    endloop
  endfacet
  facet normal 0 0 1
    outer loop
      vertex -6.19511 25.7732 4.6
      vertex -6.19511 25.2268 4.6
      vertex -6.17896 25.28 4.6
    endloop
  endfacet
  facet normal 0 0 1
    outer loop
      vertex -6.2147 25.8253 4.6
      vertex -6.19511 25.2268 4.6
      vertex -6.19511 25.7732 4.6
    endloop
  endfacet
  facet normal 0 0 1
    outer loop
      vertex -6.2147 25.8253 4.6
      vertex -6.2147 25.1747 4.6
      vertex -6.19511 25.2268 4.6
    endloop
  endfacet
  facet normal 0 0 1
    outer loop
      vertex -6.23766 25.8759 4.6
      vertex -6.2147 25.1747 4.6
      vertex -6.2147 25.8253 4.6
    endloop
  endfacet
  facet normal 0 0 1
    outer loop
      vertex -6.23766 25.8759 4.6
      vertex -6.23766 25.1241 4.6
      vertex -6.2147 25.1747 4.6
    endloop
  endfacet
  facet normal 0 0 1
    outer loop
      vertex -6.26388 25.925 4.6
      vertex -6.23766 25.1241 4.6
      vertex -6.23766 25.8759 4.6
    endloop
  endfacet
  facet normal 0 0 1
    outer loop
      vertex -6.26388 25.925 4.6
      vertex -6.26388 25.075 4.6
      vertex -6.23766 25.1241 4.6
    endloop
  endfacet
  facet normal 0 0 1
    outer loop
      vertex -6.29325 25.9722 4.6
      vertex -6.26388 25.075 4.6
      vertex -6.26388 25.925 4.6
    endloop
  endfacet
  facet normal 0 0 1
    outer loop
      vertex -6.29325 25.9722 4.6
      vertex -6.29325 25.0278 4.6
      vertex -6.26388 25.075 4.6
    endloop
  endfacet
  facet normal 0 0 1
    outer loop
      vertex -6.32565 26.0174 4.6
      vertex -6.29325 25.0278 4.6
      vertex -6.29325 25.9722 4.6
    endloop
  endfacet
  facet normal 0 0 1
    outer loop
      vertex -6.32565 26.0174 4.6
      vertex -6.32565 24.9826 4.6
      vertex -6.29325 25.0278 4.6
    endloop
  endfacet
  facet normal 0 0 1
    outer loop
      vertex -6.36094 26.0604 4.6
      vertex -6.32565 24.9826 4.6
      vertex -6.32565 26.0174 4.6
    endloop
  endfacet
  facet normal 0 0 1
    outer loop
      vertex -6.36094 26.0604 4.6
      vertex -6.36094 24.9396 4.6
      vertex -6.32565 24.9826 4.6
    endloop
  endfacet
  facet normal 0 0 1
    outer loop
      vertex -6.39896 26.101 4.6
      vertex -6.36094 24.9396 4.6
      vertex -6.36094 26.0604 4.6
    endloop
  endfacet
  facet normal 0 0 1
    outer loop
      vertex -6.39896 26.101 4.6
      vertex -6.39896 24.899 4.6
      vertex -6.36094 24.9396 4.6
    endloop
  endfacet
  facet normal 0 0 1
    outer loop
      vertex -6.43956 26.1391 4.6
      vertex -6.39896 24.899 4.6
      vertex -6.39896 26.101 4.6
    endloop
  endfacet
  facet normal 0 0 1
    outer loop
      vertex -6.43956 26.1391 4.6
      vertex -6.43956 24.8609 4.6
      vertex -6.39896 24.899 4.6
    endloop
  endfacet
  facet normal 0 0 1
    outer loop
      vertex -6.48255 26.1744 4.6
      vertex -6.43956 24.8609 4.6
      vertex -6.43956 26.1391 4.6
    endloop
  endfacet
  facet normal 0 0 1
    outer loop
      vertex -6.48255 26.1744 4.6
      vertex -6.48255 24.8256 4.6
      vertex -6.43956 24.8609 4.6
    endloop
  endfacet
  facet normal 0 0 1
    outer loop
      vertex -6.52777 26.2067 4.6
      vertex -6.48255 24.8256 4.6
      vertex -6.48255 26.1744 4.6
    endloop
  endfacet
  facet normal 0 0 1
    outer loop
      vertex -6.52777 26.2067 4.6
      vertex -6.52777 24.7933 4.6
      vertex -6.48255 24.8256 4.6
    endloop
  endfacet
  facet normal 0 0 1
    outer loop
      vertex -6.575 26.2361 4.6
      vertex -6.52777 24.7933 4.6
      vertex -6.52777 26.2067 4.6
    endloop
  endfacet
  facet normal 0 0 1
    outer loop
      vertex -6.575 26.2361 4.6
      vertex -6.575 24.7639 4.6
      vertex -6.52777 24.7933 4.6
    endloop
  endfacet
  facet normal 0 0 1
    outer loop
      vertex -6.62405 26.2623 4.6
      vertex -6.575 24.7639 4.6
      vertex -6.575 26.2361 4.6
    endloop
  endfacet
  facet normal 0 0 1
    outer loop
      vertex -6.62405 26.2623 4.6
      vertex -6.62405 24.7377 4.6
      vertex -6.575 24.7639 4.6
    endloop
  endfacet
  facet normal 0 0 1
    outer loop
      vertex -6.67472 26.2853 4.6
      vertex -6.62405 24.7377 4.6
      vertex -6.62405 26.2623 4.6
    endloop
  endfacet
  facet normal 0 0 1
    outer loop
      vertex -6.67472 26.2853 4.6
      vertex -6.67472 24.7147 4.6
      vertex -6.62405 24.7377 4.6
    endloop
  endfacet
  facet normal 0 0 1
    outer loop
      vertex -6.72678 26.3049 4.6
      vertex -6.67472 24.7147 4.6
      vertex -6.67472 26.2853 4.6
    endloop
  endfacet
  facet normal 0 0 1
    outer loop
      vertex -6.72678 26.3049 4.6
      vertex -6.72678 24.6951 4.6
      vertex -6.67472 24.7147 4.6
    endloop
  endfacet
  facet normal 0 0 1
    outer loop
      vertex -6.78 26.321 4.6
      vertex -6.72678 24.6951 4.6
      vertex -6.72678 26.3049 4.6
    endloop
  endfacet
  facet normal 0 0 1
    outer loop
      vertex -6.78 26.321 4.6
      vertex -6.78 24.679 4.6
      vertex -6.72678 24.6951 4.6
    endloop
  endfacet
  facet normal 0 0 1
    outer loop
      vertex -6.83417 26.3337 4.6
      vertex -6.78 24.679 4.6
      vertex -6.78 26.321 4.6
    endloop
  endfacet
  facet normal 0 0 1
    outer loop
      vertex -6.83417 26.3337 4.6
      vertex -6.83417 24.6663 4.6
      vertex -6.78 24.679 4.6
    endloop
  endfacet
  facet normal 0 0 1
    outer loop
      vertex -6.88905 26.3427 4.6
      vertex -6.83417 24.6663 4.6
      vertex -6.83417 26.3337 4.6
    endloop
  endfacet
  facet normal 0 0 1
    outer loop
      vertex -6.88905 26.3427 4.6
      vertex -6.88905 24.6573 4.6
      vertex -6.83417 24.6663 4.6
    endloop
  endfacet
  facet normal 0 0 1
    outer loop
      vertex -6.94441 26.3482 4.6
      vertex -6.88905 24.6573 4.6
      vertex -6.88905 26.3427 4.6
    endloop
  endfacet
  facet normal 0 0 1
    outer loop
      vertex -6.94441 26.3482 4.6
      vertex -6.94441 24.6518 4.6
      vertex -6.88905 24.6573 4.6
    endloop
  endfacet
  facet normal 0 0 1
    outer loop
      vertex -7 26.35 4.6
      vertex -6.94441 24.6518 4.6
      vertex -6.94441 26.3482 4.6
    endloop
  endfacet
  facet normal 0 0 1
    outer loop
      vertex -7 26.35 4.6
      vertex -7 24.65 4.6
      vertex -6.94441 24.6518 4.6
    endloop
  endfacet
  facet normal -0 0 1
    outer loop
      vertex -7.05559 26.3482 4.6
      vertex -7 24.65 4.6
      vertex -7 26.35 4.6
    endloop
  endfacet
  facet normal 0 0 1
    outer loop
      vertex -7.05559 26.3482 4.6
      vertex -7.05559 24.6518 4.6
      vertex -7 24.65 4.6
    endloop
  endfacet
  facet normal -0 0 1
    outer loop
      vertex -7.11095 26.3427 4.6
      vertex -7.05559 24.6518 4.6
      vertex -7.05559 26.3482 4.6
    endloop
  endfacet
  facet normal 0 0 1
    outer loop
      vertex -7.11095 26.3427 4.6
      vertex -7.11095 24.6573 4.6
      vertex -7.05559 24.6518 4.6
    endloop
  endfacet
  facet normal -0 0 1
    outer loop
      vertex -7.16583 26.3337 4.6
      vertex -7.11095 24.6573 4.6
      vertex -7.11095 26.3427 4.6
    endloop
  endfacet
  facet normal 0 0 1
    outer loop
      vertex -7.16583 26.3337 4.6
      vertex -7.16583 24.6663 4.6
      vertex -7.11095 24.6573 4.6
    endloop
  endfacet
  facet normal -0 0 1
    outer loop
      vertex -7.22 26.321 4.6
      vertex -7.16583 24.6663 4.6
      vertex -7.16583 26.3337 4.6
    endloop
  endfacet
  facet normal 0 0 1
    outer loop
      vertex -7.22 26.321 4.6
      vertex -7.22 24.679 4.6
      vertex -7.16583 24.6663 4.6
    endloop
  endfacet
  facet normal -0 0 1
    outer loop
      vertex -7.27322 26.3049 4.6
      vertex -7.22 24.679 4.6
      vertex -7.22 26.321 4.6
    endloop
  endfacet
  facet normal 0 0 1
    outer loop
      vertex -7.27322 26.3049 4.6
      vertex -7.27322 24.6951 4.6
      vertex -7.22 24.679 4.6
    endloop
  endfacet
  facet normal -0 0 1
    outer loop
      vertex -7.32528 26.2853 4.6
      vertex -7.27322 24.6951 4.6
      vertex -7.27322 26.3049 4.6
    endloop
  endfacet
  facet normal 0 0 1
    outer loop
      vertex -7.32528 26.2853 4.6
      vertex -7.32528 24.7147 4.6
      vertex -7.27322 24.6951 4.6
    endloop
  endfacet
  facet normal -0 0 1
    outer loop
      vertex -7.37595 26.2623 4.6
      vertex -7.32528 24.7147 4.6
      vertex -7.32528 26.2853 4.6
    endloop
  endfacet
  facet normal 0 0 1
    outer loop
      vertex -7.37595 26.2623 4.6
      vertex -7.37595 24.7377 4.6
      vertex -7.32528 24.7147 4.6
    endloop
  endfacet
  facet normal -0 0 1
    outer loop
      vertex -7.425 26.2361 4.6
      vertex -7.37595 24.7377 4.6
      vertex -7.37595 26.2623 4.6
    endloop
  endfacet
  facet normal 0 0 1
    outer loop
      vertex -7.425 26.2361 4.6
      vertex -7.425 24.7639 4.6
      vertex -7.37595 24.7377 4.6
    endloop
  endfacet
  facet normal -0 0 1
    outer loop
      vertex -7.47223 26.2067 4.6
      vertex -7.425 24.7639 4.6
      vertex -7.425 26.2361 4.6
    endloop
  endfacet
  facet normal 0 0 1
    outer loop
      vertex -7.47223 26.2067 4.6
      vertex -7.47223 24.7933 4.6
      vertex -7.425 24.7639 4.6
    endloop
  endfacet
  facet normal -0 0 1
    outer loop
      vertex -7.51745 26.1744 4.6
      vertex -7.47223 24.7933 4.6
      vertex -7.47223 26.2067 4.6
    endloop
  endfacet
  facet normal 0 0 1
    outer loop
      vertex -7.51745 26.1744 4.6
      vertex -7.51745 24.8256 4.6
      vertex -7.47223 24.7933 4.6
    endloop
  endfacet
  facet normal -0 0 1
    outer loop
      vertex -7.56044 26.1391 4.6
      vertex -7.51745 24.8256 4.6
      vertex -7.51745 26.1744 4.6
    endloop
  endfacet
  facet normal 0 0 1
    outer loop
      vertex -7.56044 26.1391 4.6
      vertex -7.56044 24.8609 4.6
      vertex -7.51745 24.8256 4.6
    endloop
  endfacet
  facet normal -0 0 1
    outer loop
      vertex -7.60104 26.101 4.6
      vertex -7.56044 24.8609 4.6
      vertex -7.56044 26.1391 4.6
    endloop
  endfacet
  facet normal 0 0 1
    outer loop
      vertex -7.60104 26.101 4.6
      vertex -7.60104 24.899 4.6
      vertex -7.56044 24.8609 4.6
    endloop
  endfacet
  facet normal -0 0 1
    outer loop
      vertex -7.63906 26.0604 4.6
      vertex -7.60104 24.899 4.6
      vertex -7.60104 26.101 4.6
    endloop
  endfacet
  facet normal 0 0 1
    outer loop
      vertex -7.63906 26.0604 4.6
      vertex -7.63906 24.9396 4.6
      vertex -7.60104 24.899 4.6
    endloop
  endfacet
  facet normal -0 0 1
    outer loop
      vertex -7.67435 26.0174 4.6
      vertex -7.63906 24.9396 4.6
      vertex -7.63906 26.0604 4.6
    endloop
  endfacet
  facet normal 0 0 1
    outer loop
      vertex -7.67435 26.0174 4.6
      vertex -7.67435 24.9826 4.6
      vertex -7.63906 24.9396 4.6
    endloop
  endfacet
  facet normal -0 0 1
    outer loop
      vertex -7.70675 25.9722 4.6
      vertex -7.67435 24.9826 4.6
      vertex -7.67435 26.0174 4.6
    endloop
  endfacet
  facet normal 0 0 1
    outer loop
      vertex -7.70675 25.9722 4.6
      vertex -7.70675 25.0278 4.6
      vertex -7.67435 24.9826 4.6
    endloop
  endfacet
  facet normal -0 0 1
    outer loop
      vertex -7.73612 25.925 4.6
      vertex -7.70675 25.0278 4.6
      vertex -7.70675 25.9722 4.6
    endloop
  endfacet
  facet normal 0 0 1
    outer loop
      vertex -7.73612 25.925 4.6
      vertex -7.73612 25.075 4.6
      vertex -7.70675 25.0278 4.6
    endloop
  endfacet
  facet normal -0 0 1
    outer loop
      vertex -7.76234 25.8759 4.6
      vertex -7.73612 25.075 4.6
      vertex -7.73612 25.925 4.6
    endloop
  endfacet
  facet normal 0 0 1
    outer loop
      vertex -7.76234 25.8759 4.6
      vertex -7.76234 25.1241 4.6
      vertex -7.73612 25.075 4.6
    endloop
  endfacet
  facet normal -0 0 1
    outer loop
      vertex -7.7853 25.8253 4.6
      vertex -7.76234 25.1241 4.6
      vertex -7.76234 25.8759 4.6
    endloop
  endfacet
  facet normal 0 0 1
    outer loop
      vertex -7.7853 25.8253 4.6
      vertex -7.7853 25.1747 4.6
      vertex -7.76234 25.1241 4.6
    endloop
  endfacet
  facet normal -0 0 1
    outer loop
      vertex -7.80489 25.7732 4.6
      vertex -7.7853 25.1747 4.6
      vertex -7.7853 25.8253 4.6
    endloop
  endfacet
  facet normal 0 0 1
    outer loop
      vertex -7.80489 25.7732 4.6
      vertex -7.80489 25.2268 4.6
      vertex -7.7853 25.1747 4.6
    endloop
  endfacet
  facet normal -0 0 1
    outer loop
      vertex -7.82104 25.72 4.6
      vertex -7.80489 25.2268 4.6
      vertex -7.80489 25.7732 4.6
    endloop
  endfacet
  facet normal 0 0 1
    outer loop
      vertex -7.82104 25.72 4.6
      vertex -7.82104 25.28 4.6
      vertex -7.80489 25.2268 4.6
    endloop
  endfacet
  facet normal -0 0 1
    outer loop
      vertex -7.83367 25.6658 4.6
      vertex -7.82104 25.28 4.6
      vertex -7.82104 25.72 4.6
    endloop
  endfacet
  facet normal 0 0 1
    outer loop
      vertex -7.83367 25.6658 4.6
      vertex -7.83367 25.3342 4.6
      vertex -7.82104 25.28 4.6
    endloop
  endfacet
  facet normal -0 0 1
    outer loop
      vertex -7.84273 25.6109 4.6
      vertex -7.83367 25.3342 4.6
      vertex -7.83367 25.6658 4.6
    endloop
  endfacet
  facet normal 0 0 1
    outer loop
      vertex -7.84273 25.6109 4.6
      vertex -7.84273 25.3891 4.6
      vertex -7.83367 25.3342 4.6
    endloop
  endfacet
  facet normal -0 0 1
    outer loop
      vertex -7.84818 25.5556 4.6
      vertex -7.84273 25.3891 4.6
      vertex -7.84273 25.6109 4.6
    endloop
  endfacet
  facet normal 0 0 1
    outer loop
      vertex -7.84818 25.5556 4.6
      vertex -7.84818 25.4444 4.6
      vertex -7.84273 25.3891 4.6
    endloop
  endfacet
  facet normal 0 -0 1
    outer loop
      vertex -7.84818 25.4444 4.6
      vertex -7.84818 25.5556 4.6
      vertex -7.85 25.5 4.6
    endloop
  endfacet
  facet normal 0.773003 -0.634402 0
    outer loop
      vertex -7.67435 26.0174 11.6
      vertex -7.63906 26.0604 4.6
      vertex -7.63906 26.0604 11.6
    endloop
  endfacet
  facet normal 0.773003 -0.634402 0
    outer loop
      vertex -7.63906 26.0604 4.6
      vertex -7.67435 26.0174 11.6
      vertex -7.67435 26.0174 4.6
    endloop
  endfacet
  facet normal -0.528463 -0.848956 0
    outer loop
      vertex -6.575 26.2361 4.6
      vertex -6.52777 26.2067 11.6
      vertex -6.575 26.2361 11.6
    endloop
  endfacet
  facet normal -0.528463 -0.848956 -0
    outer loop
      vertex -6.52777 26.2067 11.6
      vertex -6.575 26.2361 4.6
      vertex -6.52777 26.2067 4.6
    endloop
  endfacet
  facet normal -0.995179 -0.0980782 0
    outer loop
      vertex -6.15182 25.5556 4.6
      vertex -6.15727 25.6109 11.6
      vertex -6.15727 25.6109 4.6
    endloop
  endfacet
  facet normal -0.995179 -0.0980782 0
    outer loop
      vertex -6.15727 25.6109 11.6
      vertex -6.15182 25.5556 4.6
      vertex -6.15182 25.5556 11.6
    endloop
  endfacet
  facet normal 0.098863 -0.995101 0
    outer loop
      vertex -7.11095 26.3427 4.6
      vertex -7.05559 26.3482 11.6
      vertex -7.11095 26.3427 11.6
    endloop
  endfacet
  facet normal 0.098863 -0.995101 0
    outer loop
      vertex -7.05559 26.3482 11.6
      vertex -7.11095 26.3427 4.6
      vertex -7.05559 26.3482 4.6
    endloop
  endfacet
  facet normal 0.973907 -0.226946 0
    outer loop
      vertex -7.83367 25.6658 11.6
      vertex -7.82104 25.72 4.6
      vertex -7.82104 25.72 11.6
    endloop
  endfacet
  facet normal 0.973907 -0.226946 0
    outer loop
      vertex -7.82104 25.72 4.6
      vertex -7.83367 25.6658 11.6
      vertex -7.83367 25.6658 4.6
    endloop
  endfacet
  facet normal 0.528463 0.848956 -0
    outer loop
      vertex -7.425 24.7639 4.6
      vertex -7.47223 24.7933 11.6
      vertex -7.425 24.7639 11.6
    endloop
  endfacet
  facet normal 0.528463 0.848956 0
    outer loop
      vertex -7.47223 24.7933 11.6
      vertex -7.425 24.7639 4.6
      vertex -7.47223 24.7933 4.6
    endloop
  endfacet
  facet normal -0.228258 -0.973601 0
    outer loop
      vertex -6.83417 26.3337 4.6
      vertex -6.78 26.321 11.6
      vertex -6.83417 26.3337 11.6
    endloop
  endfacet
  facet normal -0.228258 -0.973601 -0
    outer loop
      vertex -6.78 26.321 11.6
      vertex -6.83417 26.3337 4.6
      vertex -6.78 26.321 4.6
    endloop
  endfacet
  facet normal -0.956881 -0.290482 0
    outer loop
      vertex -6.17896 25.72 4.6
      vertex -6.19511 25.7732 11.6
      vertex -6.19511 25.7732 4.6
    endloop
  endfacet
  facet normal -0.956881 -0.290482 0
    outer loop
      vertex -6.19511 25.7732 11.6
      vertex -6.17896 25.72 4.6
      vertex -6.17896 25.72 11.6
    endloop
  endfacet
  facet normal -0.6843 -0.729201 0
    outer loop
      vertex -6.43956 26.1391 4.6
      vertex -6.39896 26.101 11.6
      vertex -6.43956 26.1391 11.6
    endloop
  endfacet
  facet normal -0.6843 -0.729201 -0
    outer loop
      vertex -6.39896 26.101 11.6
      vertex -6.43956 26.1391 4.6
      vertex -6.39896 26.101 4.6
    endloop
  endfacet
  facet normal -0.849048 0.528316 0
    outer loop
      vertex -6.29325 25.0278 4.6
      vertex -6.26388 25.075 11.6
      vertex -6.26388 25.075 4.6
    endloop
  endfacet
  facet normal -0.849048 0.528316 0
    outer loop
      vertex -6.26388 25.075 11.6
      vertex -6.29325 25.0278 4.6
      vertex -6.29325 25.0278 11.6
    endloop
  endfacet
  facet normal -0.352345 -0.93587 0
    outer loop
      vertex -6.72678 26.3049 4.6
      vertex -6.67472 26.2853 11.6
      vertex -6.72678 26.3049 11.6
    endloop
  endfacet
  facet normal -0.352345 -0.93587 -0
    outer loop
      vertex -6.67472 26.2853 11.6
      vertex -6.72678 26.3049 4.6
      vertex -6.67472 26.2853 4.6
    endloop
  endfacet
  facet normal 0.936019 0.35195 0
    outer loop
      vertex -7.7853 25.1747 11.6
      vertex -7.80489 25.2268 4.6
      vertex -7.80489 25.2268 11.6
    endloop
  endfacet
  facet normal 0.936019 0.35195 0
    outer loop
      vertex -7.80489 25.2268 4.6
      vertex -7.7853 25.1747 11.6
      vertex -7.7853 25.1747 4.6
    endloop
  endfacet
  facet normal -0.882104 0.471054 0
    outer loop
      vertex -6.26388 25.075 4.6
      vertex -6.23766 25.1241 11.6
      vertex -6.23766 25.1241 4.6
    endloop
  endfacet
  facet normal -0.882104 0.471054 0
    outer loop
      vertex -6.23766 25.1241 11.6
      vertex -6.26388 25.075 4.6
      vertex -6.26388 25.075 11.6
    endloop
  endfacet
  facet normal 0.289558 0.95716 -0
    outer loop
      vertex -7.22 24.679 4.6
      vertex -7.27322 24.6951 11.6
      vertex -7.22 24.679 11.6
    endloop
  endfacet
  facet normal 0.289558 0.95716 0
    outer loop
      vertex -7.27322 24.6951 11.6
      vertex -7.22 24.679 4.6
      vertex -7.27322 24.6951 4.6
    endloop
  endfacet
  facet normal 0.228258 -0.973601 0
    outer loop
      vertex -7.22 26.321 4.6
      vertex -7.16583 26.3337 11.6
      vertex -7.22 26.321 11.6
    endloop
  endfacet
  facet normal 0.228258 -0.973601 0
    outer loop
      vertex -7.16583 26.3337 11.6
      vertex -7.22 26.321 4.6
      vertex -7.16583 26.3337 4.6
    endloop
  endfacet
  facet normal 0.973907 0.226946 0
    outer loop
      vertex -7.82104 25.28 11.6
      vertex -7.83367 25.3342 4.6
      vertex -7.83367 25.3342 11.6
    endloop
  endfacet
  facet normal 0.973907 0.226946 0
    outer loop
      vertex -7.83367 25.3342 4.6
      vertex -7.82104 25.28 11.6
      vertex -7.82104 25.28 4.6
    endloop
  endfacet
  facet normal 0.032363 0.999476 -0
    outer loop
      vertex -7 24.65 4.6
      vertex -7.05559 24.6518 11.6
      vertex -7 24.65 11.6
    endloop
  endfacet
  facet normal 0.032363 0.999476 0
    outer loop
      vertex -7.05559 24.6518 11.6
      vertex -7 24.65 4.6
      vertex -7.05559 24.6518 4.6
    endloop
  endfacet
  facet normal 0.581238 0.813733 -0
    outer loop
      vertex -7.47223 24.7933 4.6
      vertex -7.51745 24.8256 11.6
      vertex -7.47223 24.7933 11.6
    endloop
  endfacet
  facet normal 0.581238 0.813733 0
    outer loop
      vertex -7.51745 24.8256 11.6
      vertex -7.47223 24.7933 4.6
      vertex -7.51745 24.8256 4.6
    endloop
  endfacet
  facet normal -0.936019 0.35195 0
    outer loop
      vertex -6.2147 25.1747 4.6
      vertex -6.19511 25.2268 11.6
      vertex -6.19511 25.2268 4.6
    endloop
  endfacet
  facet normal -0.936019 0.35195 0
    outer loop
      vertex -6.19511 25.2268 11.6
      vertex -6.2147 25.1747 4.6
      vertex -6.2147 25.1747 11.6
    endloop
  endfacet
  facet normal 0.634598 -0.772843 0
    outer loop
      vertex -7.56044 26.1391 4.6
      vertex -7.51745 26.1744 11.6
      vertex -7.56044 26.1391 11.6
    endloop
  endfacet
  facet normal 0.634598 -0.772843 0
    outer loop
      vertex -7.51745 26.1744 11.6
      vertex -7.56044 26.1391 4.6
      vertex -7.51745 26.1744 4.6
    endloop
  endfacet
  facet normal -0.986655 0.162825 0
    outer loop
      vertex -6.16633 25.3342 4.6
      vertex -6.15727 25.3891 11.6
      vertex -6.15727 25.3891 4.6
    endloop
  endfacet
  facet normal -0.986655 0.162825 0
    outer loop
      vertex -6.15727 25.3891 11.6
      vertex -6.16633 25.3342 4.6
      vertex -6.16633 25.3342 11.6
    endloop
  endfacet
  facet normal 0.161832 0.986818 -0
    outer loop
      vertex -7.11095 24.6573 4.6
      vertex -7.16583 24.6663 11.6
      vertex -7.11095 24.6573 11.6
    endloop
  endfacet
  facet normal 0.161832 0.986818 0
    outer loop
      vertex -7.16583 24.6663 11.6
      vertex -7.11095 24.6573 4.6
      vertex -7.16583 24.6663 4.6
    endloop
  endfacet
  facet normal 0.882104 -0.471054 0
    outer loop
      vertex -7.76234 25.8759 11.6
      vertex -7.73612 25.925 4.6
      vertex -7.73612 25.925 11.6
    endloop
  endfacet
  facet normal 0.882104 -0.471054 0
    outer loop
      vertex -7.73612 25.925 4.6
      vertex -7.76234 25.8759 11.6
      vertex -7.76234 25.8759 4.6
    endloop
  endfacet
  facet normal -0.729918 0.683534 0
    outer loop
      vertex -6.39896 24.899 4.6
      vertex -6.36094 24.9396 11.6
      vertex -6.36094 24.9396 4.6
    endloop
  endfacet
  facet normal -0.729918 0.683534 0
    outer loop
      vertex -6.36094 24.9396 11.6
      vertex -6.39896 24.899 4.6
      vertex -6.39896 24.899 11.6
    endloop
  endfacet
  facet normal 0.228258 0.973601 -0
    outer loop
      vertex -7.16583 24.6663 4.6
      vertex -7.22 24.679 11.6
      vertex -7.16583 24.6663 11.6
    endloop
  endfacet
  facet normal 0.228258 0.973601 0
    outer loop
      vertex -7.22 24.679 11.6
      vertex -7.16583 24.6663 4.6
      vertex -7.22 24.679 4.6
    endloop
  endfacet
  facet normal -0.6843 0.729201 0
    outer loop
      vertex -6.39896 24.899 4.6
      vertex -6.43956 24.8609 11.6
      vertex -6.39896 24.899 11.6
    endloop
  endfacet
  facet normal -0.6843 0.729201 0
    outer loop
      vertex -6.43956 24.8609 11.6
      vertex -6.39896 24.899 4.6
      vertex -6.43956 24.8609 4.6
    endloop
  endfacet
  facet normal 0.986655 0.162825 0
    outer loop
      vertex -7.83367 25.3342 11.6
      vertex -7.84273 25.3891 4.6
      vertex -7.84273 25.3891 11.6
    endloop
  endfacet
  facet normal 0.986655 0.162825 0
    outer loop
      vertex -7.84273 25.3891 4.6
      vertex -7.83367 25.3342 11.6
      vertex -7.83367 25.3342 4.6
    endloop
  endfacet
  facet normal -0.634598 -0.772843 0
    outer loop
      vertex -6.48255 26.1744 4.6
      vertex -6.43956 26.1391 11.6
      vertex -6.48255 26.1744 11.6
    endloop
  endfacet
  facet normal -0.634598 -0.772843 -0
    outer loop
      vertex -6.43956 26.1391 11.6
      vertex -6.48255 26.1744 4.6
      vertex -6.43956 26.1391 4.6
    endloop
  endfacet
  facet normal 0.910637 -0.413206 0
    outer loop
      vertex -7.7853 25.8253 11.6
      vertex -7.76234 25.8759 4.6
      vertex -7.76234 25.8759 11.6
    endloop
  endfacet
  facet normal 0.910637 -0.413206 0
    outer loop
      vertex -7.76234 25.8759 4.6
      vertex -7.7853 25.8253 11.6
      vertex -7.7853 25.8253 4.6
    endloop
  endfacet
  facet normal 0.729918 0.683534 0
    outer loop
      vertex -7.60104 24.899 11.6
      vertex -7.63906 24.9396 4.6
      vertex -7.63906 24.9396 11.6
    endloop
  endfacet
  facet normal 0.729918 0.683534 0
    outer loop
      vertex -7.63906 24.9396 4.6
      vertex -7.60104 24.899 11.6
      vertex -7.60104 24.899 4.6
    endloop
  endfacet
  facet normal 0.6843 0.729201 -0
    outer loop
      vertex -7.56044 24.8609 4.6
      vertex -7.60104 24.899 11.6
      vertex -7.56044 24.8609 11.6
    endloop
  endfacet
  facet normal 0.6843 0.729201 0
    outer loop
      vertex -7.60104 24.899 11.6
      vertex -7.56044 24.8609 4.6
      vertex -7.60104 24.899 4.6
    endloop
  endfacet
  facet normal 0.528463 -0.848956 0
    outer loop
      vertex -7.47223 26.2067 4.6
      vertex -7.425 26.2361 11.6
      vertex -7.47223 26.2067 11.6
    endloop
  endfacet
  facet normal 0.528463 -0.848956 0
    outer loop
      vertex -7.425 26.2361 11.6
      vertex -7.47223 26.2067 4.6
      vertex -7.425 26.2361 4.6
    endloop
  endfacet
  facet normal 0.6843 -0.729201 0
    outer loop
      vertex -7.60104 26.101 4.6
      vertex -7.56044 26.1391 11.6
      vertex -7.60104 26.101 11.6
    endloop
  endfacet
  facet normal 0.6843 -0.729201 0
    outer loop
      vertex -7.56044 26.1391 11.6
      vertex -7.60104 26.101 4.6
      vertex -7.56044 26.1391 4.6
    endloop
  endfacet
  facet normal 0.995179 -0.0980782 0
    outer loop
      vertex -7.84818 25.5556 11.6
      vertex -7.84273 25.6109 4.6
      vertex -7.84273 25.6109 11.6
    endloop
  endfacet
  facet normal 0.995179 -0.0980782 0
    outer loop
      vertex -7.84273 25.6109 4.6
      vertex -7.84818 25.5556 11.6
      vertex -7.84818 25.5556 4.6
    endloop
  endfacet
  facet normal 0.161832 -0.986818 0
    outer loop
      vertex -7.16583 26.3337 4.6
      vertex -7.11095 26.3427 11.6
      vertex -7.16583 26.3337 11.6
    endloop
  endfacet
  facet normal 0.161832 -0.986818 0
    outer loop
      vertex -7.11095 26.3427 11.6
      vertex -7.16583 26.3337 4.6
      vertex -7.11095 26.3427 4.6
    endloop
  endfacet
  facet normal 0.413329 -0.910582 0
    outer loop
      vertex -7.37595 26.2623 4.6
      vertex -7.32528 26.2853 11.6
      vertex -7.37595 26.2623 11.6
    endloop
  endfacet
  facet normal 0.413329 -0.910582 0
    outer loop
      vertex -7.32528 26.2853 11.6
      vertex -7.37595 26.2623 4.6
      vertex -7.32528 26.2853 4.6
    endloop
  endfacet
  facet normal 0.471148 0.882054 -0
    outer loop
      vertex -7.37595 24.7377 4.6
      vertex -7.425 24.7639 11.6
      vertex -7.37595 24.7377 11.6
    endloop
  endfacet
  facet normal 0.471148 0.882054 0
    outer loop
      vertex -7.425 24.7639 11.6
      vertex -7.37595 24.7377 4.6
      vertex -7.425 24.7639 4.6
    endloop
  endfacet
  facet normal -0.81276 -0.582598 0
    outer loop
      vertex -6.29325 25.9722 4.6
      vertex -6.32565 26.0174 11.6
      vertex -6.32565 26.0174 4.6
    endloop
  endfacet
  facet normal -0.81276 -0.582598 0
    outer loop
      vertex -6.32565 26.0174 11.6
      vertex -6.29325 25.9722 4.6
      vertex -6.29325 25.9722 11.6
    endloop
  endfacet
  facet normal 0.729918 -0.683534 0
    outer loop
      vertex -7.63906 26.0604 11.6
      vertex -7.60104 26.101 4.6
      vertex -7.60104 26.101 11.6
    endloop
  endfacet
  facet normal 0.729918 -0.683534 0
    outer loop
      vertex -7.60104 26.101 4.6
      vertex -7.63906 26.0604 11.6
      vertex -7.63906 26.0604 4.6
    endloop
  endfacet
  facet normal -0.032363 0.999476 0
    outer loop
      vertex -6.94441 24.6518 4.6
      vertex -7 24.65 11.6
      vertex -6.94441 24.6518 11.6
    endloop
  endfacet
  facet normal -0.032363 0.999476 0
    outer loop
      vertex -7 24.65 11.6
      vertex -6.94441 24.6518 4.6
      vertex -7 24.65 4.6
    endloop
  endfacet
  facet normal -0.161832 -0.986818 0
    outer loop
      vertex -6.88905 26.3427 4.6
      vertex -6.83417 26.3337 11.6
      vertex -6.88905 26.3427 11.6
    endloop
  endfacet
  facet normal -0.161832 -0.986818 -0
    outer loop
      vertex -6.83417 26.3337 11.6
      vertex -6.88905 26.3427 4.6
      vertex -6.83417 26.3337 4.6
    endloop
  endfacet
  facet normal -0.289558 0.95716 0
    outer loop
      vertex -6.72678 24.6951 4.6
      vertex -6.78 24.679 11.6
      vertex -6.72678 24.6951 11.6
    endloop
  endfacet
  facet normal -0.289558 0.95716 0
    outer loop
      vertex -6.78 24.679 11.6
      vertex -6.72678 24.6951 4.6
      vertex -6.78 24.679 4.6
    endloop
  endfacet
  facet normal 0.956881 -0.290482 0
    outer loop
      vertex -7.82104 25.72 11.6
      vertex -7.80489 25.7732 4.6
      vertex -7.80489 25.7732 11.6
    endloop
  endfacet
  facet normal 0.956881 -0.290482 0
    outer loop
      vertex -7.80489 25.7732 4.6
      vertex -7.82104 25.72 11.6
      vertex -7.82104 25.72 4.6
    endloop
  endfacet
  facet normal 0.936019 -0.35195 0
    outer loop
      vertex -7.80489 25.7732 11.6
      vertex -7.7853 25.8253 4.6
      vertex -7.7853 25.8253 11.6
    endloop
  endfacet
  facet normal 0.936019 -0.35195 0
    outer loop
      vertex -7.7853 25.8253 4.6
      vertex -7.80489 25.7732 11.6
      vertex -7.80489 25.7732 4.6
    endloop
  endfacet
  facet normal 0.581238 -0.813733 0
    outer loop
      vertex -7.51745 26.1744 4.6
      vertex -7.47223 26.2067 11.6
      vertex -7.51745 26.1744 11.6
    endloop
  endfacet
  facet normal 0.581238 -0.813733 0
    outer loop
      vertex -7.47223 26.2067 11.6
      vertex -7.51745 26.1744 4.6
      vertex -7.47223 26.2067 4.6
    endloop
  endfacet
  facet normal 0.813733 -0.581238 0
    outer loop
      vertex 25.2933 2.47223 11.6
      vertex 25.3256 2.51745 4.6
      vertex 25.3256 2.51745 11.6
    endloop
  endfacet
  facet normal 0.813733 -0.581238 0
    outer loop
      vertex 25.3256 2.51745 4.6
      vertex 25.2933 2.47223 11.6
      vertex 25.2933 2.47223 4.6
    endloop
  endfacet
  facet normal -0.995101 0.098863 0
    outer loop
      vertex 26.8427 1.88905 4.6
      vertex 26.8482 1.94441 11.6
      vertex 26.8482 1.94441 4.6
    endloop
  endfacet
  facet normal -0.995101 0.098863 0
    outer loop
      vertex 26.8482 1.94441 11.6
      vertex 26.8427 1.88905 4.6
      vertex 26.8427 1.88905 11.6
    endloop
  endfacet
  facet normal -0.999476 0.032363 0
    outer loop
      vertex 26.8482 1.94441 4.6
      vertex 26.85 2 11.6
      vertex 26.85 2 4.6
    endloop
  endfacet
  facet normal -0.999476 0.032363 0
    outer loop
      vertex 26.85 2 11.6
      vertex 26.8482 1.94441 4.6
      vertex 26.8482 1.94441 11.6
    endloop
  endfacet
  facet normal 0.910582 0.413329 0
    outer loop
      vertex 25.2377 1.62405 11.6
      vertex 25.2147 1.67472 4.6
      vertex 25.2147 1.67472 11.6
    endloop
  endfacet
  facet normal 0.910582 0.413329 0
    outer loop
      vertex 25.2147 1.67472 4.6
      vertex 25.2377 1.62405 11.6
      vertex 25.2377 1.62405 4.6
    endloop
  endfacet
  facet normal 0.95716 0.289558 0
    outer loop
      vertex 25.1951 1.72678 11.6
      vertex 25.179 1.78 4.6
      vertex 25.179 1.78 11.6
    endloop
  endfacet
  facet normal 0.95716 0.289558 0
    outer loop
      vertex 25.179 1.78 4.6
      vertex 25.1951 1.72678 11.6
      vertex 25.1951 1.72678 4.6
    endloop
  endfacet
  facet normal 0.35195 0.936019 -0
    outer loop
      vertex 25.7268 1.19511 4.6
      vertex 25.6747 1.2147 11.6
      vertex 25.7268 1.19511 11.6
    endloop
  endfacet
  facet normal 0.35195 0.936019 0
    outer loop
      vertex 25.6747 1.2147 11.6
      vertex 25.7268 1.19511 4.6
      vertex 25.6747 1.2147 4.6
    endloop
  endfacet
  facet normal -0.772843 0.634598 0
    outer loop
      vertex 26.6391 1.43956 4.6
      vertex 26.6744 1.48255 11.6
      vertex 26.6744 1.48255 4.6
    endloop
  endfacet
  facet normal -0.772843 0.634598 0
    outer loop
      vertex 26.6744 1.48255 11.6
      vertex 26.6391 1.43956 4.6
      vertex 26.6391 1.43956 11.6
    endloop
  endfacet
  facet normal -0.528316 0.849048 0
    outer loop
      vertex 26.4722 1.29325 4.6
      vertex 26.425 1.26388 11.6
      vertex 26.4722 1.29325 11.6
    endloop
  endfacet
  facet normal -0.528316 0.849048 0
    outer loop
      vertex 26.425 1.26388 11.6
      vertex 26.4722 1.29325 4.6
      vertex 26.425 1.26388 4.6
    endloop
  endfacet
  facet normal 0.0980782 0.995179 -0
    outer loop
      vertex 25.9444 1.15182 4.6
      vertex 25.8891 1.15727 11.6
      vertex 25.9444 1.15182 11.6
    endloop
  endfacet
  facet normal 0.0980782 0.995179 0
    outer loop
      vertex 25.8891 1.15727 11.6
      vertex 25.9444 1.15182 4.6
      vertex 25.8891 1.15727 4.6
    endloop
  endfacet
  facet normal -0.910582 -0.413329 0
    outer loop
      vertex 26.7853 2.32528 4.6
      vertex 26.7623 2.37595 11.6
      vertex 26.7623 2.37595 4.6
    endloop
  endfacet
  facet normal -0.910582 -0.413329 0
    outer loop
      vertex 26.7623 2.37595 11.6
      vertex 26.7853 2.32528 4.6
      vertex 26.7853 2.32528 11.6
    endloop
  endfacet
  facet normal 0.995101 0.098863 0
    outer loop
      vertex 25.1573 1.88905 11.6
      vertex 25.1518 1.94441 4.6
      vertex 25.1518 1.94441 11.6
    endloop
  endfacet
  facet normal 0.995101 0.098863 0
    outer loop
      vertex 25.1518 1.94441 4.6
      vertex 25.1573 1.88905 11.6
      vertex 25.1573 1.88905 4.6
    endloop
  endfacet
  facet normal 0.290482 -0.956881 0
    outer loop
      vertex 25.7268 2.80489 4.6
      vertex 25.78 2.82104 11.6
      vertex 25.7268 2.80489 11.6
    endloop
  endfacet
  facet normal 0.290482 -0.956881 0
    outer loop
      vertex 25.78 2.82104 11.6
      vertex 25.7268 2.80489 4.6
      vertex 25.78 2.82104 4.6
    endloop
  endfacet
  facet normal -0.582598 0.81276 0
    outer loop
      vertex 26.5174 1.32565 4.6
      vertex 26.4722 1.29325 11.6
      vertex 26.5174 1.32565 11.6
    endloop
  endfacet
  facet normal -0.582598 0.81276 0
    outer loop
      vertex 26.4722 1.29325 11.6
      vertex 26.5174 1.32565 4.6
      vertex 26.4722 1.29325 4.6
    endloop
  endfacet
  facet normal -0.471054 -0.882104 0
    outer loop
      vertex 26.3759 2.76234 4.6
      vertex 26.425 2.73612 11.6
      vertex 26.3759 2.76234 11.6
    endloop
  endfacet
  facet normal -0.471054 -0.882104 -0
    outer loop
      vertex 26.425 2.73612 11.6
      vertex 26.3759 2.76234 4.6
      vertex 26.425 2.73612 4.6
    endloop
  endfacet
  facet normal -0.93587 -0.352345 0
    outer loop
      vertex 26.8049 2.27322 4.6
      vertex 26.7853 2.32528 11.6
      vertex 26.7853 2.32528 4.6
    endloop
  endfacet
  facet normal -0.93587 -0.352345 0
    outer loop
      vertex 26.7853 2.32528 11.6
      vertex 26.8049 2.27322 4.6
      vertex 26.8049 2.27322 11.6
    endloop
  endfacet
  facet normal -0.413206 -0.910637 0
    outer loop
      vertex 26.3253 2.7853 4.6
      vertex 26.3759 2.76234 11.6
      vertex 26.3253 2.7853 11.6
    endloop
  endfacet
  facet normal -0.413206 -0.910637 -0
    outer loop
      vertex 26.3759 2.76234 11.6
      vertex 26.3253 2.7853 4.6
      vertex 26.3759 2.76234 4.6
    endloop
  endfacet
  facet normal -0.772843 -0.634598 0
    outer loop
      vertex 26.6744 2.51745 4.6
      vertex 26.6391 2.56044 11.6
      vertex 26.6391 2.56044 4.6
    endloop
  endfacet
  facet normal -0.772843 -0.634598 0
    outer loop
      vertex 26.6391 2.56044 11.6
      vertex 26.6744 2.51745 4.6
      vertex 26.6744 2.51745 11.6
    endloop
  endfacet
  facet normal -0.973601 0.228258 0
    outer loop
      vertex 26.821 1.78 4.6
      vertex 26.8337 1.83417 11.6
      vertex 26.8337 1.83417 4.6
    endloop
  endfacet
  facet normal -0.973601 0.228258 0
    outer loop
      vertex 26.8337 1.83417 11.6
      vertex 26.821 1.78 4.6
      vertex 26.821 1.78 11.6
    endloop
  endfacet
  facet normal -0.582598 -0.81276 0
    outer loop
      vertex 26.4722 2.70675 4.6
      vertex 26.5174 2.67435 11.6
      vertex 26.4722 2.70675 11.6
    endloop
  endfacet
  facet normal -0.582598 -0.81276 -0
    outer loop
      vertex 26.5174 2.67435 11.6
      vertex 26.4722 2.70675 4.6
      vertex 26.5174 2.67435 4.6
    endloop
  endfacet
  facet normal 0.848956 0.528463 0
    outer loop
      vertex 25.2933 1.52777 11.6
      vertex 25.2639 1.575 4.6
      vertex 25.2639 1.575 11.6
    endloop
  endfacet
  facet normal 0.848956 0.528463 0
    outer loop
      vertex 25.2639 1.575 4.6
      vertex 25.2933 1.52777 11.6
      vertex 25.2933 1.52777 4.6
    endloop
  endfacet
  facet normal 0.413206 0.910637 -0
    outer loop
      vertex 25.6747 1.2147 4.6
      vertex 25.6241 1.23766 11.6
      vertex 25.6747 1.2147 11.6
    endloop
  endfacet
  facet normal 0.413206 0.910637 0
    outer loop
      vertex 25.6241 1.23766 11.6
      vertex 25.6747 1.2147 4.6
      vertex 25.6241 1.23766 4.6
    endloop
  endfacet
  facet normal -0.999476 -0.032363 0
    outer loop
      vertex 26.85 2 4.6
      vertex 26.8482 2.05559 11.6
      vertex 26.8482 2.05559 4.6
    endloop
  endfacet
  facet normal -0.999476 -0.032363 0
    outer loop
      vertex 26.8482 2.05559 11.6
      vertex 26.85 2 4.6
      vertex 26.85 2 11.6
    endloop
  endfacet
  facet normal 0.471054 -0.882104 0
    outer loop
      vertex 25.575 2.73612 4.6
      vertex 25.6241 2.76234 11.6
      vertex 25.575 2.73612 11.6
    endloop
  endfacet
  facet normal 0.471054 -0.882104 0
    outer loop
      vertex 25.6241 2.76234 11.6
      vertex 25.575 2.73612 4.6
      vertex 25.6241 2.76234 4.6
    endloop
  endfacet
  facet normal -0.95716 0.289558 0
    outer loop
      vertex 26.8049 1.72678 4.6
      vertex 26.821 1.78 11.6
      vertex 26.821 1.78 4.6
    endloop
  endfacet
  facet normal -0.95716 0.289558 0
    outer loop
      vertex 26.821 1.78 11.6
      vertex 26.8049 1.72678 4.6
      vertex 26.8049 1.72678 11.6
    endloop
  endfacet
  facet normal -0.848956 -0.528463 0
    outer loop
      vertex 26.7361 2.425 4.6
      vertex 26.7067 2.47223 11.6
      vertex 26.7067 2.47223 4.6
    endloop
  endfacet
  facet normal -0.848956 -0.528463 0
    outer loop
      vertex 26.7067 2.47223 11.6
      vertex 26.7361 2.425 4.6
      vertex 26.7361 2.425 11.6
    endloop
  endfacet
  facet normal -0.413206 0.910637 0
    outer loop
      vertex 26.3759 1.23766 4.6
      vertex 26.3253 1.2147 11.6
      vertex 26.3759 1.23766 11.6
    endloop
  endfacet
  facet normal -0.413206 0.910637 0
    outer loop
      vertex 26.3253 1.2147 11.6
      vertex 26.3759 1.23766 4.6
      vertex 26.3253 1.2147 4.6
    endloop
  endfacet
  facet normal -0.471054 0.882104 0
    outer loop
      vertex 26.425 1.26388 4.6
      vertex 26.3759 1.23766 11.6
      vertex 26.425 1.26388 11.6
    endloop
  endfacet
  facet normal -0.471054 0.882104 0
    outer loop
      vertex 26.3759 1.23766 11.6
      vertex 26.425 1.26388 4.6
      vertex 26.3759 1.23766 4.6
    endloop
  endfacet
  facet normal 0.882054 0.471148 0
    outer loop
      vertex 25.2639 1.575 11.6
      vertex 25.2377 1.62405 4.6
      vertex 25.2377 1.62405 11.6
    endloop
  endfacet
  facet normal 0.882054 0.471148 0
    outer loop
      vertex 25.2377 1.62405 4.6
      vertex 25.2639 1.575 11.6
      vertex 25.2639 1.575 4.6
    endloop
  endfacet
  facet normal -0.729201 -0.6843 0
    outer loop
      vertex 26.6391 2.56044 4.6
      vertex 26.601 2.60104 11.6
      vertex 26.601 2.60104 4.6
    endloop
  endfacet
  facet normal -0.729201 -0.6843 0
    outer loop
      vertex 26.601 2.60104 11.6
      vertex 26.6391 2.56044 4.6
      vertex 26.6391 2.56044 11.6
    endloop
  endfacet
  facet normal 0.999476 -0.032363 0
    outer loop
      vertex 25.15 2 11.6
      vertex 25.1518 2.05559 4.6
      vertex 25.1518 2.05559 11.6
    endloop
  endfacet
  facet normal 0.999476 -0.032363 0
    outer loop
      vertex 25.1518 2.05559 4.6
      vertex 25.15 2 11.6
      vertex 25.15 2 4.6
    endloop
  endfacet
  facet normal 0.634402 0.773003 -0
    outer loop
      vertex 25.4826 1.32565 4.6
      vertex 25.4396 1.36094 11.6
      vertex 25.4826 1.32565 11.6
    endloop
  endfacet
  facet normal 0.634402 0.773003 0
    outer loop
      vertex 25.4396 1.36094 11.6
      vertex 25.4826 1.32565 4.6
      vertex 25.4396 1.36094 4.6
    endloop
  endfacet
  facet normal 0.35195 -0.936019 0
    outer loop
      vertex 25.6747 2.7853 4.6
      vertex 25.7268 2.80489 11.6
      vertex 25.6747 2.7853 11.6
    endloop
  endfacet
  facet normal 0.35195 -0.936019 0
    outer loop
      vertex 25.7268 2.80489 11.6
      vertex 25.6747 2.7853 4.6
      vertex 25.7268 2.80489 4.6
    endloop
  endfacet
  facet normal 0.986818 -0.161832 0
    outer loop
      vertex 25.1573 2.11095 11.6
      vertex 25.1663 2.16583 4.6
      vertex 25.1663 2.16583 11.6
    endloop
  endfacet
  facet normal 0.986818 -0.161832 0
    outer loop
      vertex 25.1663 2.16583 4.6
      vertex 25.1573 2.11095 11.6
      vertex 25.1573 2.11095 4.6
    endloop
  endfacet
  facet normal -0.226946 0.973907 0
    outer loop
      vertex 26.22 1.17896 4.6
      vertex 26.1658 1.16633 11.6
      vertex 26.22 1.17896 11.6
    endloop
  endfacet
  facet normal -0.226946 0.973907 0
    outer loop
      vertex 26.1658 1.16633 11.6
      vertex 26.22 1.17896 4.6
      vertex 26.1658 1.16633 4.6
    endloop
  endfacet
  facet normal 0.772843 0.634598 0
    outer loop
      vertex 25.3609 1.43956 11.6
      vertex 25.3256 1.48255 4.6
      vertex 25.3256 1.48255 11.6
    endloop
  endfacet
  facet normal 0.772843 0.634598 0
    outer loop
      vertex 25.3256 1.48255 4.6
      vertex 25.3609 1.43956 11.6
      vertex 25.3609 1.43956 4.6
    endloop
  endfacet
  facet normal -0.882054 -0.471148 0
    outer loop
      vertex 26.7623 2.37595 4.6
      vertex 26.7361 2.425 11.6
      vertex 26.7361 2.425 4.6
    endloop
  endfacet
  facet normal -0.882054 -0.471148 0
    outer loop
      vertex 26.7361 2.425 11.6
      vertex 26.7623 2.37595 4.6
      vertex 26.7623 2.37595 11.6
    endloop
  endfacet
  facet normal 0.999476 0.032363 0
    outer loop
      vertex 25.1518 1.94441 11.6
      vertex 25.15 2 4.6
      vertex 25.15 2 11.6
    endloop
  endfacet
  facet normal 0.999476 0.032363 0
    outer loop
      vertex 25.15 2 4.6
      vertex 25.1518 1.94441 11.6
      vertex 25.1518 1.94441 4.6
    endloop
  endfacet
  facet normal -0.986818 -0.161832 0
    outer loop
      vertex 26.8427 2.11095 4.6
      vertex 26.8337 2.16583 11.6
      vertex 26.8337 2.16583 4.6
    endloop
  endfacet
  facet normal -0.986818 -0.161832 0
    outer loop
      vertex 26.8337 2.16583 11.6
      vertex 26.8427 2.11095 4.6
      vertex 26.8427 2.11095 11.6
    endloop
  endfacet
  facet normal -0.634402 0.773003 0
    outer loop
      vertex 26.5604 1.36094 4.6
      vertex 26.5174 1.32565 11.6
      vertex 26.5604 1.36094 11.6
    endloop
  endfacet
  facet normal -0.634402 0.773003 0
    outer loop
      vertex 26.5174 1.32565 11.6
      vertex 26.5604 1.36094 4.6
      vertex 26.5174 1.32565 4.6
    endloop
  endfacet
  facet normal -0.162825 0.986655 0
    outer loop
      vertex 26.1658 1.16633 4.6
      vertex 26.1109 1.15727 11.6
      vertex 26.1658 1.16633 11.6
    endloop
  endfacet
  facet normal -0.162825 0.986655 0
    outer loop
      vertex 26.1109 1.15727 11.6
      vertex 26.1658 1.16633 4.6
      vertex 26.1109 1.15727 4.6
    endloop
  endfacet
  facet normal -0.0980782 -0.995179 0
    outer loop
      vertex 26.0556 2.84818 4.6
      vertex 26.1109 2.84273 11.6
      vertex 26.0556 2.84818 11.6
    endloop
  endfacet
  facet normal -0.0980782 -0.995179 -0
    outer loop
      vertex 26.1109 2.84273 11.6
      vertex 26.0556 2.84818 4.6
      vertex 26.1109 2.84273 4.6
    endloop
  endfacet
  facet normal -0.35195 0.936019 0
    outer loop
      vertex 26.3253 1.2147 4.6
      vertex 26.2732 1.19511 11.6
      vertex 26.3253 1.2147 11.6
    endloop
  endfacet
  facet normal -0.35195 0.936019 0
    outer loop
      vertex 26.2732 1.19511 11.6
      vertex 26.3253 1.2147 4.6
      vertex 26.2732 1.19511 4.6
    endloop
  endfacet
  facet normal -0.973601 -0.228258 0
    outer loop
      vertex 26.8337 2.16583 4.6
      vertex 26.821 2.22 11.6
      vertex 26.821 2.22 4.6
    endloop
  endfacet
  facet normal -0.973601 -0.228258 0
    outer loop
      vertex 26.821 2.22 11.6
      vertex 26.8337 2.16583 4.6
      vertex 26.8337 2.16583 11.6
    endloop
  endfacet
  facet normal 0.848956 -0.528463 0
    outer loop
      vertex 25.2639 2.425 11.6
      vertex 25.2933 2.47223 4.6
      vertex 25.2933 2.47223 11.6
    endloop
  endfacet
  facet normal 0.848956 -0.528463 0
    outer loop
      vertex 25.2933 2.47223 4.6
      vertex 25.2639 2.425 11.6
      vertex 25.2639 2.425 4.6
    endloop
  endfacet
  facet normal 0.813733 0.581238 0
    outer loop
      vertex 25.3256 1.48255 11.6
      vertex 25.2933 1.52777 4.6
      vertex 25.2933 1.52777 11.6
    endloop
  endfacet
  facet normal 0.813733 0.581238 0
    outer loop
      vertex 25.2933 1.52777 4.6
      vertex 25.3256 1.48255 11.6
      vertex 25.3256 1.48255 4.6
    endloop
  endfacet
  facet normal -0.0980782 0.995179 0
    outer loop
      vertex 26.1109 1.15727 4.6
      vertex 26.0556 1.15182 11.6
      vertex 26.1109 1.15727 11.6
    endloop
  endfacet
  facet normal -0.0980782 0.995179 0
    outer loop
      vertex 26.0556 1.15182 11.6
      vertex 26.1109 1.15727 4.6
      vertex 26.0556 1.15182 4.6
    endloop
  endfacet
  facet normal -0.813733 0.581238 0
    outer loop
      vertex 26.6744 1.48255 4.6
      vertex 26.7067 1.52777 11.6
      vertex 26.7067 1.52777 4.6
    endloop
  endfacet
  facet normal -0.813733 0.581238 0
    outer loop
      vertex 26.7067 1.52777 11.6
      vertex 26.6744 1.48255 4.6
      vertex 26.6744 1.48255 11.6
    endloop
  endfacet
  facet normal -0.910582 0.413329 0
    outer loop
      vertex 26.7623 1.62405 4.6
      vertex 26.7853 1.67472 11.6
      vertex 26.7853 1.67472 4.6
    endloop
  endfacet
  facet normal -0.910582 0.413329 0
    outer loop
      vertex 26.7853 1.67472 11.6
      vertex 26.7623 1.62405 4.6
      vertex 26.7623 1.62405 11.6
    endloop
  endfacet
  facet normal -0.0327163 -0.999465 0
    outer loop
      vertex 26 2.85 4.6
      vertex 26.0556 2.84818 11.6
      vertex 26 2.85 11.6
    endloop
  endfacet
  facet normal -0.0327163 -0.999465 -0
    outer loop
      vertex 26.0556 2.84818 11.6
      vertex 26 2.85 4.6
      vertex 26.0556 2.84818 4.6
    endloop
  endfacet
  facet normal 0.0327163 -0.999465 0
    outer loop
      vertex 25.9444 2.84818 4.6
      vertex 26 2.85 11.6
      vertex 25.9444 2.84818 11.6
    endloop
  endfacet
  facet normal 0.0327163 -0.999465 0
    outer loop
      vertex 26 2.85 11.6
      vertex 25.9444 2.84818 4.6
      vertex 26 2.85 4.6
    endloop
  endfacet
  facet normal -0.290482 -0.956881 0
    outer loop
      vertex 26.22 2.82104 4.6
      vertex 26.2732 2.80489 11.6
      vertex 26.22 2.82104 11.6
    endloop
  endfacet
  facet normal -0.290482 -0.956881 -0
    outer loop
      vertex 26.2732 2.80489 11.6
      vertex 26.22 2.82104 4.6
      vertex 26.2732 2.80489 4.6
    endloop
  endfacet
  facet normal 0.772843 -0.634598 0
    outer loop
      vertex 25.3256 2.51745 11.6
      vertex 25.3609 2.56044 4.6
      vertex 25.3609 2.56044 11.6
    endloop
  endfacet
  facet normal 0.772843 -0.634598 0
    outer loop
      vertex 25.3609 2.56044 4.6
      vertex 25.3256 2.51745 11.6
      vertex 25.3256 2.51745 4.6
    endloop
  endfacet
  facet normal -0.528316 -0.849048 0
    outer loop
      vertex 26.425 2.73612 4.6
      vertex 26.4722 2.70675 11.6
      vertex 26.425 2.73612 11.6
    endloop
  endfacet
  facet normal -0.528316 -0.849048 -0
    outer loop
      vertex 26.4722 2.70675 11.6
      vertex 26.425 2.73612 4.6
      vertex 26.4722 2.70675 4.6
    endloop
  endfacet
  facet normal -0.995101 -0.098863 0
    outer loop
      vertex 26.8482 2.05559 4.6
      vertex 26.8427 2.11095 11.6
      vertex 26.8427 2.11095 4.6
    endloop
  endfacet
  facet normal -0.995101 -0.098863 0
    outer loop
      vertex 26.8427 2.11095 11.6
      vertex 26.8482 2.05559 4.6
      vertex 26.8482 2.05559 11.6
    endloop
  endfacet
  facet normal 0.0980782 -0.995179 0
    outer loop
      vertex 25.8891 2.84273 4.6
      vertex 25.9444 2.84818 11.6
      vertex 25.8891 2.84273 11.6
    endloop
  endfacet
  facet normal 0.0980782 -0.995179 0
    outer loop
      vertex 25.9444 2.84818 11.6
      vertex 25.8891 2.84273 4.6
      vertex 25.9444 2.84818 4.6
    endloop
  endfacet
  facet normal 0.973601 -0.228258 0
    outer loop
      vertex 25.1663 2.16583 11.6
      vertex 25.179 2.22 4.6
      vertex 25.179 2.22 11.6
    endloop
  endfacet
  facet normal 0.973601 -0.228258 0
    outer loop
      vertex 25.179 2.22 4.6
      vertex 25.1663 2.16583 11.6
      vertex 25.1663 2.16583 4.6
    endloop
  endfacet
  facet normal 0.528316 0.849048 -0
    outer loop
      vertex 25.575 1.26388 4.6
      vertex 25.5278 1.29325 11.6
      vertex 25.575 1.26388 11.6
    endloop
  endfacet
  facet normal 0.528316 0.849048 0
    outer loop
      vertex 25.5278 1.29325 11.6
      vertex 25.575 1.26388 4.6
      vertex 25.5278 1.29325 4.6
    endloop
  endfacet
  facet normal -0.226946 -0.973907 0
    outer loop
      vertex 26.1658 2.83367 4.6
      vertex 26.22 2.82104 11.6
      vertex 26.1658 2.83367 11.6
    endloop
  endfacet
  facet normal -0.226946 -0.973907 -0
    outer loop
      vertex 26.22 2.82104 11.6
      vertex 26.1658 2.83367 4.6
      vertex 26.22 2.82104 4.6
    endloop
  endfacet
  facet normal -0.95716 -0.289558 0
    outer loop
      vertex 26.821 2.22 4.6
      vertex 26.8049 2.27322 11.6
      vertex 26.8049 2.27322 4.6
    endloop
  endfacet
  facet normal -0.95716 -0.289558 0
    outer loop
      vertex 26.8049 2.27322 11.6
      vertex 26.821 2.22 4.6
      vertex 26.821 2.22 11.6
    endloop
  endfacet
  facet normal -0.683534 -0.729918 0
    outer loop
      vertex 26.5604 2.63906 4.6
      vertex 26.601 2.60104 11.6
      vertex 26.5604 2.63906 11.6
    endloop
  endfacet
  facet normal -0.683534 -0.729918 -0
    outer loop
      vertex 26.601 2.60104 11.6
      vertex 26.5604 2.63906 4.6
      vertex 26.601 2.60104 4.6
    endloop
  endfacet
  facet normal -0.848956 0.528463 0
    outer loop
      vertex 26.7067 1.52777 4.6
      vertex 26.7361 1.575 11.6
      vertex 26.7361 1.575 4.6
    endloop
  endfacet
  facet normal -0.848956 0.528463 0
    outer loop
      vertex 26.7361 1.575 11.6
      vertex 26.7067 1.52777 4.6
      vertex 26.7067 1.52777 11.6
    endloop
  endfacet
  facet normal -0.35195 -0.936019 0
    outer loop
      vertex 26.2732 2.80489 4.6
      vertex 26.3253 2.7853 11.6
      vertex 26.2732 2.80489 11.6
    endloop
  endfacet
  facet normal -0.35195 -0.936019 -0
    outer loop
      vertex 26.3253 2.7853 11.6
      vertex 26.2732 2.80489 4.6
      vertex 26.3253 2.7853 4.6
    endloop
  endfacet
  facet normal 0.93587 0.352345 0
    outer loop
      vertex 25.2147 1.67472 11.6
      vertex 25.1951 1.72678 4.6
      vertex 25.1951 1.72678 11.6
    endloop
  endfacet
  facet normal 0.93587 0.352345 0
    outer loop
      vertex 25.1951 1.72678 4.6
      vertex 25.2147 1.67472 11.6
      vertex 25.2147 1.67472 4.6
    endloop
  endfacet
  facet normal -0.882054 0.471148 0
    outer loop
      vertex 26.7361 1.575 4.6
      vertex 26.7623 1.62405 11.6
      vertex 26.7623 1.62405 4.6
    endloop
  endfacet
  facet normal -0.882054 0.471148 0
    outer loop
      vertex 26.7623 1.62405 11.6
      vertex 26.7361 1.575 4.6
      vertex 26.7361 1.575 11.6
    endloop
  endfacet
  facet normal 0.290482 0.956881 -0
    outer loop
      vertex 25.78 1.17896 4.6
      vertex 25.7268 1.19511 11.6
      vertex 25.78 1.17896 11.6
    endloop
  endfacet
  facet normal 0.290482 0.956881 0
    outer loop
      vertex 25.7268 1.19511 11.6
      vertex 25.78 1.17896 4.6
      vertex 25.7268 1.19511 4.6
    endloop
  endfacet
  facet normal 0.226946 -0.973907 0
    outer loop
      vertex 25.78 2.82104 4.6
      vertex 25.8342 2.83367 11.6
      vertex 25.78 2.82104 11.6
    endloop
  endfacet
  facet normal 0.226946 -0.973907 0
    outer loop
      vertex 25.8342 2.83367 11.6
      vertex 25.78 2.82104 4.6
      vertex 25.8342 2.83367 4.6
    endloop
  endfacet
  facet normal 0.973601 0.228258 0
    outer loop
      vertex 25.179 1.78 11.6
      vertex 25.1663 1.83417 4.6
      vertex 25.1663 1.83417 11.6
    endloop
  endfacet
  facet normal 0.973601 0.228258 0
    outer loop
      vertex 25.1663 1.83417 4.6
      vertex 25.179 1.78 11.6
      vertex 25.179 1.78 4.6
    endloop
  endfacet
  facet normal 0.0327163 0.999465 -0
    outer loop
      vertex 26 1.15 4.6
      vertex 25.9444 1.15182 11.6
      vertex 26 1.15 11.6
    endloop
  endfacet
  facet normal 0.0327163 0.999465 0
    outer loop
      vertex 25.9444 1.15182 11.6
      vertex 26 1.15 4.6
      vertex 25.9444 1.15182 4.6
    endloop
  endfacet
  facet normal 0.582598 0.81276 -0
    outer loop
      vertex 25.5278 1.29325 4.6
      vertex 25.4826 1.32565 11.6
      vertex 25.5278 1.29325 11.6
    endloop
  endfacet
  facet normal 0.582598 0.81276 0
    outer loop
      vertex 25.4826 1.32565 11.6
      vertex 25.5278 1.29325 4.6
      vertex 25.4826 1.32565 4.6
    endloop
  endfacet
  facet normal -0.93587 0.352345 0
    outer loop
      vertex 26.7853 1.67472 4.6
      vertex 26.8049 1.72678 11.6
      vertex 26.8049 1.72678 4.6
    endloop
  endfacet
  facet normal -0.93587 0.352345 0
    outer loop
      vertex 26.8049 1.72678 11.6
      vertex 26.7853 1.67472 4.6
      vertex 26.7853 1.67472 11.6
    endloop
  endfacet
  facet normal 0.634402 -0.773003 0
    outer loop
      vertex 25.4396 2.63906 4.6
      vertex 25.4826 2.67435 11.6
      vertex 25.4396 2.63906 11.6
    endloop
  endfacet
  facet normal 0.634402 -0.773003 0
    outer loop
      vertex 25.4826 2.67435 11.6
      vertex 25.4396 2.63906 4.6
      vertex 25.4826 2.67435 4.6
    endloop
  endfacet
  facet normal -0.986818 0.161832 0
    outer loop
      vertex 26.8337 1.83417 4.6
      vertex 26.8427 1.88905 11.6
      vertex 26.8427 1.88905 4.6
    endloop
  endfacet
  facet normal -0.986818 0.161832 0
    outer loop
      vertex 26.8427 1.88905 11.6
      vertex 26.8337 1.83417 4.6
      vertex 26.8337 1.83417 11.6
    endloop
  endfacet
  facet normal 0.162825 0.986655 -0
    outer loop
      vertex 25.8891 1.15727 4.6
      vertex 25.8342 1.16633 11.6
      vertex 25.8891 1.15727 11.6
    endloop
  endfacet
  facet normal 0.162825 0.986655 0
    outer loop
      vertex 25.8342 1.16633 11.6
      vertex 25.8891 1.15727 4.6
      vertex 25.8342 1.16633 4.6
    endloop
  endfacet
  facet normal -0.729201 0.6843 0
    outer loop
      vertex 26.601 1.39896 4.6
      vertex 26.6391 1.43956 11.6
      vertex 26.6391 1.43956 4.6
    endloop
  endfacet
  facet normal -0.729201 0.6843 0
    outer loop
      vertex 26.6391 1.43956 11.6
      vertex 26.601 1.39896 4.6
      vertex 26.601 1.39896 11.6
    endloop
  endfacet
  facet normal 0.226946 0.973907 -0
    outer loop
      vertex 25.8342 1.16633 4.6
      vertex 25.78 1.17896 11.6
      vertex 25.8342 1.16633 11.6
    endloop
  endfacet
  facet normal 0.226946 0.973907 0
    outer loop
      vertex 25.78 1.17896 11.6
      vertex 25.8342 1.16633 4.6
      vertex 25.78 1.17896 4.6
    endloop
  endfacet
  facet normal -0.683534 0.729918 0
    outer loop
      vertex 26.601 1.39896 4.6
      vertex 26.5604 1.36094 11.6
      vertex 26.601 1.39896 11.6
    endloop
  endfacet
  facet normal -0.683534 0.729918 0
    outer loop
      vertex 26.5604 1.36094 11.6
      vertex 26.601 1.39896 4.6
      vertex 26.5604 1.36094 4.6
    endloop
  endfacet
  facet normal 0.986818 0.161832 0
    outer loop
      vertex 25.1663 1.83417 11.6
      vertex 25.1573 1.88905 4.6
      vertex 25.1573 1.88905 11.6
    endloop
  endfacet
  facet normal 0.986818 0.161832 0
    outer loop
      vertex 25.1573 1.88905 4.6
      vertex 25.1663 1.83417 11.6
      vertex 25.1663 1.83417 4.6
    endloop
  endfacet
  facet normal 0 0 1
    outer loop
      vertex 26.8482 2.05559 4.6
      vertex 26.8482 1.94441 4.6
      vertex 26.85 2 4.6
    endloop
  endfacet
  facet normal 0 0 1
    outer loop
      vertex 26.8427 2.11095 4.6
      vertex 26.8482 1.94441 4.6
      vertex 26.8482 2.05559 4.6
    endloop
  endfacet
  facet normal 0 0 1
    outer loop
      vertex 26.8427 2.11095 4.6
      vertex 26.8427 1.88905 4.6
      vertex 26.8482 1.94441 4.6
    endloop
  endfacet
  facet normal 0 0 1
    outer loop
      vertex 26.8337 2.16583 4.6
      vertex 26.8427 1.88905 4.6
      vertex 26.8427 2.11095 4.6
    endloop
  endfacet
  facet normal 0 0 1
    outer loop
      vertex 26.8337 2.16583 4.6
      vertex 26.8337 1.83417 4.6
      vertex 26.8427 1.88905 4.6
    endloop
  endfacet
  facet normal 0 0 1
    outer loop
      vertex 26.821 2.22 4.6
      vertex 26.8337 1.83417 4.6
      vertex 26.8337 2.16583 4.6
    endloop
  endfacet
  facet normal 0 0 1
    outer loop
      vertex 26.821 2.22 4.6
      vertex 26.821 1.78 4.6
      vertex 26.8337 1.83417 4.6
    endloop
  endfacet
  facet normal 0 0 1
    outer loop
      vertex 26.8049 2.27322 4.6
      vertex 26.821 1.78 4.6
      vertex 26.821 2.22 4.6
    endloop
  endfacet
  facet normal 0 0 1
    outer loop
      vertex 26.8049 2.27322 4.6
      vertex 26.8049 1.72678 4.6
      vertex 26.821 1.78 4.6
    endloop
  endfacet
  facet normal 0 0 1
    outer loop
      vertex 26.7853 2.32528 4.6
      vertex 26.8049 1.72678 4.6
      vertex 26.8049 2.27322 4.6
    endloop
  endfacet
  facet normal 0 0 1
    outer loop
      vertex 26.7853 2.32528 4.6
      vertex 26.7853 1.67472 4.6
      vertex 26.8049 1.72678 4.6
    endloop
  endfacet
  facet normal 0 0 1
    outer loop
      vertex 26.7623 2.37595 4.6
      vertex 26.7853 1.67472 4.6
      vertex 26.7853 2.32528 4.6
    endloop
  endfacet
  facet normal 0 0 1
    outer loop
      vertex 26.7623 2.37595 4.6
      vertex 26.7623 1.62405 4.6
      vertex 26.7853 1.67472 4.6
    endloop
  endfacet
  facet normal 0 0 1
    outer loop
      vertex 26.7361 2.425 4.6
      vertex 26.7623 1.62405 4.6
      vertex 26.7623 2.37595 4.6
    endloop
  endfacet
  facet normal 0 0 1
    outer loop
      vertex 26.7361 2.425 4.6
      vertex 26.7361 1.575 4.6
      vertex 26.7623 1.62405 4.6
    endloop
  endfacet
  facet normal 0 0 1
    outer loop
      vertex 26.7067 2.47223 4.6
      vertex 26.7361 1.575 4.6
      vertex 26.7361 2.425 4.6
    endloop
  endfacet
  facet normal 0 0 1
    outer loop
      vertex 26.7067 2.47223 4.6
      vertex 26.7067 1.52777 4.6
      vertex 26.7361 1.575 4.6
    endloop
  endfacet
  facet normal 0 0 1
    outer loop
      vertex 26.6744 2.51745 4.6
      vertex 26.7067 1.52777 4.6
      vertex 26.7067 2.47223 4.6
    endloop
  endfacet
  facet normal 0 0 1
    outer loop
      vertex 26.6744 2.51745 4.6
      vertex 26.6744 1.48255 4.6
      vertex 26.7067 1.52777 4.6
    endloop
  endfacet
  facet normal 0 0 1
    outer loop
      vertex 26.6391 2.56044 4.6
      vertex 26.6744 1.48255 4.6
      vertex 26.6744 2.51745 4.6
    endloop
  endfacet
  facet normal 0 0 1
    outer loop
      vertex 26.6391 2.56044 4.6
      vertex 26.6391 1.43956 4.6
      vertex 26.6744 1.48255 4.6
    endloop
  endfacet
  facet normal 0 0 1
    outer loop
      vertex 26.601 2.60104 4.6
      vertex 26.6391 1.43956 4.6
      vertex 26.6391 2.56044 4.6
    endloop
  endfacet
  facet normal 0 0 1
    outer loop
      vertex 26.601 2.60104 4.6
      vertex 26.601 1.39896 4.6
      vertex 26.6391 1.43956 4.6
    endloop
  endfacet
  facet normal 0 0 1
    outer loop
      vertex 26.5604 2.63906 4.6
      vertex 26.601 1.39896 4.6
      vertex 26.601 2.60104 4.6
    endloop
  endfacet
  facet normal 0 0 1
    outer loop
      vertex 26.5604 2.63906 4.6
      vertex 26.5604 1.36094 4.6
      vertex 26.601 1.39896 4.6
    endloop
  endfacet
  facet normal 0 0 1
    outer loop
      vertex 26.5174 2.67435 4.6
      vertex 26.5604 1.36094 4.6
      vertex 26.5604 2.63906 4.6
    endloop
  endfacet
  facet normal 0 0 1
    outer loop
      vertex 26.5174 2.67435 4.6
      vertex 26.5174 1.32565 4.6
      vertex 26.5604 1.36094 4.6
    endloop
  endfacet
  facet normal 0 0 1
    outer loop
      vertex 26.4722 2.70675 4.6
      vertex 26.5174 1.32565 4.6
      vertex 26.5174 2.67435 4.6
    endloop
  endfacet
  facet normal 0 0 1
    outer loop
      vertex 26.4722 2.70675 4.6
      vertex 26.4722 1.29325 4.6
      vertex 26.5174 1.32565 4.6
    endloop
  endfacet
  facet normal 0 0 1
    outer loop
      vertex 26.425 2.73612 4.6
      vertex 26.4722 1.29325 4.6
      vertex 26.4722 2.70675 4.6
    endloop
  endfacet
  facet normal 0 0 1
    outer loop
      vertex 26.425 2.73612 4.6
      vertex 26.425 1.26388 4.6
      vertex 26.4722 1.29325 4.6
    endloop
  endfacet
  facet normal 0 0 1
    outer loop
      vertex 26.3759 2.76234 4.6
      vertex 26.425 1.26388 4.6
      vertex 26.425 2.73612 4.6
    endloop
  endfacet
  facet normal 0 0 1
    outer loop
      vertex 26.3759 2.76234 4.6
      vertex 26.3759 1.23766 4.6
      vertex 26.425 1.26388 4.6
    endloop
  endfacet
  facet normal 0 0 1
    outer loop
      vertex 26.3253 2.7853 4.6
      vertex 26.3759 1.23766 4.6
      vertex 26.3759 2.76234 4.6
    endloop
  endfacet
  facet normal 0 0 1
    outer loop
      vertex 26.3253 2.7853 4.6
      vertex 26.3253 1.2147 4.6
      vertex 26.3759 1.23766 4.6
    endloop
  endfacet
  facet normal 0 0 1
    outer loop
      vertex 26.2732 2.80489 4.6
      vertex 26.3253 1.2147 4.6
      vertex 26.3253 2.7853 4.6
    endloop
  endfacet
  facet normal 0 0 1
    outer loop
      vertex 26.2732 2.80489 4.6
      vertex 26.2732 1.19511 4.6
      vertex 26.3253 1.2147 4.6
    endloop
  endfacet
  facet normal 0 0 1
    outer loop
      vertex 26.22 2.82104 4.6
      vertex 26.2732 1.19511 4.6
      vertex 26.2732 2.80489 4.6
    endloop
  endfacet
  facet normal 0 0 1
    outer loop
      vertex 26.22 2.82104 4.6
      vertex 26.22 1.17896 4.6
      vertex 26.2732 1.19511 4.6
    endloop
  endfacet
  facet normal 0 0 1
    outer loop
      vertex 26.1658 2.83367 4.6
      vertex 26.22 1.17896 4.6
      vertex 26.22 2.82104 4.6
    endloop
  endfacet
  facet normal 0 0 1
    outer loop
      vertex 26.1658 2.83367 4.6
      vertex 26.1658 1.16633 4.6
      vertex 26.22 1.17896 4.6
    endloop
  endfacet
  facet normal 0 0 1
    outer loop
      vertex 26.1109 2.84273 4.6
      vertex 26.1658 1.16633 4.6
      vertex 26.1658 2.83367 4.6
    endloop
  endfacet
  facet normal 0 0 1
    outer loop
      vertex 26.1109 2.84273 4.6
      vertex 26.1109 1.15727 4.6
      vertex 26.1658 1.16633 4.6
    endloop
  endfacet
  facet normal 0 0 1
    outer loop
      vertex 26.0556 2.84818 4.6
      vertex 26.1109 1.15727 4.6
      vertex 26.1109 2.84273 4.6
    endloop
  endfacet
  facet normal 0 0 1
    outer loop
      vertex 26.0556 2.84818 4.6
      vertex 26.0556 1.15182 4.6
      vertex 26.1109 1.15727 4.6
    endloop
  endfacet
  facet normal 0 0 1
    outer loop
      vertex 26 2.85 4.6
      vertex 26.0556 1.15182 4.6
      vertex 26.0556 2.84818 4.6
    endloop
  endfacet
  facet normal 0 0 1
    outer loop
      vertex 26 2.85 4.6
      vertex 26 1.15 4.6
      vertex 26.0556 1.15182 4.6
    endloop
  endfacet
  facet normal -0 0 1
    outer loop
      vertex 25.9444 2.84818 4.6
      vertex 26 1.15 4.6
      vertex 26 2.85 4.6
    endloop
  endfacet
  facet normal 0 0 1
    outer loop
      vertex 25.9444 2.84818 4.6
      vertex 25.9444 1.15182 4.6
      vertex 26 1.15 4.6
    endloop
  endfacet
  facet normal -0 0 1
    outer loop
      vertex 25.8891 2.84273 4.6
      vertex 25.9444 1.15182 4.6
      vertex 25.9444 2.84818 4.6
    endloop
  endfacet
  facet normal 0 0 1
    outer loop
      vertex 25.8891 2.84273 4.6
      vertex 25.8891 1.15727 4.6
      vertex 25.9444 1.15182 4.6
    endloop
  endfacet
  facet normal -0 0 1
    outer loop
      vertex 25.8342 2.83367 4.6
      vertex 25.8891 1.15727 4.6
      vertex 25.8891 2.84273 4.6
    endloop
  endfacet
  facet normal 0 0 1
    outer loop
      vertex 25.8342 2.83367 4.6
      vertex 25.8342 1.16633 4.6
      vertex 25.8891 1.15727 4.6
    endloop
  endfacet
  facet normal -0 0 1
    outer loop
      vertex 25.78 2.82104 4.6
      vertex 25.8342 1.16633 4.6
      vertex 25.8342 2.83367 4.6
    endloop
  endfacet
  facet normal 0 0 1
    outer loop
      vertex 25.78 2.82104 4.6
      vertex 25.78 1.17896 4.6
      vertex 25.8342 1.16633 4.6
    endloop
  endfacet
  facet normal -0 0 1
    outer loop
      vertex 25.7268 2.80489 4.6
      vertex 25.78 1.17896 4.6
      vertex 25.78 2.82104 4.6
    endloop
  endfacet
  facet normal 0 0 1
    outer loop
      vertex 25.7268 2.80489 4.6
      vertex 25.7268 1.19511 4.6
      vertex 25.78 1.17896 4.6
    endloop
  endfacet
  facet normal -0 0 1
    outer loop
      vertex 25.6747 2.7853 4.6
      vertex 25.7268 1.19511 4.6
      vertex 25.7268 2.80489 4.6
    endloop
  endfacet
  facet normal 0 0 1
    outer loop
      vertex 25.6747 2.7853 4.6
      vertex 25.6747 1.2147 4.6
      vertex 25.7268 1.19511 4.6
    endloop
  endfacet
  facet normal -0 0 1
    outer loop
      vertex 25.6241 2.76234 4.6
      vertex 25.6747 1.2147 4.6
      vertex 25.6747 2.7853 4.6
    endloop
  endfacet
  facet normal 0 0 1
    outer loop
      vertex 25.6241 2.76234 4.6
      vertex 25.6241 1.23766 4.6
      vertex 25.6747 1.2147 4.6
    endloop
  endfacet
  facet normal -0 0 1
    outer loop
      vertex 25.575 2.73612 4.6
      vertex 25.6241 1.23766 4.6
      vertex 25.6241 2.76234 4.6
    endloop
  endfacet
  facet normal 0 0 1
    outer loop
      vertex 25.575 2.73612 4.6
      vertex 25.575 1.26388 4.6
      vertex 25.6241 1.23766 4.6
    endloop
  endfacet
  facet normal -0 0 1
    outer loop
      vertex 25.5278 2.70675 4.6
      vertex 25.575 1.26388 4.6
      vertex 25.575 2.73612 4.6
    endloop
  endfacet
  facet normal 0 0 1
    outer loop
      vertex 25.5278 2.70675 4.6
      vertex 25.5278 1.29325 4.6
      vertex 25.575 1.26388 4.6
    endloop
  endfacet
  facet normal -0 0 1
    outer loop
      vertex 25.4826 2.67435 4.6
      vertex 25.5278 1.29325 4.6
      vertex 25.5278 2.70675 4.6
    endloop
  endfacet
  facet normal 0 0 1
    outer loop
      vertex 25.4826 2.67435 4.6
      vertex 25.4826 1.32565 4.6
      vertex 25.5278 1.29325 4.6
    endloop
  endfacet
  facet normal -0 0 1
    outer loop
      vertex 25.4396 2.63906 4.6
      vertex 25.4826 1.32565 4.6
      vertex 25.4826 2.67435 4.6
    endloop
  endfacet
  facet normal 0 0 1
    outer loop
      vertex 25.4396 2.63906 4.6
      vertex 25.4396 1.36094 4.6
      vertex 25.4826 1.32565 4.6
    endloop
  endfacet
  facet normal -0 0 1
    outer loop
      vertex 25.399 2.60104 4.6
      vertex 25.4396 1.36094 4.6
      vertex 25.4396 2.63906 4.6
    endloop
  endfacet
  facet normal 0 0 1
    outer loop
      vertex 25.399 2.60104 4.6
      vertex 25.399 1.39896 4.6
      vertex 25.4396 1.36094 4.6
    endloop
  endfacet
  facet normal -0 0 1
    outer loop
      vertex 25.3609 2.56044 4.6
      vertex 25.399 1.39896 4.6
      vertex 25.399 2.60104 4.6
    endloop
  endfacet
  facet normal 0 0 1
    outer loop
      vertex 25.3609 2.56044 4.6
      vertex 25.3609 1.43956 4.6
      vertex 25.399 1.39896 4.6
    endloop
  endfacet
  facet normal -0 0 1
    outer loop
      vertex 25.3256 2.51745 4.6
      vertex 25.3609 1.43956 4.6
      vertex 25.3609 2.56044 4.6
    endloop
  endfacet
  facet normal 0 0 1
    outer loop
      vertex 25.3256 2.51745 4.6
      vertex 25.3256 1.48255 4.6
      vertex 25.3609 1.43956 4.6
    endloop
  endfacet
  facet normal -0 0 1
    outer loop
      vertex 25.2933 2.47223 4.6
      vertex 25.3256 1.48255 4.6
      vertex 25.3256 2.51745 4.6
    endloop
  endfacet
  facet normal 0 0 1
    outer loop
      vertex 25.2933 2.47223 4.6
      vertex 25.2933 1.52777 4.6
      vertex 25.3256 1.48255 4.6
    endloop
  endfacet
  facet normal -0 0 1
    outer loop
      vertex 25.2639 2.425 4.6
      vertex 25.2933 1.52777 4.6
      vertex 25.2933 2.47223 4.6
    endloop
  endfacet
  facet normal 0 0 1
    outer loop
      vertex 25.2639 2.425 4.6
      vertex 25.2639 1.575 4.6
      vertex 25.2933 1.52777 4.6
    endloop
  endfacet
  facet normal -0 0 1
    outer loop
      vertex 25.2377 2.37595 4.6
      vertex 25.2639 1.575 4.6
      vertex 25.2639 2.425 4.6
    endloop
  endfacet
  facet normal 0 0 1
    outer loop
      vertex 25.2377 2.37595 4.6
      vertex 25.2377 1.62405 4.6
      vertex 25.2639 1.575 4.6
    endloop
  endfacet
  facet normal -0 0 1
    outer loop
      vertex 25.2147 2.32528 4.6
      vertex 25.2377 1.62405 4.6
      vertex 25.2377 2.37595 4.6
    endloop
  endfacet
  facet normal 0 0 1
    outer loop
      vertex 25.2147 2.32528 4.6
      vertex 25.2147 1.67472 4.6
      vertex 25.2377 1.62405 4.6
    endloop
  endfacet
  facet normal -0 0 1
    outer loop
      vertex 25.1951 2.27322 4.6
      vertex 25.2147 1.67472 4.6
      vertex 25.2147 2.32528 4.6
    endloop
  endfacet
  facet normal 0 0 1
    outer loop
      vertex 25.1951 2.27322 4.6
      vertex 25.1951 1.72678 4.6
      vertex 25.2147 1.67472 4.6
    endloop
  endfacet
  facet normal -0 0 1
    outer loop
      vertex 25.179 2.22 4.6
      vertex 25.1951 1.72678 4.6
      vertex 25.1951 2.27322 4.6
    endloop
  endfacet
  facet normal 0 0 1
    outer loop
      vertex 25.179 2.22 4.6
      vertex 25.179 1.78 4.6
      vertex 25.1951 1.72678 4.6
    endloop
  endfacet
  facet normal -0 0 1
    outer loop
      vertex 25.1663 2.16583 4.6
      vertex 25.179 1.78 4.6
      vertex 25.179 2.22 4.6
    endloop
  endfacet
  facet normal 0 0 1
    outer loop
      vertex 25.1663 2.16583 4.6
      vertex 25.1663 1.83417 4.6
      vertex 25.179 1.78 4.6
    endloop
  endfacet
  facet normal -0 0 1
    outer loop
      vertex 25.1573 2.11095 4.6
      vertex 25.1663 1.83417 4.6
      vertex 25.1663 2.16583 4.6
    endloop
  endfacet
  facet normal 0 0 1
    outer loop
      vertex 25.1573 2.11095 4.6
      vertex 25.1573 1.88905 4.6
      vertex 25.1663 1.83417 4.6
    endloop
  endfacet
  facet normal -0 0 1
    outer loop
      vertex 25.1518 2.05559 4.6
      vertex 25.1573 1.88905 4.6
      vertex 25.1573 2.11095 4.6
    endloop
  endfacet
  facet normal 0 0 1
    outer loop
      vertex 25.1518 2.05559 4.6
      vertex 25.1518 1.94441 4.6
      vertex 25.1573 1.88905 4.6
    endloop
  endfacet
  facet normal 0 -0 1
    outer loop
      vertex 25.1518 1.94441 4.6
      vertex 25.1518 2.05559 4.6
      vertex 25.15 2 4.6
    endloop
  endfacet
  facet normal -0.634402 -0.773003 0
    outer loop
      vertex 26.5174 2.67435 4.6
      vertex 26.5604 2.63906 11.6
      vertex 26.5174 2.67435 11.6
    endloop
  endfacet
  facet normal -0.634402 -0.773003 -0
    outer loop
      vertex 26.5604 2.63906 11.6
      vertex 26.5174 2.67435 4.6
      vertex 26.5604 2.63906 4.6
    endloop
  endfacet
  facet normal 0.910582 -0.413329 0
    outer loop
      vertex 25.2147 2.32528 11.6
      vertex 25.2377 2.37595 4.6
      vertex 25.2377 2.37595 11.6
    endloop
  endfacet
  facet normal 0.910582 -0.413329 0
    outer loop
      vertex 25.2377 2.37595 4.6
      vertex 25.2147 2.32528 11.6
      vertex 25.2147 2.32528 4.6
    endloop
  endfacet
  facet normal 0.729201 0.6843 0
    outer loop
      vertex 25.399 1.39896 11.6
      vertex 25.3609 1.43956 4.6
      vertex 25.3609 1.43956 11.6
    endloop
  endfacet
  facet normal 0.729201 0.6843 0
    outer loop
      vertex 25.3609 1.43956 4.6
      vertex 25.399 1.39896 11.6
      vertex 25.399 1.39896 4.6
    endloop
  endfacet
  facet normal 0.683534 0.729918 -0
    outer loop
      vertex 25.4396 1.36094 4.6
      vertex 25.399 1.39896 11.6
      vertex 25.4396 1.36094 11.6
    endloop
  endfacet
  facet normal 0.683534 0.729918 0
    outer loop
      vertex 25.399 1.39896 11.6
      vertex 25.4396 1.36094 4.6
      vertex 25.399 1.39896 4.6
    endloop
  endfacet
  facet normal 0.528316 -0.849048 0
    outer loop
      vertex 25.5278 2.70675 4.6
      vertex 25.575 2.73612 11.6
      vertex 25.5278 2.70675 11.6
    endloop
  endfacet
  facet normal 0.528316 -0.849048 0
    outer loop
      vertex 25.575 2.73612 11.6
      vertex 25.5278 2.70675 4.6
      vertex 25.575 2.73612 4.6
    endloop
  endfacet
  facet normal 0.683534 -0.729918 0
    outer loop
      vertex 25.399 2.60104 4.6
      vertex 25.4396 2.63906 11.6
      vertex 25.399 2.60104 11.6
    endloop
  endfacet
  facet normal 0.683534 -0.729918 0
    outer loop
      vertex 25.4396 2.63906 11.6
      vertex 25.399 2.60104 4.6
      vertex 25.4396 2.63906 4.6
    endloop
  endfacet
  facet normal 0.995101 -0.098863 0
    outer loop
      vertex 25.1518 2.05559 11.6
      vertex 25.1573 2.11095 4.6
      vertex 25.1573 2.11095 11.6
    endloop
  endfacet
  facet normal 0.995101 -0.098863 0
    outer loop
      vertex 25.1573 2.11095 4.6
      vertex 25.1518 2.05559 11.6
      vertex 25.1518 2.05559 4.6
    endloop
  endfacet
  facet normal 0.162825 -0.986655 0
    outer loop
      vertex 25.8342 2.83367 4.6
      vertex 25.8891 2.84273 11.6
      vertex 25.8342 2.83367 11.6
    endloop
  endfacet
  facet normal 0.162825 -0.986655 0
    outer loop
      vertex 25.8891 2.84273 11.6
      vertex 25.8342 2.83367 4.6
      vertex 25.8891 2.84273 4.6
    endloop
  endfacet
  facet normal 0.413206 -0.910637 0
    outer loop
      vertex 25.6241 2.76234 4.6
      vertex 25.6747 2.7853 11.6
      vertex 25.6241 2.76234 11.6
    endloop
  endfacet
  facet normal 0.413206 -0.910637 0
    outer loop
      vertex 25.6747 2.7853 11.6
      vertex 25.6241 2.76234 4.6
      vertex 25.6747 2.7853 4.6
    endloop
  endfacet
  facet normal 0.471054 0.882104 -0
    outer loop
      vertex 25.6241 1.23766 4.6
      vertex 25.575 1.26388 11.6
      vertex 25.6241 1.23766 11.6
    endloop
  endfacet
  facet normal 0.471054 0.882104 0
    outer loop
      vertex 25.575 1.26388 11.6
      vertex 25.6241 1.23766 4.6
      vertex 25.575 1.26388 4.6
    endloop
  endfacet
  facet normal -0.813733 -0.581238 0
    outer loop
      vertex 26.7067 2.47223 4.6
      vertex 26.6744 2.51745 11.6
      vertex 26.6744 2.51745 4.6
    endloop
  endfacet
  facet normal -0.813733 -0.581238 0
    outer loop
      vertex 26.6744 2.51745 11.6
      vertex 26.7067 2.47223 4.6
      vertex 26.7067 2.47223 11.6
    endloop
  endfacet
  facet normal 0.729201 -0.6843 0
    outer loop
      vertex 25.3609 2.56044 11.6
      vertex 25.399 2.60104 4.6
      vertex 25.399 2.60104 11.6
    endloop
  endfacet
  facet normal 0.729201 -0.6843 0
    outer loop
      vertex 25.399 2.60104 4.6
      vertex 25.3609 2.56044 11.6
      vertex 25.3609 2.56044 4.6
    endloop
  endfacet
  facet normal -0.0327163 0.999465 0
    outer loop
      vertex 26.0556 1.15182 4.6
      vertex 26 1.15 11.6
      vertex 26.0556 1.15182 11.6
    endloop
  endfacet
  facet normal -0.0327163 0.999465 0
    outer loop
      vertex 26 1.15 11.6
      vertex 26.0556 1.15182 4.6
      vertex 26 1.15 4.6
    endloop
  endfacet
  facet normal -0.162825 -0.986655 0
    outer loop
      vertex 26.1109 2.84273 4.6
      vertex 26.1658 2.83367 11.6
      vertex 26.1109 2.84273 11.6
    endloop
  endfacet
  facet normal -0.162825 -0.986655 -0
    outer loop
      vertex 26.1658 2.83367 11.6
      vertex 26.1109 2.84273 4.6
      vertex 26.1658 2.83367 4.6
    endloop
  endfacet
  facet normal -0.290482 0.956881 0
    outer loop
      vertex 26.2732 1.19511 4.6
      vertex 26.22 1.17896 11.6
      vertex 26.2732 1.19511 11.6
    endloop
  endfacet
  facet normal -0.290482 0.956881 0
    outer loop
      vertex 26.22 1.17896 11.6
      vertex 26.2732 1.19511 4.6
      vertex 26.22 1.17896 4.6
    endloop
  endfacet
  facet normal 0.882054 -0.471148 0
    outer loop
      vertex 25.2377 2.37595 11.6
      vertex 25.2639 2.425 4.6
      vertex 25.2639 2.425 11.6
    endloop
  endfacet
  facet normal 0.882054 -0.471148 0
    outer loop
      vertex 25.2639 2.425 4.6
      vertex 25.2377 2.37595 11.6
      vertex 25.2377 2.37595 4.6
    endloop
  endfacet
  facet normal 0.95716 -0.289558 0
    outer loop
      vertex 25.179 2.22 11.6
      vertex 25.1951 2.27322 4.6
      vertex 25.1951 2.27322 11.6
    endloop
  endfacet
  facet normal 0.95716 -0.289558 0
    outer loop
      vertex 25.1951 2.27322 4.6
      vertex 25.179 2.22 11.6
      vertex 25.179 2.22 4.6
    endloop
  endfacet
  facet normal 0.93587 -0.352345 0
    outer loop
      vertex 25.1951 2.27322 11.6
      vertex 25.2147 2.32528 4.6
      vertex 25.2147 2.32528 11.6
    endloop
  endfacet
  facet normal 0.93587 -0.352345 0
    outer loop
      vertex 25.2147 2.32528 4.6
      vertex 25.1951 2.27322 11.6
      vertex 25.1951 2.27322 4.6
    endloop
  endfacet
  facet normal 0.582598 -0.81276 0
    outer loop
      vertex 25.4826 2.67435 4.6
      vertex 25.5278 2.70675 11.6
      vertex 25.4826 2.67435 11.6
    endloop
  endfacet
  facet normal 0.582598 -0.81276 0
    outer loop
      vertex 25.5278 2.70675 11.6
      vertex 25.4826 2.67435 4.6
      vertex 25.5278 2.70675 4.6
    endloop
  endfacet
  facet normal 0 1 -0
    outer loop
      vertex -29.9538 3.3 1.6
      vertex -31.5615 3.3 11.6
      vertex -29.9538 3.3 11.6
    endloop
  endfacet
  facet normal 0 1 0
    outer loop
      vertex -31.5615 3.3 11.6
      vertex -29.9538 3.3 1.6
      vertex -31.5615 3.3 1.6
    endloop
  endfacet
  facet normal 0 -1 0
    outer loop
      vertex -27.232 16.3 1.6
      vertex -25.3479 16.3 11.6
      vertex -27.232 16.3 11.6
    endloop
  endfacet
  facet normal 0 -1 -0
    outer loop
      vertex -25.3479 16.3 11.6
      vertex -27.232 16.3 1.6
      vertex -25.3479 16.3 1.6
    endloop
  endfacet
endsolid OpenSCAD_Model
